transaction_id,event_ts,amount,merchant_category,channel,country_risk,prior_chargebacks,velocity_24h,account_age_days,is_weekend,is_fraud,chargeback_loss
1,2025-01-01T00:00:00,219.2,Dining,ATM,2,0,2,160,0,0,0.0
2,2025-01-01T02:00:00,91.86,Dining,Mobile,2,0,1,867,0,0,0.0
3,2025-01-01T04:00:00,216.15,Subscription,Card Present,1,0,3,523,0,0,0.0
4,2025-01-01T06:00:00,49.88,Retail,Online,1,0,4,300,0,0,0.0
5,2025-01-01T08:00:00,156.79,Dining,Card Present,1,0,5,504,0,0,0.0
6,2025-01-01T10:00:00,221.08,Travel,ATM,1,0,2,377,0,0,0.0
7,2025-01-01T12:00:00,152.85,Travel,ATM,1,1,4,515,0,0,0.0
8,2025-01-01T14:00:00,297.91,Subscription,Card Present,2,0,1,410,0,0,0.0
9,2025-01-01T16:00:00,259.24,Electronics,Card Present,2,0,3,413,0,0,0.0
10,2025-01-01T18:00:00,240.45,Electronics,ATM,2,0,1,505,0,0,0.0
11,2025-01-01T20:00:00,75.72,Retail,ATM,1,0,4,665,0,0,0.0
12,2025-01-01T22:00:00,181.25,Retail,Online,2,1,3,601,0,0,0.0
13,2025-01-02T00:00:00,113.11,Cash Advance,Mobile,2,2,5,134,0,0,0.0
14,2025-01-02T02:00:00,39.48,Dining,Mobile,1,0,1,263,0,0,0.0
15,2025-01-02T04:00:00,78.12,Retail,Card Present,1,1,2,683,0,0,0.0
16,2025-01-02T06:00:00,78.48,Subscription,Card Present,3,1,4,383,0,0,0.0
17,2025-01-02T08:00:00,155.34,Cash Advance,Card Present,1,1,4,448,0,0,0.0
18,2025-01-02T10:00:00,216.04,Electronics,Mobile,1,0,2,318,0,0,0.0
19,2025-01-02T12:00:00,223.98,Subscription,Card Present,1,4,2,661,0,0,0.0
20,2025-01-02T14:00:00,108.84,Electronics,Card Present,1,1,3,162,0,0,0.0
21,2025-01-02T16:00:00,375.88,Cash Advance,Card Present,2,0,5,512,0,0,0.0
22,2025-01-02T18:00:00,298.35,Dining,Online,1,0,1,295,0,0,0.0
23,2025-01-02T20:00:00,156.98,Travel,Card Present,1,1,5,417,0,0,0.0
24,2025-01-02T22:00:00,314.82,Dining,Card Present,1,1,4,733,0,0,0.0
25,2025-01-03T00:00:00,227.64,Travel,Online,2,2,2,505,0,0,0.0
26,2025-01-03T02:00:00,264.76,Travel,ATM,2,1,2,278,0,0,0.0
27,2025-01-03T04:00:00,99.74,Retail,Card Present,2,0,3,452,0,0,0.0
28,2025-01-03T06:00:00,165.12,Subscription,Mobile,1,0,5,456,0,0,0.0
29,2025-01-03T08:00:00,189.12,Retail,ATM,3,0,2,523,0,0,0.0
30,2025-01-03T10:00:00,180.15,Dining,Online,3,1,4,245,0,0,0.0
31,2025-01-03T12:00:00,174.29,Dining,Card Present,2,0,2,482,0,0,0.0
32,2025-01-03T14:00:00,112.42,Dining,Card Present,1,0,5,408,0,0,0.0
33,2025-01-03T16:00:00,110.07,Retail,Mobile,3,0,5,210,0,0,0.0
34,2025-01-03T18:00:00,142.86,Retail,Online,2,0,3,324,0,0,0.0
35,2025-01-03T20:00:00,61.93,Cash Advance,ATM,1,0,4,400,0,0,0.0
36,2025-01-03T22:00:00,234.06,Travel,Card Present,1,0,3,461,0,0,0.0
37,2025-01-04T00:00:00,136.95,Dining,Card Present,1,0,3,581,1,0,0.0
38,2025-01-04T02:00:00,127.81,Retail,Card Present,3,0,3,497,1,0,0.0
39,2025-01-04T04:00:00,225.82,Dining,Online,2,0,3,632,1,0,0.0
40,2025-01-04T06:00:00,215.91,Dining,Mobile,1,0,2,726,1,0,0.0
41,2025-01-04T08:00:00,156.27,Retail,ATM,1,0,1,312,1,0,0.0
42,2025-01-04T10:00:00,284.98,Travel,Online,1,0,2,7,1,1,214.33
43,2025-01-04T12:00:00,254.68,Retail,Card Present,1,0,3,375,1,0,0.0
44,2025-01-04T14:00:00,122.59,Retail,Card Present,1,0,5,569,1,0,0.0
45,2025-01-04T16:00:00,138.82,Subscription,Online,1,0,3,374,1,0,0.0
46,2025-01-04T18:00:00,151.7,Dining,Mobile,1,0,5,528,1,0,0.0
47,2025-01-04T20:00:00,108.81,Subscription,Card Present,1,0,4,728,1,0,0.0
48,2025-01-04T22:00:00,199.72,Dining,ATM,2,1,3,581,1,0,0.0
49,2025-01-05T00:00:00,140.96,Electronics,Mobile,1,1,5,244,1,0,0.0
50,2025-01-05T02:00:00,112.14,Cash Advance,ATM,2,0,5,494,1,0,0.0
51,2025-01-05T04:00:00,164.24,Cash Advance,ATM,2,0,3,605,1,0,0.0
52,2025-01-05T06:00:00,149.29,Retail,Online,2,0,1,171,1,0,0.0
53,2025-01-05T08:00:00,184.36,Dining,Card Present,2,0,4,142,1,0,0.0
54,2025-01-05T10:00:00,108.68,Dining,Mobile,3,0,5,654,1,0,0.0
55,2025-01-05T12:00:00,104.58,Subscription,Online,3,0,3,475,1,0,0.0
56,2025-01-05T14:00:00,132.38,Travel,ATM,1,1,1,459,1,0,0.0
57,2025-01-05T16:00:00,68.93,Retail,ATM,3,0,3,199,1,0,0.0
58,2025-01-05T18:00:00,310.43,Cash Advance,ATM,1,1,3,201,1,0,0.0
59,2025-01-05T20:00:00,285.06,Electronics,ATM,1,0,2,277,1,0,0.0
60,2025-01-05T22:00:00,219.58,Subscription,Mobile,1,1,4,404,1,0,0.0
61,2025-01-06T00:00:00,200.28,Cash Advance,Mobile,1,0,5,407,0,0,0.0
62,2025-01-06T02:00:00,156.56,Travel,Online,3,0,3,244,0,0,0.0
63,2025-01-06T04:00:00,141.71,Cash Advance,ATM,1,0,3,575,0,0,0.0
64,2025-01-06T06:00:00,198.37,Retail,ATM,1,0,1,488,0,0,0.0
65,2025-01-06T08:00:00,82.34,Electronics,Online,3,0,4,313,0,0,0.0
66,2025-01-06T10:00:00,445.85,Cash Advance,Mobile,1,1,3,482,0,0,0.0
67,2025-01-06T12:00:00,552.13,Retail,Mobile,1,0,3,453,0,0,0.0
68,2025-01-06T14:00:00,210.7,Subscription,Mobile,1,0,5,225,0,0,0.0
69,2025-01-06T16:00:00,193.26,Dining,Online,1,1,2,474,0,0,0.0
70,2025-01-06T18:00:00,207.38,Electronics,Mobile,2,1,4,211,0,0,0.0
71,2025-01-06T20:00:00,229.38,Travel,Card Present,1,1,4,390,0,0,0.0
72,2025-01-06T22:00:00,161.93,Travel,Online,1,0,1,683,0,0,0.0
73,2025-01-07T00:00:00,48.32,Cash Advance,Card Present,1,0,2,699,0,0,0.0
74,2025-01-07T02:00:00,287.09,Retail,ATM,1,0,3,611,0,0,0.0
75,2025-01-07T04:00:00,118.29,Retail,Online,1,0,3,593,0,0,0.0
76,2025-01-07T06:00:00,560.63,Dining,Mobile,2,1,4,467,0,0,0.0
77,2025-01-07T08:00:00,171.21,Cash Advance,Mobile,3,0,3,414,0,0,0.0
78,2025-01-07T10:00:00,81.57,Retail,Card Present,1,0,3,656,0,0,0.0
79,2025-01-07T12:00:00,273.54,Electronics,Mobile,1,0,1,397,0,0,0.0
80,2025-01-07T14:00:00,144.62,Dining,Online,1,0,2,474,0,0,0.0
81,2025-01-07T16:00:00,46.5,Cash Advance,Mobile,1,1,3,441,0,0,0.0
82,2025-01-07T18:00:00,120.37,Subscription,Mobile,2,2,3,199,0,0,0.0
83,2025-01-07T20:00:00,308.63,Subscription,Online,1,0,2,297,0,0,0.0
84,2025-01-07T22:00:00,270.14,Electronics,Card Present,1,0,3,287,0,0,0.0
85,2025-01-08T00:00:00,511.11,Subscription,ATM,2,1,1,628,0,0,0.0
86,2025-01-08T02:00:00,389.72,Retail,Online,1,0,3,858,0,0,0.0
87,2025-01-08T04:00:00,91.49,Subscription,Card Present,2,2,5,471,0,0,0.0
88,2025-01-08T06:00:00,111.75,Dining,ATM,1,0,2,247,0,0,0.0
89,2025-01-08T08:00:00,102.77,Travel,Online,1,0,1,314,0,0,0.0
90,2025-01-08T10:00:00,243.12,Dining,Mobile,2,0,1,483,0,0,0.0
91,2025-01-08T12:00:00,65.84,Retail,ATM,1,1,3,304,0,0,0.0
92,2025-01-08T14:00:00,78.97,Dining,Mobile,1,0,4,294,0,0,0.0
93,2025-01-08T16:00:00,322.52,Cash Advance,Mobile,2,1,1,366,0,0,0.0
94,2025-01-08T18:00:00,318.8,Dining,Mobile,2,0,3,330,0,0,0.0
95,2025-01-08T20:00:00,200.16,Subscription,Online,2,1,1,268,0,0,0.0
96,2025-01-08T22:00:00,98.65,Subscription,ATM,1,0,2,232,0,0,0.0
97,2025-01-09T00:00:00,25.68,Travel,ATM,1,1,3,403,0,0,0.0
98,2025-01-09T02:00:00,273.65,Dining,Card Present,2,1,2,390,0,0,0.0
99,2025-01-09T04:00:00,94.9,Retail,Card Present,2,0,3,448,0,0,0.0
100,2025-01-09T06:00:00,138.43,Electronics,ATM,3,0,3,656,0,0,0.0
101,2025-01-09T08:00:00,224.29,Electronics,Card Present,1,0,2,251,0,0,0.0
102,2025-01-09T10:00:00,217.96,Cash Advance,ATM,1,0,3,260,0,0,0.0
103,2025-01-09T12:00:00,146.07,Travel,ATM,1,0,1,490,0,0,0.0
104,2025-01-09T14:00:00,99.8,Cash Advance,ATM,1,2,3,315,0,0,0.0
105,2025-01-09T16:00:00,131.4,Travel,ATM,1,0,1,575,0,0,0.0
106,2025-01-09T18:00:00,216.93,Dining,Online,1,1,6,333,0,0,0.0
107,2025-01-09T20:00:00,68.04,Travel,Mobile,2,1,3,390,0,0,0.0
108,2025-01-09T22:00:00,123.59,Dining,Online,2,0,3,168,0,0,0.0
109,2025-01-10T00:00:00,179.79,Travel,ATM,1,3,3,254,0,0,0.0
110,2025-01-10T02:00:00,316.14,Dining,ATM,1,0,2,618,0,0,0.0
111,2025-01-10T04:00:00,87.39,Dining,Mobile,1,0,5,384,0,0,0.0
112,2025-01-10T06:00:00,101.27,Electronics,Online,1,0,4,404,0,0,0.0
113,2025-01-10T08:00:00,273.98,Retail,Mobile,2,1,2,448,0,0,0.0
114,2025-01-10T10:00:00,66.88,Dining,ATM,1,1,3,460,0,0,0.0
115,2025-01-10T12:00:00,118.24,Subscription,Online,1,0,1,254,0,0,0.0
116,2025-01-10T14:00:00,316.75,Dining,Mobile,1,0,2,468,0,0,0.0
117,2025-01-10T16:00:00,98.38,Subscription,Online,1,0,4,291,0,0,0.0
118,2025-01-10T18:00:00,54.58,Travel,Online,1,0,5,529,0,0,0.0
119,2025-01-10T20:00:00,320.66,Electronics,Online,1,2,3,465,0,1,292.39
120,2025-01-10T22:00:00,221.8,Electronics,Mobile,1,1,4,242,0,0,0.0
121,2025-01-11T00:00:00,31.72,Electronics,Mobile,2,1,2,372,1,0,0.0
122,2025-01-11T02:00:00,193.81,Dining,ATM,2,2,4,562,1,0,0.0
123,2025-01-11T04:00:00,90.79,Travel,Mobile,2,1,1,505,1,0,0.0
124,2025-01-11T06:00:00,196.0,Retail,Mobile,1,0,3,487,1,0,0.0
125,2025-01-11T08:00:00,102.61,Electronics,ATM,1,0,3,543,1,0,0.0
126,2025-01-11T10:00:00,528.49,Retail,Mobile,1,0,4,548,1,0,0.0
127,2025-01-11T12:00:00,202.48,Travel,ATM,2,0,2,416,1,0,0.0
128,2025-01-11T14:00:00,260.65,Cash Advance,ATM,1,0,1,321,1,0,0.0
129,2025-01-11T16:00:00,228.24,Cash Advance,Mobile,2,0,2,231,1,0,0.0
130,2025-01-11T18:00:00,190.42,Dining,ATM,2,0,5,286,1,0,0.0
131,2025-01-11T20:00:00,236.04,Subscription,Online,1,0,2,280,1,0,0.0
132,2025-01-11T22:00:00,90.54,Retail,Online,2,0,1,178,1,0,0.0
133,2025-01-12T00:00:00,39.39,Cash Advance,Card Present,1,0,4,322,1,0,0.0
134,2025-01-12T02:00:00,179.54,Retail,Online,2,0,2,682,1,0,0.0
135,2025-01-12T04:00:00,464.7,Cash Advance,Online,2,1,4,326,1,0,0.0
136,2025-01-12T06:00:00,90.47,Retail,Online,1,1,3,435,1,0,0.0
137,2025-01-12T08:00:00,363.41,Subscription,Online,1,0,2,397,1,0,0.0
138,2025-01-12T10:00:00,214.5,Retail,Mobile,3,1,1,736,1,0,0.0
139,2025-01-12T12:00:00,73.62,Retail,ATM,1,0,2,605,1,0,0.0
140,2025-01-12T14:00:00,439.94,Electronics,ATM,1,0,5,330,1,0,0.0
141,2025-01-12T16:00:00,252.68,Travel,ATM,1,1,4,386,1,0,0.0
142,2025-01-12T18:00:00,125.55,Subscription,ATM,1,0,3,415,1,0,0.0
143,2025-01-12T20:00:00,417.84,Electronics,Online,2,1,1,471,1,0,0.0
144,2025-01-12T22:00:00,251.94,Electronics,ATM,1,0,4,254,1,0,0.0
145,2025-01-13T00:00:00,85.39,Retail,Online,3,0,4,283,0,0,0.0
146,2025-01-13T02:00:00,366.09,Travel,ATM,1,0,2,437,0,0,0.0
147,2025-01-13T04:00:00,70.37,Dining,Online,1,1,3,434,0,0,0.0
148,2025-01-13T06:00:00,243.26,Cash Advance,Mobile,1,0,3,555,0,0,0.0
149,2025-01-13T08:00:00,63.35,Cash Advance,ATM,1,0,3,479,0,0,0.0
150,2025-01-13T10:00:00,91.15,Travel,Online,1,0,2,454,0,0,0.0
151,2025-01-13T12:00:00,308.5,Dining,ATM,1,1,3,357,0,0,0.0
152,2025-01-13T14:00:00,89.82,Dining,Card Present,1,0,3,343,0,0,0.0
153,2025-01-13T16:00:00,465.51,Travel,Card Present,2,0,3,296,0,0,0.0
154,2025-01-13T18:00:00,142.38,Subscription,ATM,2,0,5,299,0,0,0.0
155,2025-01-13T20:00:00,113.67,Electronics,Card Present,2,0,3,377,0,0,0.0
156,2025-01-13T22:00:00,132.35,Dining,Card Present,2,0,1,409,0,0,0.0
157,2025-01-14T00:00:00,96.33,Electronics,Online,1,0,3,292,0,0,0.0
158,2025-01-14T02:00:00,120.63,Dining,ATM,3,0,4,108,0,0,0.0
159,2025-01-14T04:00:00,181.7,Dining,Online,1,0,2,637,0,0,0.0
160,2025-01-14T06:00:00,167.36,Dining,ATM,2,1,4,363,0,0,0.0
161,2025-01-14T08:00:00,122.56,Subscription,Mobile,2,0,2,222,0,0,0.0
162,2025-01-14T10:00:00,96.34,Dining,Mobile,2,0,3,406,0,0,0.0
163,2025-01-14T12:00:00,211.09,Cash Advance,ATM,2,0,1,376,0,0,0.0
164,2025-01-14T14:00:00,163.7,Dining,ATM,2,1,2,283,0,0,0.0
165,2025-01-14T16:00:00,229.26,Subscription,Card Present,2,0,1,613,0,0,0.0
166,2025-01-14T18:00:00,335.88,Subscription,Mobile,1,0,3,335,0,0,0.0
167,2025-01-14T20:00:00,284.52,Cash Advance,Online,2,1,2,350,0,0,0.0
168,2025-01-14T22:00:00,101.75,Travel,ATM,2,0,1,589,0,0,0.0
169,2025-01-15T00:00:00,120.18,Travel,Online,3,0,3,285,0,0,0.0
170,2025-01-15T02:00:00,315.83,Subscription,Card Present,1,1,1,333,0,0,0.0
171,2025-01-15T04:00:00,253.53,Subscription,ATM,2,0,1,304,0,0,0.0
172,2025-01-15T06:00:00,218.73,Cash Advance,Card Present,2,1,3,489,0,0,0.0
173,2025-01-15T08:00:00,136.94,Cash Advance,Online,1,0,1,32,0,0,0.0
174,2025-01-15T10:00:00,175.14,Travel,Online,3,0,4,328,0,0,0.0
175,2025-01-15T12:00:00,151.27,Retail,Mobile,3,0,2,547,0,0,0.0
176,2025-01-15T14:00:00,181.18,Travel,ATM,1,2,3,328,0,0,0.0
177,2025-01-15T16:00:00,257.78,Dining,Card Present,1,1,2,360,0,0,0.0
178,2025-01-15T18:00:00,158.36,Retail,Card Present,1,0,2,598,0,0,0.0
179,2025-01-15T20:00:00,87.32,Travel,Online,3,1,4,456,0,0,0.0
180,2025-01-15T22:00:00,247.59,Travel,Online,1,2,2,262,0,0,0.0
181,2025-01-16T00:00:00,185.92,Subscription,Card Present,3,0,4,876,0,0,0.0
182,2025-01-16T02:00:00,37.45,Subscription,Card Present,2,0,2,396,0,0,0.0
183,2025-01-16T04:00:00,278.61,Dining,Mobile,2,0,1,553,0,0,0.0
184,2025-01-16T06:00:00,80.59,Subscription,Online,1,0,3,440,0,0,0.0
185,2025-01-16T08:00:00,223.48,Subscription,ATM,1,0,3,388,0,0,0.0
186,2025-01-16T10:00:00,119.51,Dining,ATM,1,0,1,180,0,0,0.0
187,2025-01-16T12:00:00,152.0,Retail,Online,1,0,2,421,0,0,0.0
188,2025-01-16T14:00:00,298.48,Subscription,Card Present,1,0,2,392,0,0,0.0
189,2025-01-16T16:00:00,239.1,Electronics,Card Present,2,0,3,52,0,0,0.0
190,2025-01-16T18:00:00,158.45,Cash Advance,Online,3,0,4,299,0,0,0.0
191,2025-01-16T20:00:00,50.13,Subscription,Online,1,1,1,572,0,0,0.0
192,2025-01-16T22:00:00,115.9,Cash Advance,Online,1,0,3,299,0,0,0.0
193,2025-01-17T00:00:00,197.94,Cash Advance,Online,1,0,2,252,0,0,0.0
194,2025-01-17T02:00:00,147.3,Dining,Card Present,1,1,3,234,0,0,0.0
195,2025-01-17T04:00:00,351.81,Subscription,ATM,1,0,3,549,0,0,0.0
196,2025-01-17T06:00:00,202.52,Travel,ATM,3,0,4,225,0,0,0.0
197,2025-01-17T08:00:00,171.67,Travel,ATM,1,0,6,337,0,0,0.0
198,2025-01-17T10:00:00,31.96,Dining,ATM,2,1,4,732,0,0,0.0
199,2025-01-17T12:00:00,95.64,Travel,Mobile,1,1,3,503,0,0,0.0
200,2025-01-17T14:00:00,37.09,Electronics,Mobile,1,0,2,595,0,0,0.0
201,2025-01-17T16:00:00,305.05,Travel,Online,1,0,1,346,0,0,0.0
202,2025-01-17T18:00:00,165.45,Dining,Online,1,0,2,133,0,0,0.0
203,2025-01-17T20:00:00,91.33,Electronics,ATM,2,0,5,341,0,0,0.0
204,2025-01-17T22:00:00,155.69,Cash Advance,Card Present,1,1,1,233,0,0,0.0
205,2025-01-18T00:00:00,126.16,Cash Advance,Online,2,0,3,369,1,0,0.0
206,2025-01-18T02:00:00,242.53,Subscription,Mobile,2,1,2,401,1,0,0.0
207,2025-01-18T04:00:00,210.52,Retail,ATM,1,0,3,219,1,0,0.0
208,2025-01-18T06:00:00,380.46,Cash Advance,Online,1,0,3,286,1,0,0.0
209,2025-01-18T08:00:00,104.94,Cash Advance,Card Present,1,0,3,503,1,0,0.0
210,2025-01-18T10:00:00,279.87,Retail,Mobile,1,0,1,5,1,0,0.0
211,2025-01-18T12:00:00,132.87,Travel,Mobile,2,0,5,611,1,0,0.0
212,2025-01-18T14:00:00,118.82,Travel,Card Present,1,0,1,463,1,0,0.0
213,2025-01-18T16:00:00,212.97,Travel,Online,2,0,2,467,1,0,0.0
214,2025-01-18T18:00:00,101.54,Travel,ATM,3,0,4,484,1,0,0.0
215,2025-01-18T20:00:00,157.36,Dining,Online,2,0,1,276,1,0,0.0
216,2025-01-18T22:00:00,234.92,Electronics,Mobile,1,0,2,599,1,0,0.0
217,2025-01-19T00:00:00,184.22,Electronics,Online,1,1,3,435,1,0,0.0
218,2025-01-19T02:00:00,141.02,Cash Advance,Card Present,1,2,2,397,1,0,0.0
219,2025-01-19T04:00:00,286.15,Cash Advance,Online,2,1,5,378,1,0,0.0
220,2025-01-19T06:00:00,278.47,Dining,ATM,1,0,4,313,1,0,0.0
221,2025-01-19T08:00:00,265.47,Subscription,Online,3,0,2,565,1,0,0.0
222,2025-01-19T10:00:00,218.87,Cash Advance,Card Present,2,1,4,519,1,0,0.0
223,2025-01-19T12:00:00,210.76,Cash Advance,Online,1,0,2,293,1,0,0.0
224,2025-01-19T14:00:00,100.81,Cash Advance,Card Present,1,2,2,425,1,0,0.0
225,2025-01-19T16:00:00,230.83,Dining,ATM,1,0,4,579,1,0,0.0
226,2025-01-19T18:00:00,45.85,Retail,Online,1,2,2,372,1,0,0.0
227,2025-01-19T20:00:00,234.07,Travel,ATM,1,0,3,467,1,0,0.0
228,2025-01-19T22:00:00,343.21,Subscription,Online,2,0,1,791,1,0,0.0
229,2025-01-20T00:00:00,61.39,Subscription,ATM,1,1,4,515,0,0,0.0
230,2025-01-20T02:00:00,185.72,Electronics,Online,1,1,5,108,0,0,0.0
231,2025-01-20T04:00:00,157.48,Dining,Mobile,2,0,2,610,0,0,0.0
232,2025-01-20T06:00:00,160.35,Dining,ATM,1,1,3,560,0,0,0.0
233,2025-01-20T08:00:00,87.1,Electronics,Mobile,1,0,4,337,0,0,0.0
234,2025-01-20T10:00:00,289.75,Subscription,Mobile,1,1,2,408,0,0,0.0
235,2025-01-20T12:00:00,459.65,Subscription,Card Present,2,1,3,281,0,0,0.0
236,2025-01-20T14:00:00,180.69,Travel,Online,3,1,3,454,0,0,0.0
237,2025-01-20T16:00:00,132.99,Dining,Card Present,1,0,3,522,0,0,0.0
238,2025-01-20T18:00:00,53.49,Electronics,ATM,1,0,1,629,0,0,0.0
239,2025-01-20T20:00:00,129.83,Travel,ATM,1,0,4,407,0,0,0.0
240,2025-01-20T22:00:00,238.98,Dining,ATM,1,0,1,636,0,0,0.0
241,2025-01-21T00:00:00,258.06,Retail,Online,2,0,1,528,0,0,0.0
242,2025-01-21T02:00:00,129.07,Cash Advance,Card Present,1,0,4,123,0,0,0.0
243,2025-01-21T04:00:00,172.79,Travel,Online,1,0,2,250,0,0,0.0
244,2025-01-21T06:00:00,15.22,Electronics,Card Present,1,0,2,511,0,0,0.0
245,2025-01-21T08:00:00,156.12,Cash Advance,ATM,2,0,4,542,0,0,0.0
246,2025-01-21T10:00:00,209.39,Subscription,Card Present,1,1,3,359,0,0,0.0
247,2025-01-21T12:00:00,108.62,Dining,Mobile,1,1,1,170,0,0,0.0
248,2025-01-21T14:00:00,177.75,Travel,Card Present,1,2,3,33,0,0,0.0
249,2025-01-21T16:00:00,82.49,Travel,Card Present,1,0,3,140,0,0,0.0
250,2025-01-21T18:00:00,143.04,Cash Advance,Card Present,3,3,5,205,0,0,0.0
251,2025-01-21T20:00:00,105.28,Electronics,ATM,1,0,3,660,0,0,0.0
252,2025-01-21T22:00:00,195.94,Cash Advance,Card Present,1,1,2,528,0,0,0.0
253,2025-01-22T00:00:00,137.36,Travel,Card Present,1,1,1,393,0,0,0.0
254,2025-01-22T02:00:00,164.23,Retail,Online,1,1,4,563,0,0,0.0
255,2025-01-22T04:00:00,105.19,Travel,ATM,1,0,1,374,0,0,0.0
256,2025-01-22T06:00:00,120.38,Cash Advance,Card Present,1,3,4,148,0,0,0.0
257,2025-01-22T08:00:00,212.29,Subscription,Online,1,0,3,427,0,0,0.0
258,2025-01-22T10:00:00,223.13,Travel,Card Present,3,1,2,405,0,0,0.0
259,2025-01-22T12:00:00,63.95,Dining,ATM,1,0,1,500,0,0,0.0
260,2025-01-22T14:00:00,364.58,Retail,Card Present,1,0,3,525,0,0,0.0
261,2025-01-22T16:00:00,140.07,Retail,ATM,2,0,4,343,0,0,0.0
262,2025-01-22T18:00:00,116.98,Retail,Online,1,0,3,284,0,0,0.0
263,2025-01-22T20:00:00,197.49,Dining,Online,1,2,2,644,0,0,0.0
264,2025-01-22T22:00:00,353.31,Cash Advance,Card Present,3,0,2,622,0,0,0.0
265,2025-01-23T00:00:00,107.15,Retail,Card Present,1,0,1,544,0,0,0.0
266,2025-01-23T02:00:00,161.79,Retail,Online,1,0,1,456,0,0,0.0
267,2025-01-23T04:00:00,141.76,Travel,Online,3,0,5,154,0,0,0.0
268,2025-01-23T06:00:00,388.58,Electronics,Mobile,1,3,3,398,0,1,280.41
269,2025-01-23T08:00:00,369.37,Dining,Online,1,0,2,495,0,0,0.0
270,2025-01-23T10:00:00,161.47,Retail,Online,2,1,4,596,0,0,0.0
271,2025-01-23T12:00:00,248.44,Electronics,ATM,1,1,2,136,0,0,0.0
272,2025-01-23T14:00:00,241.62,Cash Advance,Online,3,0,1,235,0,0,0.0
273,2025-01-23T16:00:00,73.07,Retail,Online,1,2,4,559,0,0,0.0
274,2025-01-23T18:00:00,135.98,Subscription,Online,1,1,4,341,0,0,0.0
275,2025-01-23T20:00:00,70.11,Electronics,Mobile,2,2,5,586,0,0,0.0
276,2025-01-23T22:00:00,169.2,Cash Advance,Mobile,1,1,2,530,0,0,0.0
277,2025-01-24T00:00:00,50.63,Retail,Mobile,2,1,5,948,0,0,0.0
278,2025-01-24T02:00:00,230.59,Travel,Mobile,2,1,2,459,0,0,0.0
279,2025-01-24T04:00:00,216.7,Dining,Card Present,2,0,2,511,0,0,0.0
280,2025-01-24T06:00:00,60.92,Cash Advance,Mobile,2,1,1,527,0,0,0.0
281,2025-01-24T08:00:00,169.48,Retail,Online,1,0,4,564,0,0,0.0
282,2025-01-24T10:00:00,132.16,Cash Advance,Mobile,1,2,3,551,0,0,0.0
283,2025-01-24T12:00:00,78.29,Subscription,Mobile,1,1,5,426,0,0,0.0
284,2025-01-24T14:00:00,137.25,Subscription,Mobile,1,0,3,338,0,0,0.0
285,2025-01-24T16:00:00,87.4,Travel,ATM,2,1,4,187,0,0,0.0
286,2025-01-24T18:00:00,318.61,Retail,Mobile,1,1,3,118,0,0,0.0
287,2025-01-24T20:00:00,205.77,Subscription,ATM,1,0,4,272,0,0,0.0
288,2025-01-24T22:00:00,100.06,Dining,ATM,1,0,2,230,0,0,0.0
289,2025-01-25T00:00:00,322.48,Cash Advance,Online,1,1,4,666,1,0,0.0
290,2025-01-25T02:00:00,126.34,Dining,Online,1,0,1,333,1,0,0.0
291,2025-01-25T04:00:00,163.7,Subscription,Card Present,3,0,2,677,1,0,0.0
292,2025-01-25T06:00:00,105.51,Dining,ATM,1,0,1,309,1,0,0.0
293,2025-01-25T08:00:00,151.97,Dining,Online,1,0,1,434,1,0,0.0
294,2025-01-25T10:00:00,204.24,Electronics,Online,1,1,3,281,1,0,0.0
295,2025-01-25T12:00:00,367.14,Retail,Online,1,1,4,622,1,0,0.0
296,2025-01-25T14:00:00,287.68,Travel,Card Present,1,0,4,466,1,0,0.0
297,2025-01-25T16:00:00,223.48,Subscription,ATM,1,1,3,381,1,0,0.0
298,2025-01-25T18:00:00,155.94,Cash Advance,Card Present,1,0,3,504,1,0,0.0
299,2025-01-25T20:00:00,124.12,Retail,Online,3,0,3,415,1,0,0.0
300,2025-01-25T22:00:00,143.18,Cash Advance,ATM,2,1,2,146,1,0,0.0
301,2025-01-26T00:00:00,413.47,Cash Advance,ATM,1,1,5,470,1,0,0.0
302,2025-01-26T02:00:00,137.57,Dining,Mobile,1,0,2,272,1,0,0.0
303,2025-01-26T04:00:00,404.98,Electronics,Card Present,2,0,2,504,1,0,0.0
304,2025-01-26T06:00:00,213.51,Subscription,Card Present,1,0,5,535,1,0,0.0
305,2025-01-26T08:00:00,176.61,Subscription,ATM,1,1,5,127,1,0,0.0
306,2025-01-26T10:00:00,191.21,Cash Advance,ATM,2,0,2,667,1,0,0.0
307,2025-01-26T12:00:00,58.83,Retail,Online,1,0,4,511,1,0,0.0
308,2025-01-26T14:00:00,179.89,Travel,Mobile,2,0,2,412,1,0,0.0
309,2025-01-26T16:00:00,162.94,Retail,Online,1,1,1,336,1,0,0.0
310,2025-01-26T18:00:00,357.48,Dining,Online,1,0,3,243,1,0,0.0
311,2025-01-26T20:00:00,174.59,Electronics,Online,1,0,3,235,1,0,0.0
312,2025-01-26T22:00:00,89.97,Retail,Card Present,1,0,4,340,1,0,0.0
313,2025-01-27T00:00:00,101.35,Retail,ATM,3,0,4,434,0,0,0.0
314,2025-01-27T02:00:00,295.46,Travel,ATM,1,1,1,449,0,0,0.0
315,2025-01-27T04:00:00,177.74,Travel,Online,1,0,3,262,0,0,0.0
316,2025-01-27T06:00:00,223.99,Subscription,Online,1,0,1,439,0,0,0.0
317,2025-01-27T08:00:00,412.53,Electronics,Card Present,1,0,2,206,0,0,0.0
318,2025-01-27T10:00:00,139.18,Cash Advance,ATM,2,0,2,395,0,0,0.0
319,2025-01-27T12:00:00,107.1,Electronics,Mobile,1,1,1,660,0,0,0.0
320,2025-01-27T14:00:00,340.01,Subscription,Online,2,0,1,5,0,0,0.0
321,2025-01-27T16:00:00,160.68,Retail,ATM,2,0,3,264,0,0,0.0
322,2025-01-27T18:00:00,128.44,Dining,Card Present,2,0,2,565,0,0,0.0
323,2025-01-27T20:00:00,137.55,Electronics,Online,1,0,3,289,0,0,0.0
324,2025-01-27T22:00:00,469.39,Subscription,ATM,1,0,4,467,0,0,0.0
325,2025-01-28T00:00:00,415.21,Dining,Card Present,2,1,4,313,0,0,0.0
326,2025-01-28T02:00:00,59.85,Electronics,Card Present,2,0,2,388,0,0,0.0
327,2025-01-28T04:00:00,99.1,Dining,ATM,3,0,4,38,0,0,0.0
328,2025-01-28T06:00:00,106.03,Electronics,ATM,2,0,3,236,0,0,0.0
329,2025-01-28T08:00:00,99.8,Dining,ATM,1,0,2,45,0,0,0.0
330,2025-01-28T10:00:00,270.45,Retail,Mobile,1,0,4,384,0,0,0.0
331,2025-01-28T12:00:00,486.63,Travel,Card Present,2,1,5,490,0,0,0.0
332,2025-01-28T14:00:00,249.89,Retail,ATM,1,1,4,297,0,0,0.0
333,2025-01-28T16:00:00,220.61,Cash Advance,Card Present,2,2,5,602,0,0,0.0
334,2025-01-28T18:00:00,180.59,Retail,Mobile,1,0,4,252,0,0,0.0
335,2025-01-28T20:00:00,275.72,Retail,Mobile,1,0,2,181,0,0,0.0
336,2025-01-28T22:00:00,161.93,Travel,ATM,1,1,4,506,0,0,0.0
337,2025-01-29T00:00:00,290.23,Electronics,Online,1,1,3,514,0,0,0.0
338,2025-01-29T02:00:00,67.77,Cash Advance,Online,2,0,1,160,0,0,0.0
339,2025-01-29T04:00:00,232.04,Subscription,Online,2,1,1,663,0,0,0.0
340,2025-01-29T06:00:00,117.8,Dining,Card Present,1,1,3,328,0,0,0.0
341,2025-01-29T08:00:00,167.26,Dining,Card Present,1,2,3,473,0,0,0.0
342,2025-01-29T10:00:00,213.17,Electronics,Mobile,1,1,1,548,0,0,0.0
343,2025-01-29T12:00:00,231.34,Retail,ATM,3,0,3,334,0,0,0.0
344,2025-01-29T14:00:00,319.07,Electronics,Online,1,0,2,525,0,0,0.0
345,2025-01-29T16:00:00,337.86,Cash Advance,ATM,1,1,6,594,0,0,0.0
346,2025-01-29T18:00:00,187.15,Dining,Online,3,1,4,280,0,0,0.0
347,2025-01-29T20:00:00,373.16,Cash Advance,Mobile,1,2,1,443,0,0,0.0
348,2025-01-29T22:00:00,233.04,Dining,Card Present,1,0,4,622,0,0,0.0
349,2025-01-30T00:00:00,312.07,Electronics,Card Present,3,0,5,420,0,0,0.0
350,2025-01-30T02:00:00,287.34,Dining,Online,1,0,5,214,0,0,0.0
351,2025-01-30T04:00:00,201.56,Retail,Card Present,1,0,2,478,0,0,0.0
352,2025-01-30T06:00:00,377.08,Retail,Mobile,2,1,4,5,0,0,0.0
353,2025-01-30T08:00:00,131.92,Electronics,Card Present,1,0,3,550,0,0,0.0
354,2025-01-30T10:00:00,40.26,Subscription,Mobile,1,0,4,453,0,0,0.0
355,2025-01-30T12:00:00,94.71,Cash Advance,Card Present,2,0,3,362,0,0,0.0
356,2025-01-30T14:00:00,143.93,Subscription,Mobile,1,2,3,463,0,0,0.0
357,2025-01-30T16:00:00,259.51,Dining,Online,1,1,2,386,0,0,0.0
358,2025-01-30T18:00:00,140.22,Dining,Card Present,1,0,2,125,0,0,0.0
359,2025-01-30T20:00:00,137.9,Retail,ATM,1,0,3,501,0,0,0.0
360,2025-01-30T22:00:00,267.21,Retail,Mobile,1,0,2,355,0,0,0.0
361,2025-01-31T00:00:00,108.1,Subscription,ATM,2,0,4,325,0,0,0.0
362,2025-01-31T02:00:00,121.76,Electronics,ATM,1,0,1,93,0,0,0.0
363,2025-01-31T04:00:00,145.49,Subscription,Online,2,0,3,877,0,0,0.0
364,2025-01-31T06:00:00,198.76,Cash Advance,ATM,1,0,1,99,0,0,0.0
365,2025-01-31T08:00:00,123.4,Electronics,Online,1,0,5,365,0,0,0.0
366,2025-01-31T10:00:00,429.61,Travel,Mobile,2,0,4,628,0,0,0.0
367,2025-01-31T12:00:00,174.71,Travel,Mobile,2,0,3,181,0,0,0.0
368,2025-01-31T14:00:00,155.04,Retail,ATM,2,0,5,373,0,0,0.0
369,2025-01-31T16:00:00,293.86,Cash Advance,Online,1,1,3,206,0,0,0.0
370,2025-01-31T18:00:00,127.09,Subscription,Card Present,1,0,6,671,0,0,0.0
371,2025-01-31T20:00:00,68.22,Cash Advance,Card Present,1,0,1,298,0,0,0.0
372,2025-01-31T22:00:00,209.82,Retail,Card Present,3,1,2,360,0,0,0.0
373,2025-02-01T00:00:00,78.63,Retail,ATM,1,0,4,452,1,0,0.0
374,2025-02-01T02:00:00,111.99,Travel,Online,1,0,3,358,1,0,0.0
375,2025-02-01T04:00:00,221.88,Electronics,Mobile,1,2,2,497,1,0,0.0
376,2025-02-01T06:00:00,27.71,Retail,Card Present,1,1,2,260,1,0,0.0
377,2025-02-01T08:00:00,101.37,Dining,Online,3,0,5,385,1,0,0.0
378,2025-02-01T10:00:00,155.81,Travel,ATM,1,2,1,354,1,0,0.0
379,2025-02-01T12:00:00,202.7,Travel,Mobile,1,0,6,457,1,0,0.0
380,2025-02-01T14:00:00,162.52,Electronics,Mobile,1,0,4,65,1,0,0.0
381,2025-02-01T16:00:00,408.71,Dining,Mobile,1,0,1,368,1,0,0.0
382,2025-02-01T18:00:00,187.14,Subscription,Card Present,1,0,1,343,1,0,0.0
383,2025-02-01T20:00:00,325.96,Travel,ATM,1,1,4,734,1,0,0.0
384,2025-02-01T22:00:00,143.07,Electronics,Mobile,1,1,4,297,1,0,0.0
385,2025-02-02T00:00:00,249.05,Cash Advance,ATM,1,1,3,456,1,0,0.0
386,2025-02-02T02:00:00,381.42,Travel,Mobile,2,2,4,256,1,0,0.0
387,2025-02-02T04:00:00,79.59,Retail,Mobile,2,1,2,380,1,0,0.0
388,2025-02-02T06:00:00,44.45,Electronics,Online,2,1,2,528,1,0,0.0
389,2025-02-02T08:00:00,141.66,Electronics,Mobile,1,0,1,470,1,0,0.0
390,2025-02-02T10:00:00,154.76,Subscription,Mobile,1,0,3,625,1,0,0.0
391,2025-02-02T12:00:00,253.51,Dining,ATM,1,2,4,230,1,0,0.0
392,2025-02-02T14:00:00,41.56,Dining,Mobile,2,1,1,232,1,0,0.0
393,2025-02-02T16:00:00,274.36,Subscription,ATM,1,0,4,375,1,0,0.0
394,2025-02-02T18:00:00,199.08,Dining,Mobile,1,0,2,552,1,0,0.0
395,2025-02-02T20:00:00,45.09,Electronics,ATM,1,0,4,437,1,0,0.0
396,2025-02-02T22:00:00,327.03,Subscription,Online,3,1,2,544,1,0,0.0
397,2025-02-03T00:00:00,191.65,Dining,Online,1,0,3,506,0,0,0.0
398,2025-02-03T02:00:00,179.11,Dining,Mobile,1,1,1,445,0,0,0.0
399,2025-02-03T04:00:00,100.49,Cash Advance,ATM,1,0,1,433,0,0,0.0
400,2025-02-03T06:00:00,188.11,Travel,Online,3,2,1,408,0,1,125.59
401,2025-02-03T08:00:00,210.88,Retail,Online,2,0,3,192,0,0,0.0
402,2025-02-03T10:00:00,215.25,Subscription,Card Present,2,1,1,201,0,0,0.0
403,2025-02-03T12:00:00,55.82,Cash Advance,Card Present,1,0,3,275,0,0,0.0
404,2025-02-03T14:00:00,322.15,Travel,Mobile,1,1,3,285,0,0,0.0
405,2025-02-03T16:00:00,23.25,Subscription,Card Present,3,0,3,496,0,0,0.0
406,2025-02-03T18:00:00,113.72,Dining,Online,1,0,3,447,0,0,0.0
407,2025-02-03T20:00:00,165.84,Subscription,ATM,2,0,1,384,0,0,0.0
408,2025-02-03T22:00:00,231.04,Subscription,Card Present,1,0,3,48,0,0,0.0
409,2025-02-04T00:00:00,307.75,Dining,Card Present,2,0,1,299,0,0,0.0
410,2025-02-04T02:00:00,132.64,Dining,Card Present,2,0,2,391,0,0,0.0
411,2025-02-04T04:00:00,100.5,Travel,ATM,1,1,1,370,0,0,0.0
412,2025-02-04T06:00:00,176.48,Travel,ATM,1,2,4,458,0,0,0.0
413,2025-02-04T08:00:00,241.96,Subscription,Online,1,1,2,729,0,0,0.0
414,2025-02-04T10:00:00,253.2,Dining,ATM,2,0,3,380,0,0,0.0
415,2025-02-04T12:00:00,311.03,Dining,Mobile,3,0,3,627,0,0,0.0
416,2025-02-04T14:00:00,32.25,Cash Advance,ATM,1,0,3,676,0,0,0.0
417,2025-02-04T16:00:00,99.55,Subscription,Online,2,2,2,565,0,0,0.0
418,2025-02-04T18:00:00,394.55,Retail,ATM,1,1,4,200,0,0,0.0
419,2025-02-04T20:00:00,226.15,Subscription,Card Present,1,0,2,362,0,0,0.0
420,2025-02-04T22:00:00,366.7,Cash Advance,Online,1,0,2,598,0,0,0.0
421,2025-02-05T00:00:00,395.66,Dining,Card Present,1,0,2,333,0,0,0.0
422,2025-02-05T02:00:00,107.02,Travel,ATM,1,0,3,432,0,0,0.0
423,2025-02-05T04:00:00,121.89,Subscription,Mobile,2,0,3,334,0,0,0.0
424,2025-02-05T06:00:00,198.12,Subscription,Online,1,1,3,378,0,0,0.0
425,2025-02-05T08:00:00,253.88,Travel,Mobile,1,0,3,499,0,0,0.0
426,2025-02-05T10:00:00,98.4,Travel,Card Present,3,0,2,82,0,0,0.0
427,2025-02-05T12:00:00,105.77,Retail,Card Present,1,0,1,356,0,0,0.0
428,2025-02-05T14:00:00,75.96,Travel,ATM,1,0,1,523,0,0,0.0
429,2025-02-05T16:00:00,244.87,Dining,ATM,1,0,1,122,0,0,0.0
430,2025-02-05T18:00:00,123.73,Retail,Card Present,1,1,3,196,0,0,0.0
431,2025-02-05T20:00:00,253.32,Travel,Card Present,2,0,2,177,0,0,0.0
432,2025-02-05T22:00:00,251.29,Retail,Mobile,2,1,1,501,0,0,0.0
433,2025-02-06T00:00:00,99.27,Subscription,Card Present,2,0,4,731,0,0,0.0
434,2025-02-06T02:00:00,122.04,Retail,Online,2,0,4,107,0,0,0.0
435,2025-02-06T04:00:00,92.84,Electronics,Online,2,0,3,492,0,0,0.0
436,2025-02-06T06:00:00,184.11,Travel,Online,1,1,4,258,0,0,0.0
437,2025-02-06T08:00:00,100.68,Cash Advance,Card Present,1,1,4,496,0,0,0.0
438,2025-02-06T10:00:00,314.04,Electronics,Mobile,2,1,1,138,0,0,0.0
439,2025-02-06T12:00:00,112.53,Travel,Card Present,1,1,5,538,0,0,0.0
440,2025-02-06T14:00:00,191.08,Electronics,Mobile,1,1,1,552,0,0,0.0
441,2025-02-06T16:00:00,156.38,Electronics,Card Present,1,0,2,365,0,0,0.0
442,2025-02-06T18:00:00,168.2,Electronics,Mobile,1,0,2,591,0,0,0.0
443,2025-02-06T20:00:00,63.31,Subscription,Mobile,1,1,3,907,0,0,0.0
444,2025-02-06T22:00:00,43.2,Cash Advance,Mobile,1,0,4,250,0,0,0.0
445,2025-02-07T00:00:00,291.15,Retail,ATM,2,2,3,445,0,0,0.0
446,2025-02-07T02:00:00,86.16,Dining,ATM,2,0,2,618,0,0,0.0
447,2025-02-07T04:00:00,63.83,Travel,Card Present,1,0,3,529,0,0,0.0
448,2025-02-07T06:00:00,139.31,Retail,Mobile,2,0,1,199,0,0,0.0
449,2025-02-07T08:00:00,94.74,Travel,ATM,1,2,1,425,0,0,0.0
450,2025-02-07T10:00:00,25.7,Subscription,Mobile,1,0,4,371,0,0,0.0
451,2025-02-07T12:00:00,105.07,Electronics,Mobile,1,1,4,435,0,0,0.0
452,2025-02-07T14:00:00,109.54,Retail,Mobile,1,1,4,285,0,0,0.0
453,2025-02-07T16:00:00,122.94,Electronics,Mobile,1,0,4,600,0,0,0.0
454,2025-02-07T18:00:00,221.01,Dining,Mobile,2,0,3,341,0,0,0.0
455,2025-02-07T20:00:00,40.3,Dining,Card Present,2,0,3,253,0,0,0.0
456,2025-02-07T22:00:00,304.29,Cash Advance,Mobile,1,0,6,620,0,1,265.72
457,2025-02-08T00:00:00,523.53,Dining,Card Present,1,0,1,561,1,0,0.0
458,2025-02-08T02:00:00,272.88,Dining,Mobile,2,0,1,283,1,0,0.0
459,2025-02-08T04:00:00,344.15,Dining,Mobile,1,0,3,725,1,0,0.0
460,2025-02-08T06:00:00,243.76,Retail,Online,1,0,2,550,1,0,0.0
461,2025-02-08T08:00:00,287.18,Retail,Mobile,2,0,2,690,1,0,0.0
462,2025-02-08T10:00:00,240.11,Retail,Online,1,0,3,405,1,0,0.0
463,2025-02-08T12:00:00,197.4,Subscription,Mobile,1,0,3,253,1,0,0.0
464,2025-02-08T14:00:00,69.06,Cash Advance,Online,2,0,1,689,1,0,0.0
465,2025-02-08T16:00:00,71.15,Electronics,Mobile,2,0,3,442,1,0,0.0
466,2025-02-08T18:00:00,152.56,Travel,Mobile,1,0,1,278,1,0,0.0
467,2025-02-08T20:00:00,126.18,Retail,Online,1,1,3,304,1,0,0.0
468,2025-02-08T22:00:00,285.0,Electronics,Mobile,1,1,3,441,1,0,0.0
469,2025-02-09T00:00:00,92.33,Dining,Card Present,1,0,3,407,1,0,0.0
470,2025-02-09T02:00:00,457.77,Electronics,ATM,3,1,1,806,1,0,0.0
471,2025-02-09T04:00:00,122.49,Travel,Card Present,2,0,3,281,1,0,0.0
472,2025-02-09T06:00:00,150.21,Travel,Mobile,1,1,2,654,1,0,0.0
473,2025-02-09T08:00:00,151.97,Electronics,Card Present,1,1,2,563,1,0,0.0
474,2025-02-09T10:00:00,143.13,Cash Advance,Mobile,1,0,1,562,1,0,0.0
475,2025-02-09T12:00:00,182.5,Electronics,Online,1,0,3,625,1,0,0.0
476,2025-02-09T14:00:00,307.37,Travel,Card Present,2,0,2,499,1,0,0.0
477,2025-02-09T16:00:00,340.77,Travel,Online,3,0,1,505,1,1,289.68
478,2025-02-09T18:00:00,350.0,Subscription,Card Present,1,0,3,401,1,0,0.0
479,2025-02-09T20:00:00,91.4,Subscription,Mobile,1,0,2,396,1,0,0.0
480,2025-02-09T22:00:00,191.36,Subscription,Card Present,1,1,1,296,1,0,0.0
481,2025-02-10T00:00:00,161.3,Dining,Mobile,1,0,3,594,0,0,0.0
482,2025-02-10T02:00:00,178.9,Electronics,ATM,1,2,1,141,0,0,0.0
483,2025-02-10T04:00:00,172.86,Dining,ATM,3,1,2,247,0,0,0.0
484,2025-02-10T06:00:00,92.5,Cash Advance,Mobile,2,0,3,368,0,0,0.0
485,2025-02-10T08:00:00,14.37,Subscription,Card Present,1,0,3,506,0,0,0.0
486,2025-02-10T10:00:00,83.83,Cash Advance,ATM,1,0,4,504,0,0,0.0
487,2025-02-10T12:00:00,111.66,Subscription,Card Present,1,0,1,196,0,0,0.0
488,2025-02-10T14:00:00,217.32,Subscription,Mobile,1,0,2,474,0,0,0.0
489,2025-02-10T16:00:00,154.19,Travel,Online,2,0,2,691,0,0,0.0
490,2025-02-10T18:00:00,316.85,Dining,ATM,2,0,3,284,0,0,0.0
491,2025-02-10T20:00:00,207.68,Electronics,ATM,1,0,3,421,0,0,0.0
492,2025-02-10T22:00:00,204.55,Dining,Online,1,0,2,321,0,0,0.0
493,2025-02-11T00:00:00,67.87,Retail,Online,1,0,4,125,0,0,0.0
494,2025-02-11T02:00:00,67.51,Dining,ATM,1,0,3,535,0,0,0.0
495,2025-02-11T04:00:00,90.88,Dining,Online,1,1,4,236,0,0,0.0
496,2025-02-11T06:00:00,345.91,Retail,Card Present,2,0,3,352,0,0,0.0
497,2025-02-11T08:00:00,105.63,Travel,Mobile,1,0,1,414,0,0,0.0
498,2025-02-11T10:00:00,235.02,Travel,Mobile,1,0,3,564,0,0,0.0
499,2025-02-11T12:00:00,488.86,Cash Advance,Mobile,1,1,4,451,0,0,0.0
500,2025-02-11T14:00:00,325.29,Travel,Card Present,2,1,3,322,0,0,0.0
501,2025-02-11T16:00:00,92.45,Subscription,ATM,1,0,6,646,0,0,0.0
502,2025-02-11T18:00:00,447.14,Retail,Online,1,0,1,166,0,0,0.0
503,2025-02-11T20:00:00,170.14,Travel,ATM,1,1,5,621,0,0,0.0
504,2025-02-11T22:00:00,149.62,Retail,ATM,2,1,4,530,0,0,0.0
505,2025-02-12T00:00:00,125.98,Subscription,ATM,1,1,2,357,0,0,0.0
506,2025-02-12T02:00:00,160.35,Electronics,Online,1,1,4,282,0,0,0.0
507,2025-02-12T04:00:00,42.18,Retail,Card Present,3,0,2,487,0,0,0.0
508,2025-02-12T06:00:00,241.98,Dining,Mobile,3,0,4,484,0,0,0.0
509,2025-02-12T08:00:00,90.24,Retail,Card Present,1,0,1,427,0,0,0.0
510,2025-02-12T10:00:00,442.58,Subscription,Mobile,1,0,1,278,0,0,0.0
511,2025-02-12T12:00:00,103.6,Travel,ATM,3,0,3,465,0,0,0.0
512,2025-02-12T14:00:00,128.15,Retail,Online,1,0,3,416,0,0,0.0
513,2025-02-12T16:00:00,96.86,Retail,Mobile,1,0,3,456,0,0,0.0
514,2025-02-12T18:00:00,254.27,Subscription,Card Present,2,0,2,476,0,0,0.0
515,2025-02-12T20:00:00,175.25,Subscription,Mobile,1,0,3,796,0,0,0.0
516,2025-02-12T22:00:00,126.32,Electronics,Online,2,0,2,398,0,0,0.0
517,2025-02-13T00:00:00,197.68,Travel,Online,2,2,4,568,0,0,0.0
518,2025-02-13T02:00:00,69.66,Retail,ATM,1,0,4,385,0,0,0.0
519,2025-02-13T04:00:00,424.5,Dining,ATM,1,0,3,628,0,0,0.0
520,2025-02-13T06:00:00,230.12,Subscription,ATM,2,0,2,484,0,0,0.0
521,2025-02-13T08:00:00,202.08,Electronics,Card Present,1,1,1,659,0,0,0.0
522,2025-02-13T10:00:00,200.13,Cash Advance,Mobile,1,1,4,432,0,0,0.0
523,2025-02-13T12:00:00,180.22,Dining,Card Present,1,0,3,472,0,0,0.0
524,2025-02-13T14:00:00,112.52,Retail,Card Present,1,0,5,409,0,0,0.0
525,2025-02-13T16:00:00,184.02,Electronics,Mobile,1,0,4,393,0,0,0.0
526,2025-02-13T18:00:00,771.58,Travel,Card Present,3,0,6,456,0,1,613.64
527,2025-02-13T20:00:00,109.55,Electronics,Card Present,2,0,3,601,0,0,0.0
528,2025-02-13T22:00:00,66.4,Electronics,Online,2,0,1,572,0,0,0.0
529,2025-02-14T00:00:00,255.7,Subscription,Card Present,1,0,3,180,0,0,0.0
530,2025-02-14T02:00:00,122.13,Cash Advance,Mobile,3,1,3,370,0,0,0.0
531,2025-02-14T04:00:00,148.4,Travel,Online,1,0,4,662,0,0,0.0
532,2025-02-14T06:00:00,52.02,Subscription,ATM,1,0,3,342,0,0,0.0
533,2025-02-14T08:00:00,108.59,Cash Advance,ATM,2,0,4,467,0,0,0.0
534,2025-02-14T10:00:00,158.07,Electronics,ATM,3,1,3,422,0,0,0.0
535,2025-02-14T12:00:00,79.95,Electronics,Online,1,0,5,330,0,0,0.0
536,2025-02-14T14:00:00,290.13,Electronics,ATM,1,0,2,290,0,0,0.0
537,2025-02-14T16:00:00,38.98,Subscription,Online,1,2,3,297,0,0,0.0
538,2025-02-14T18:00:00,130.55,Subscription,Online,1,0,1,220,0,0,0.0
539,2025-02-14T20:00:00,212.56,Subscription,Card Present,2,0,2,502,0,0,0.0
540,2025-02-14T22:00:00,117.16,Dining,Card Present,1,1,2,457,0,0,0.0
541,2025-02-15T00:00:00,379.92,Travel,Card Present,3,2,3,251,1,1,299.25
542,2025-02-15T02:00:00,77.38,Subscription,Online,1,1,3,85,1,0,0.0
543,2025-02-15T04:00:00,236.92,Travel,Mobile,1,0,4,382,1,0,0.0
544,2025-02-15T06:00:00,95.87,Dining,Card Present,1,0,2,398,1,0,0.0
545,2025-02-15T08:00:00,123.07,Subscription,ATM,1,1,1,412,1,0,0.0
546,2025-02-15T10:00:00,179.7,Retail,ATM,1,0,2,363,1,0,0.0
547,2025-02-15T12:00:00,190.53,Retail,ATM,1,0,4,596,1,0,0.0
548,2025-02-15T14:00:00,54.52,Dining,Online,1,0,2,620,1,0,0.0
549,2025-02-15T16:00:00,133.58,Travel,Mobile,1,0,2,693,1,0,0.0
550,2025-02-15T18:00:00,260.62,Electronics,Online,2,0,5,395,1,0,0.0
551,2025-02-15T20:00:00,129.13,Retail,Online,1,1,4,444,1,0,0.0
552,2025-02-15T22:00:00,108.29,Travel,ATM,1,0,2,285,1,0,0.0
553,2025-02-16T00:00:00,159.62,Subscription,ATM,1,1,2,474,1,0,0.0
554,2025-02-16T02:00:00,395.32,Electronics,Card Present,1,0,2,347,1,0,0.0
555,2025-02-16T04:00:00,136.49,Cash Advance,Mobile,2,0,4,581,1,0,0.0
556,2025-02-16T06:00:00,186.44,Travel,ATM,1,0,4,278,1,0,0.0
557,2025-02-16T08:00:00,146.16,Electronics,Card Present,3,0,4,46,1,0,0.0
558,2025-02-16T10:00:00,144.35,Retail,Card Present,1,1,2,95,1,0,0.0
559,2025-02-16T12:00:00,123.46,Travel,Online,3,0,4,553,1,0,0.0
560,2025-02-16T14:00:00,232.52,Subscription,Card Present,1,0,5,259,1,0,0.0
561,2025-02-16T16:00:00,388.13,Electronics,Online,2,0,2,470,1,0,0.0
562,2025-02-16T18:00:00,389.32,Travel,Mobile,1,1,1,5,1,0,0.0
563,2025-02-16T20:00:00,434.14,Retail,Mobile,1,0,3,547,1,0,0.0
564,2025-02-16T22:00:00,67.09,Electronics,ATM,1,0,4,679,1,0,0.0
565,2025-02-17T00:00:00,269.07,Cash Advance,ATM,1,0,4,322,0,0,0.0
566,2025-02-17T02:00:00,181.25,Retail,Card Present,1,0,3,629,0,0,0.0
567,2025-02-17T04:00:00,106.79,Subscription,Card Present,1,1,1,511,0,0,0.0
568,2025-02-17T06:00:00,208.14,Dining,Mobile,1,0,3,732,0,0,0.0
569,2025-02-17T08:00:00,68.24,Electronics,Mobile,1,0,3,609,0,0,0.0
570,2025-02-17T10:00:00,180.13,Retail,Mobile,1,2,1,452,0,0,0.0
571,2025-02-17T12:00:00,125.7,Retail,ATM,1,0,2,352,0,0,0.0
572,2025-02-17T14:00:00,72.08,Retail,Card Present,3,2,1,484,0,0,0.0
573,2025-02-17T16:00:00,303.42,Travel,ATM,1,0,5,461,0,0,0.0
574,2025-02-17T18:00:00,27.87,Dining,Card Present,2,0,3,279,0,0,0.0
575,2025-02-17T20:00:00,94.57,Travel,ATM,1,0,5,68,0,0,0.0
576,2025-02-17T22:00:00,163.26,Travel,Card Present,1,0,4,380,0,0,0.0
577,2025-02-18T00:00:00,163.34,Subscription,ATM,1,0,2,423,0,0,0.0
578,2025-02-18T02:00:00,213.58,Electronics,Card Present,1,0,2,398,0,0,0.0
579,2025-02-18T04:00:00,97.85,Cash Advance,ATM,2,0,2,252,0,0,0.0
580,2025-02-18T06:00:00,181.48,Retail,Card Present,1,1,3,321,0,0,0.0
581,2025-02-18T08:00:00,116.09,Travel,Online,1,0,4,706,0,0,0.0
582,2025-02-18T10:00:00,431.85,Cash Advance,Card Present,1,0,2,375,0,0,0.0
583,2025-02-18T12:00:00,385.15,Travel,Mobile,2,0,4,695,0,0,0.0
584,2025-02-18T14:00:00,149.06,Retail,Mobile,1,1,4,414,0,0,0.0
585,2025-02-18T16:00:00,274.79,Cash Advance,Mobile,1,1,6,260,0,1,271.3
586,2025-02-18T18:00:00,163.89,Dining,Card Present,2,0,3,453,0,0,0.0
587,2025-02-18T20:00:00,77.14,Electronics,Mobile,2,0,3,475,0,0,0.0
588,2025-02-18T22:00:00,262.33,Electronics,Mobile,2,0,1,312,0,0,0.0
589,2025-02-19T00:00:00,180.45,Subscription,Mobile,1,0,3,392,0,0,0.0
590,2025-02-19T02:00:00,389.06,Travel,Mobile,2,0,2,78,0,0,0.0
591,2025-02-19T04:00:00,123.87,Travel,Online,2,0,2,358,0,0,0.0
592,2025-02-19T06:00:00,165.46,Subscription,Card Present,1,2,4,433,0,0,0.0
593,2025-02-19T08:00:00,307.07,Cash Advance,ATM,3,2,2,514,0,1,235.3
594,2025-02-19T10:00:00,143.2,Electronics,Online,2,1,4,557,0,0,0.0
595,2025-02-19T12:00:00,144.4,Cash Advance,Online,1,1,2,626,0,0,0.0
596,2025-02-19T14:00:00,115.08,Subscription,Card Present,2,0,4,287,0,0,0.0
597,2025-02-19T16:00:00,377.92,Cash Advance,Card Present,2,0,1,395,0,0,0.0
598,2025-02-19T18:00:00,129.78,Electronics,Mobile,1,0,2,396,0,0,0.0
599,2025-02-19T20:00:00,279.33,Cash Advance,Online,1,0,3,708,0,0,0.0
600,2025-02-19T22:00:00,100.39,Retail,Online,1,0,4,636,0,0,0.0
601,2025-02-20T00:00:00,149.28,Electronics,ATM,1,0,2,463,0,0,0.0
602,2025-02-20T02:00:00,214.92,Cash Advance,Card Present,2,1,1,332,0,0,0.0
603,2025-02-20T04:00:00,94.17,Subscription,Card Present,1,1,3,457,0,0,0.0
604,2025-02-20T06:00:00,326.84,Retail,ATM,3,0,2,107,0,0,0.0
605,2025-02-20T08:00:00,120.09,Electronics,Card Present,1,0,4,394,0,0,0.0
606,2025-02-20T10:00:00,368.85,Cash Advance,Online,1,0,2,503,0,0,0.0
607,2025-02-20T12:00:00,159.39,Travel,Online,2,0,3,254,0,0,0.0
608,2025-02-20T14:00:00,282.98,Electronics,Card Present,1,0,2,481,0,0,0.0
609,2025-02-20T16:00:00,539.57,Retail,Mobile,1,1,2,487,0,0,0.0
610,2025-02-20T18:00:00,188.77,Electronics,Online,1,0,4,376,0,0,0.0
611,2025-02-20T20:00:00,131.06,Travel,Card Present,3,1,4,123,0,0,0.0
612,2025-02-20T22:00:00,125.34,Retail,Card Present,1,0,1,255,0,0,0.0
613,2025-02-21T00:00:00,171.88,Electronics,Card Present,1,0,2,130,0,0,0.0
614,2025-02-21T02:00:00,168.0,Retail,Card Present,1,0,4,103,0,0,0.0
615,2025-02-21T04:00:00,165.02,Dining,Online,1,0,3,605,0,0,0.0
616,2025-02-21T06:00:00,271.38,Electronics,Online,1,0,1,563,0,0,0.0
617,2025-02-21T08:00:00,159.77,Subscription,Card Present,1,0,4,445,0,0,0.0
618,2025-02-21T10:00:00,47.49,Electronics,Card Present,1,0,5,275,0,0,0.0
619,2025-02-21T12:00:00,33.7,Cash Advance,Online,1,1,4,327,0,0,0.0
620,2025-02-21T14:00:00,94.62,Travel,Card Present,1,0,2,447,0,0,0.0
621,2025-02-21T16:00:00,505.28,Retail,Mobile,3,0,4,453,0,0,0.0
622,2025-02-21T18:00:00,391.23,Subscription,Mobile,1,0,4,589,0,0,0.0
623,2025-02-21T20:00:00,132.8,Subscription,ATM,3,1,4,370,0,0,0.0
624,2025-02-21T22:00:00,154.3,Dining,Card Present,1,1,3,397,0,0,0.0
625,2025-02-22T00:00:00,112.59,Electronics,Mobile,1,0,1,320,1,0,0.0
626,2025-02-22T02:00:00,59.76,Subscription,Online,3,0,1,617,1,0,0.0
627,2025-02-22T04:00:00,281.6,Cash Advance,Mobile,1,1,5,522,1,0,0.0
628,2025-02-22T06:00:00,218.06,Cash Advance,Online,2,0,2,344,1,0,0.0
629,2025-02-22T08:00:00,127.97,Dining,Card Present,1,0,4,160,1,0,0.0
630,2025-02-22T10:00:00,74.94,Electronics,Card Present,1,0,3,700,1,0,0.0
631,2025-02-22T12:00:00,97.6,Travel,Mobile,1,0,2,544,1,0,0.0
632,2025-02-22T14:00:00,141.06,Travel,ATM,1,1,2,350,1,0,0.0
633,2025-02-22T16:00:00,286.51,Dining,Online,1,0,1,264,1,0,0.0
634,2025-02-22T18:00:00,292.68,Cash Advance,Online,2,0,4,708,1,0,0.0
635,2025-02-22T20:00:00,122.71,Electronics,Mobile,3,0,4,692,1,0,0.0
636,2025-02-22T22:00:00,207.4,Dining,Mobile,1,0,5,580,1,0,0.0
637,2025-02-23T00:00:00,180.73,Subscription,Mobile,2,0,1,405,1,0,0.0
638,2025-02-23T02:00:00,162.12,Electronics,ATM,1,0,1,488,1,0,0.0
639,2025-02-23T04:00:00,245.08,Retail,ATM,2,1,3,279,1,0,0.0
640,2025-02-23T06:00:00,190.26,Cash Advance,Mobile,1,0,4,436,1,0,0.0
641,2025-02-23T08:00:00,129.49,Cash Advance,Mobile,1,0,1,443,1,0,0.0
642,2025-02-23T10:00:00,284.79,Electronics,Online,1,0,4,433,1,0,0.0
643,2025-02-23T12:00:00,293.79,Travel,Card Present,1,0,3,449,1,0,0.0
644,2025-02-23T14:00:00,101.44,Cash Advance,ATM,1,0,3,350,1,0,0.0
645,2025-02-23T16:00:00,105.25,Electronics,Card Present,3,0,3,559,1,0,0.0
646,2025-02-23T18:00:00,195.78,Cash Advance,Card Present,2,0,2,474,1,0,0.0
647,2025-02-23T20:00:00,144.11,Subscription,Online,2,1,5,644,1,0,0.0
648,2025-02-23T22:00:00,199.05,Dining,Mobile,3,0,1,400,1,0,0.0
649,2025-02-24T00:00:00,124.16,Dining,Online,2,0,3,312,0,0,0.0
650,2025-02-24T02:00:00,253.41,Dining,Card Present,1,0,3,360,0,0,0.0
651,2025-02-24T04:00:00,23.76,Subscription,Card Present,2,0,1,576,0,0,0.0
652,2025-02-24T06:00:00,94.49,Cash Advance,ATM,1,0,2,117,0,0,0.0
653,2025-02-24T08:00:00,23.41,Travel,Mobile,2,1,4,373,0,0,0.0
654,2025-02-24T10:00:00,128.02,Retail,Online,1,0,3,383,0,0,0.0
655,2025-02-24T12:00:00,313.31,Travel,Card Present,1,0,3,674,0,0,0.0
656,2025-02-24T14:00:00,114.93,Cash Advance,Card Present,1,0,2,436,0,0,0.0
657,2025-02-24T16:00:00,107.07,Subscription,Mobile,1,0,1,532,0,0,0.0
658,2025-02-24T18:00:00,314.86,Dining,ATM,2,0,5,272,0,0,0.0
659,2025-02-24T20:00:00,127.81,Dining,Mobile,2,2,3,638,0,0,0.0
660,2025-02-24T22:00:00,332.2,Subscription,Card Present,2,0,3,528,0,0,0.0
661,2025-02-25T00:00:00,210.79,Subscription,ATM,2,0,1,468,0,0,0.0
662,2025-02-25T02:00:00,88.61,Retail,ATM,1,1,3,491,0,0,0.0
663,2025-02-25T04:00:00,108.28,Electronics,Card Present,3,0,1,534,0,0,0.0
664,2025-02-25T06:00:00,213.49,Subscription,Card Present,2,0,1,51,0,0,0.0
665,2025-02-25T08:00:00,66.71,Electronics,Card Present,1,0,4,87,0,0,0.0
666,2025-02-25T10:00:00,194.61,Subscription,Mobile,2,0,2,537,0,0,0.0
667,2025-02-25T12:00:00,189.01,Subscription,Mobile,3,0,3,484,0,0,0.0
668,2025-02-25T14:00:00,83.04,Subscription,Card Present,1,0,2,389,0,0,0.0
669,2025-02-25T16:00:00,84.03,Subscription,Card Present,1,0,1,512,0,0,0.0
670,2025-02-25T18:00:00,340.84,Cash Advance,Mobile,2,1,1,585,0,0,0.0
671,2025-02-25T20:00:00,149.31,Subscription,Online,2,1,4,623,0,0,0.0
672,2025-02-25T22:00:00,72.76,Electronics,Card Present,1,2,4,243,0,0,0.0
673,2025-02-26T00:00:00,452.18,Electronics,Mobile,1,3,3,519,0,1,304.56
674,2025-02-26T02:00:00,206.0,Dining,Online,2,0,2,666,0,0,0.0
675,2025-02-26T04:00:00,54.37,Electronics,Card Present,2,0,1,712,0,0,0.0
676,2025-02-26T06:00:00,85.13,Electronics,Online,3,0,3,303,0,0,0.0
677,2025-02-26T08:00:00,88.73,Cash Advance,Online,3,1,2,474,0,0,0.0
678,2025-02-26T10:00:00,113.98,Dining,Mobile,1,1,2,376,0,0,0.0
679,2025-02-26T12:00:00,101.73,Travel,Online,2,0,2,561,0,0,0.0
680,2025-02-26T14:00:00,182.68,Retail,Online,1,1,1,593,0,0,0.0
681,2025-02-26T16:00:00,273.63,Subscription,Mobile,1,0,2,316,0,0,0.0
682,2025-02-26T18:00:00,175.36,Dining,Online,2,0,3,491,0,0,0.0
683,2025-02-26T20:00:00,334.73,Travel,Online,1,0,1,731,0,0,0.0
684,2025-02-26T22:00:00,96.52,Travel,Mobile,1,0,2,665,0,0,0.0
685,2025-02-27T00:00:00,113.51,Cash Advance,ATM,1,0,1,806,0,0,0.0
686,2025-02-27T02:00:00,137.1,Dining,Mobile,2,0,3,269,0,0,0.0
687,2025-02-27T04:00:00,252.73,Dining,ATM,1,0,4,196,0,0,0.0
688,2025-02-27T06:00:00,130.99,Cash Advance,Card Present,2,0,4,304,0,0,0.0
689,2025-02-27T08:00:00,8.9,Retail,ATM,2,0,3,450,0,0,0.0
690,2025-02-27T10:00:00,107.06,Subscription,Card Present,1,1,1,414,0,0,0.0
691,2025-02-27T12:00:00,45.44,Subscription,Card Present,1,1,2,539,0,0,0.0
692,2025-02-27T14:00:00,496.28,Retail,ATM,1,0,1,778,0,0,0.0
693,2025-02-27T16:00:00,99.6,Dining,ATM,1,1,4,514,0,0,0.0
694,2025-02-27T18:00:00,13.98,Electronics,Card Present,3,0,4,142,0,0,0.0
695,2025-02-27T20:00:00,214.53,Retail,Card Present,2,1,1,566,0,0,0.0
696,2025-02-27T22:00:00,187.38,Cash Advance,Mobile,1,0,4,612,0,0,0.0
697,2025-02-28T00:00:00,100.87,Electronics,ATM,1,0,2,405,0,0,0.0
698,2025-02-28T02:00:00,186.45,Travel,ATM,1,1,2,386,0,0,0.0
699,2025-02-28T04:00:00,218.26,Electronics,ATM,2,0,4,638,0,0,0.0
700,2025-02-28T06:00:00,104.57,Travel,Online,1,1,3,684,0,0,0.0
701,2025-02-28T08:00:00,215.75,Cash Advance,Online,2,1,3,441,0,0,0.0
702,2025-02-28T10:00:00,67.66,Dining,ATM,2,0,4,439,0,0,0.0
703,2025-02-28T12:00:00,286.69,Travel,Mobile,1,0,3,285,0,0,0.0
704,2025-02-28T14:00:00,160.14,Cash Advance,Mobile,1,1,3,256,0,0,0.0
705,2025-02-28T16:00:00,174.48,Retail,Mobile,1,1,3,452,0,0,0.0
706,2025-02-28T18:00:00,102.63,Subscription,Online,2,2,5,371,0,0,0.0
707,2025-02-28T20:00:00,174.91,Retail,Online,1,0,1,519,0,0,0.0
708,2025-02-28T22:00:00,125.43,Electronics,ATM,2,0,1,637,0,0,0.0
709,2025-03-01T00:00:00,101.54,Cash Advance,ATM,1,1,4,250,1,0,0.0
710,2025-03-01T02:00:00,187.18,Dining,Card Present,1,1,3,254,1,0,0.0
711,2025-03-01T04:00:00,235.68,Subscription,Mobile,1,1,3,233,1,0,0.0
712,2025-03-01T06:00:00,128.14,Cash Advance,Card Present,1,0,4,544,1,0,0.0
713,2025-03-01T08:00:00,102.66,Retail,Online,1,0,1,331,1,0,0.0
714,2025-03-01T10:00:00,34.37,Subscription,Online,1,0,2,71,1,0,0.0
715,2025-03-01T12:00:00,248.25,Dining,Card Present,3,0,1,282,1,0,0.0
716,2025-03-01T14:00:00,382.23,Retail,Mobile,2,0,2,662,1,0,0.0
717,2025-03-01T16:00:00,121.21,Travel,Online,1,0,2,490,1,0,0.0
718,2025-03-01T18:00:00,127.93,Cash Advance,Mobile,1,1,4,415,1,0,0.0
719,2025-03-01T20:00:00,59.36,Subscription,ATM,1,2,3,555,1,0,0.0
720,2025-03-01T22:00:00,274.3,Electronics,Online,3,0,1,355,1,1,178.67
721,2025-03-02T00:00:00,175.63,Cash Advance,Card Present,2,1,2,341,1,0,0.0
722,2025-03-02T02:00:00,89.32,Dining,Online,1,0,1,536,1,0,0.0
723,2025-03-02T04:00:00,146.3,Retail,Card Present,2,0,2,371,1,0,0.0
724,2025-03-02T06:00:00,192.49,Dining,Mobile,1,0,3,510,1,0,0.0
725,2025-03-02T08:00:00,176.02,Subscription,ATM,1,0,2,490,1,0,0.0
726,2025-03-02T10:00:00,133.77,Retail,Mobile,1,0,3,407,1,0,0.0
727,2025-03-02T12:00:00,42.51,Retail,Mobile,3,0,2,445,1,0,0.0
728,2025-03-02T14:00:00,164.93,Dining,Online,1,0,4,316,1,0,0.0
729,2025-03-02T16:00:00,77.47,Subscription,Mobile,1,0,4,524,1,0,0.0
730,2025-03-02T18:00:00,95.7,Electronics,Online,2,0,2,275,1,0,0.0
731,2025-03-02T20:00:00,213.92,Retail,Online,2,0,3,348,1,0,0.0
732,2025-03-02T22:00:00,249.68,Cash Advance,ATM,1,1,2,247,1,0,0.0
733,2025-03-03T00:00:00,42.41,Travel,Online,1,0,1,229,0,0,0.0
734,2025-03-03T02:00:00,239.04,Retail,Mobile,1,0,4,484,0,0,0.0
735,2025-03-03T04:00:00,119.06,Subscription,Card Present,1,0,3,279,0,0,0.0
736,2025-03-03T06:00:00,113.03,Dining,Mobile,3,0,5,348,0,0,0.0
737,2025-03-03T08:00:00,70.37,Electronics,Online,2,0,5,471,0,0,0.0
738,2025-03-03T10:00:00,228.08,Cash Advance,ATM,2,1,5,200,0,0,0.0
739,2025-03-03T12:00:00,146.15,Cash Advance,Mobile,1,0,6,572,0,0,0.0
740,2025-03-03T14:00:00,281.08,Cash Advance,ATM,1,1,3,486,0,0,0.0
741,2025-03-03T16:00:00,160.41,Retail,Online,1,0,4,385,0,0,0.0
742,2025-03-03T18:00:00,168.94,Cash Advance,Card Present,2,0,2,594,0,0,0.0
743,2025-03-03T20:00:00,122.57,Retail,Mobile,2,0,4,584,0,0,0.0
744,2025-03-03T22:00:00,196.07,Retail,Card Present,1,1,1,365,0,0,0.0
745,2025-03-04T00:00:00,76.51,Travel,Online,1,2,3,350,0,0,0.0
746,2025-03-04T02:00:00,290.72,Cash Advance,Card Present,1,1,2,67,0,0,0.0
747,2025-03-04T04:00:00,81.47,Travel,Mobile,1,1,6,469,0,0,0.0
748,2025-03-04T06:00:00,83.13,Cash Advance,Mobile,2,0,1,382,0,0,0.0
749,2025-03-04T08:00:00,167.52,Electronics,Card Present,1,0,2,381,0,0,0.0
750,2025-03-04T10:00:00,86.4,Cash Advance,ATM,1,1,1,142,0,0,0.0
751,2025-03-04T12:00:00,166.04,Dining,ATM,1,0,1,363,0,0,0.0
752,2025-03-04T14:00:00,247.38,Electronics,ATM,2,0,1,390,0,0,0.0
753,2025-03-04T16:00:00,129.24,Cash Advance,ATM,1,1,2,423,0,0,0.0
754,2025-03-04T18:00:00,254.89,Cash Advance,Online,1,0,3,446,0,0,0.0
755,2025-03-04T20:00:00,204.51,Subscription,Mobile,1,0,1,135,0,0,0.0
756,2025-03-04T22:00:00,36.83,Retail,Online,1,1,4,506,0,0,0.0
757,2025-03-05T00:00:00,141.83,Subscription,ATM,1,0,4,511,0,0,0.0
758,2025-03-05T02:00:00,245.06,Electronics,ATM,1,0,6,575,0,0,0.0
759,2025-03-05T04:00:00,475.4,Dining,ATM,1,0,2,281,0,0,0.0
760,2025-03-05T06:00:00,260.59,Cash Advance,Mobile,1,0,4,307,0,0,0.0
761,2025-03-05T08:00:00,33.84,Travel,Online,2,1,2,545,0,0,0.0
762,2025-03-05T10:00:00,173.92,Travel,Card Present,1,0,1,368,0,0,0.0
763,2025-03-05T12:00:00,292.71,Dining,ATM,1,0,3,458,0,0,0.0
764,2025-03-05T14:00:00,193.7,Dining,Card Present,1,0,3,219,0,0,0.0
765,2025-03-05T16:00:00,138.94,Dining,Mobile,2,0,5,530,0,0,0.0
766,2025-03-05T18:00:00,375.19,Travel,Card Present,1,0,3,434,0,0,0.0
767,2025-03-05T20:00:00,74.07,Retail,Mobile,1,1,4,815,0,0,0.0
768,2025-03-05T22:00:00,158.6,Electronics,Mobile,1,2,3,526,0,0,0.0
769,2025-03-06T00:00:00,133.68,Retail,Mobile,2,0,3,361,0,0,0.0
770,2025-03-06T02:00:00,269.31,Subscription,Online,1,1,1,289,0,0,0.0
771,2025-03-06T04:00:00,167.38,Electronics,Card Present,2,0,3,600,0,0,0.0
772,2025-03-06T06:00:00,163.67,Retail,Online,1,0,4,338,0,0,0.0
773,2025-03-06T08:00:00,584.39,Retail,ATM,1,0,4,417,0,0,0.0
774,2025-03-06T10:00:00,64.49,Retail,Card Present,2,0,1,185,0,0,0.0
775,2025-03-06T12:00:00,119.8,Cash Advance,Card Present,1,0,2,523,0,0,0.0
776,2025-03-06T14:00:00,155.24,Travel,Card Present,1,1,2,362,0,0,0.0
777,2025-03-06T16:00:00,174.83,Cash Advance,Mobile,2,1,4,343,0,0,0.0
778,2025-03-06T18:00:00,119.09,Electronics,Mobile,2,0,2,595,0,0,0.0
779,2025-03-06T20:00:00,122.23,Travel,Card Present,3,1,3,384,0,0,0.0
780,2025-03-06T22:00:00,249.27,Subscription,Online,2,0,3,413,0,0,0.0
781,2025-03-07T00:00:00,39.63,Dining,Card Present,1,0,2,227,0,0,0.0
782,2025-03-07T02:00:00,189.85,Retail,Online,1,1,1,334,0,0,0.0
783,2025-03-07T04:00:00,145.44,Subscription,ATM,3,0,1,325,0,0,0.0
784,2025-03-07T06:00:00,69.32,Subscription,ATM,2,0,3,198,0,0,0.0
785,2025-03-07T08:00:00,35.81,Subscription,Mobile,1,0,3,458,0,0,0.0
786,2025-03-07T10:00:00,92.63,Subscription,Online,2,2,1,263,0,0,0.0
787,2025-03-07T12:00:00,409.95,Dining,Mobile,1,0,2,664,0,0,0.0
788,2025-03-07T14:00:00,85.54,Dining,Mobile,2,0,1,363,0,0,0.0
789,2025-03-07T16:00:00,113.69,Subscription,Card Present,1,0,1,629,0,0,0.0
790,2025-03-07T18:00:00,171.32,Cash Advance,ATM,1,0,5,390,0,0,0.0
791,2025-03-07T20:00:00,204.65,Travel,Card Present,2,0,2,529,0,0,0.0
792,2025-03-07T22:00:00,163.49,Electronics,Online,1,0,1,919,0,0,0.0
793,2025-03-08T00:00:00,73.83,Dining,Online,1,1,5,506,1,0,0.0
794,2025-03-08T02:00:00,74.88,Cash Advance,ATM,1,0,2,535,1,0,0.0
795,2025-03-08T04:00:00,134.38,Retail,Mobile,1,0,4,531,1,0,0.0
796,2025-03-08T06:00:00,281.45,Dining,Card Present,1,2,3,351,1,0,0.0
797,2025-03-08T08:00:00,258.86,Cash Advance,Mobile,1,0,2,227,1,0,0.0
798,2025-03-08T10:00:00,121.8,Dining,Card Present,1,0,2,498,1,0,0.0
799,2025-03-08T12:00:00,191.67,Cash Advance,Online,1,1,2,272,1,0,0.0
800,2025-03-08T14:00:00,106.16,Retail,Online,1,1,4,481,1,0,0.0
801,2025-03-08T16:00:00,45.69,Travel,Card Present,2,0,2,553,1,0,0.0
802,2025-03-08T18:00:00,52.19,Subscription,Card Present,1,1,1,594,1,0,0.0
803,2025-03-08T20:00:00,229.66,Retail,Card Present,2,0,4,330,1,0,0.0
804,2025-03-08T22:00:00,229.5,Cash Advance,Online,1,0,1,644,1,0,0.0
805,2025-03-09T00:00:00,143.68,Subscription,ATM,1,0,4,253,1,0,0.0
806,2025-03-09T02:00:00,191.12,Travel,Online,1,0,3,290,1,0,0.0
807,2025-03-09T04:00:00,79.74,Cash Advance,Card Present,1,1,2,452,1,0,0.0
808,2025-03-09T06:00:00,102.2,Retail,Online,2,0,2,252,1,0,0.0
809,2025-03-09T08:00:00,118.54,Dining,Mobile,3,0,4,455,1,0,0.0
810,2025-03-09T10:00:00,181.45,Travel,Mobile,1,1,3,500,1,0,0.0
811,2025-03-09T12:00:00,39.95,Electronics,Online,1,0,4,388,1,0,0.0
812,2025-03-09T14:00:00,78.03,Dining,Card Present,1,0,1,360,1,0,0.0
813,2025-03-09T16:00:00,252.6,Dining,Card Present,2,0,2,215,1,0,0.0
814,2025-03-09T18:00:00,285.58,Cash Advance,Online,3,0,1,373,1,1,217.2
815,2025-03-09T20:00:00,24.25,Travel,Online,2,2,4,453,1,0,0.0
816,2025-03-09T22:00:00,89.71,Subscription,Card Present,1,0,1,412,1,0,0.0
817,2025-03-10T00:00:00,172.27,Subscription,ATM,1,0,2,364,0,0,0.0
818,2025-03-10T02:00:00,61.15,Subscription,Card Present,1,0,4,297,0,0,0.0
819,2025-03-10T04:00:00,149.22,Electronics,Mobile,1,2,5,857,0,0,0.0
820,2025-03-10T06:00:00,112.54,Dining,ATM,2,0,3,563,0,0,0.0
821,2025-03-10T08:00:00,162.71,Cash Advance,Online,1,0,1,484,0,0,0.0
822,2025-03-10T10:00:00,126.74,Subscription,Mobile,1,0,1,437,0,0,0.0
823,2025-03-10T12:00:00,176.07,Electronics,Online,1,0,3,377,0,0,0.0
824,2025-03-10T14:00:00,104.31,Electronics,Online,3,0,3,98,0,0,0.0
825,2025-03-10T16:00:00,194.28,Retail,Mobile,1,0,3,520,0,0,0.0
826,2025-03-10T18:00:00,182.52,Dining,Card Present,2,0,2,330,0,0,0.0
827,2025-03-10T20:00:00,112.6,Subscription,Mobile,1,1,2,84,0,0,0.0
828,2025-03-10T22:00:00,108.87,Retail,Card Present,1,0,1,390,0,0,0.0
829,2025-03-11T00:00:00,93.79,Travel,Card Present,1,0,1,196,0,0,0.0
830,2025-03-11T02:00:00,255.73,Cash Advance,Mobile,1,2,3,409,0,1,185.5
831,2025-03-11T04:00:00,88.23,Travel,Mobile,3,0,2,535,0,0,0.0
832,2025-03-11T06:00:00,146.66,Dining,Card Present,1,0,2,438,0,0,0.0
833,2025-03-11T08:00:00,404.9,Electronics,ATM,2,0,1,393,0,0,0.0
834,2025-03-11T10:00:00,87.53,Electronics,ATM,3,0,4,292,0,0,0.0
835,2025-03-11T12:00:00,31.68,Retail,Mobile,2,1,3,677,0,0,0.0
836,2025-03-11T14:00:00,202.55,Dining,Card Present,1,1,2,698,0,0,0.0
837,2025-03-11T16:00:00,142.34,Dining,Online,1,0,3,621,0,0,0.0
838,2025-03-11T18:00:00,291.08,Retail,ATM,1,0,3,492,0,0,0.0
839,2025-03-11T20:00:00,98.12,Cash Advance,Online,1,0,2,180,0,0,0.0
840,2025-03-11T22:00:00,146.77,Subscription,Mobile,1,0,1,691,0,0,0.0
841,2025-03-12T00:00:00,243.36,Subscription,Mobile,1,0,3,545,0,0,0.0
842,2025-03-12T02:00:00,166.74,Cash Advance,ATM,2,0,1,5,0,0,0.0
843,2025-03-12T04:00:00,138.25,Retail,Mobile,1,0,3,377,0,0,0.0
844,2025-03-12T06:00:00,239.19,Travel,Card Present,1,0,3,526,0,0,0.0
845,2025-03-12T08:00:00,64.16,Dining,Card Present,1,0,1,306,0,0,0.0
846,2025-03-12T10:00:00,93.07,Travel,Online,1,0,4,422,0,0,0.0
847,2025-03-12T12:00:00,142.72,Dining,ATM,2,0,3,498,0,0,0.0
848,2025-03-12T14:00:00,333.19,Cash Advance,Mobile,1,1,3,263,0,0,0.0
849,2025-03-12T16:00:00,235.91,Cash Advance,Mobile,1,1,1,708,0,0,0.0
850,2025-03-12T18:00:00,21.12,Dining,Online,2,0,1,489,0,0,0.0
851,2025-03-12T20:00:00,143.35,Travel,Online,1,0,4,599,0,0,0.0
852,2025-03-12T22:00:00,156.68,Subscription,Card Present,3,0,1,415,0,0,0.0
853,2025-03-13T00:00:00,104.66,Travel,Mobile,3,1,4,604,0,0,0.0
854,2025-03-13T02:00:00,241.81,Dining,Mobile,2,0,1,418,0,0,0.0
855,2025-03-13T04:00:00,116.33,Cash Advance,Mobile,2,0,1,190,0,0,0.0
856,2025-03-13T06:00:00,161.94,Retail,Card Present,2,0,2,626,0,0,0.0
857,2025-03-13T08:00:00,124.42,Cash Advance,ATM,2,0,5,621,0,0,0.0
858,2025-03-13T10:00:00,374.59,Subscription,Online,1,0,3,505,0,0,0.0
859,2025-03-13T12:00:00,128.08,Dining,Mobile,2,0,1,489,0,0,0.0
860,2025-03-13T14:00:00,133.71,Subscription,Mobile,1,1,2,402,0,0,0.0
861,2025-03-13T16:00:00,139.48,Travel,Mobile,3,0,4,433,0,0,0.0
862,2025-03-13T18:00:00,56.46,Travel,Online,2,0,4,720,0,0,0.0
863,2025-03-13T20:00:00,291.45,Subscription,ATM,1,0,3,260,0,0,0.0
864,2025-03-13T22:00:00,67.3,Travel,Card Present,1,0,1,501,0,0,0.0
865,2025-03-14T00:00:00,407.04,Subscription,Mobile,2,0,3,479,0,0,0.0
866,2025-03-14T02:00:00,116.97,Subscription,ATM,3,1,2,171,0,0,0.0
867,2025-03-14T04:00:00,338.61,Subscription,Mobile,3,1,4,432,0,0,0.0
868,2025-03-14T06:00:00,336.13,Cash Advance,Mobile,1,0,2,686,0,0,0.0
869,2025-03-14T08:00:00,358.2,Subscription,ATM,1,1,4,271,0,0,0.0
870,2025-03-14T10:00:00,91.34,Subscription,ATM,2,0,2,461,0,0,0.0
871,2025-03-14T12:00:00,187.16,Cash Advance,ATM,1,0,3,337,0,0,0.0
872,2025-03-14T14:00:00,53.86,Cash Advance,ATM,2,0,3,546,0,0,0.0
873,2025-03-14T16:00:00,164.3,Dining,ATM,1,0,1,195,0,0,0.0
874,2025-03-14T18:00:00,162.39,Retail,Mobile,1,0,2,506,0,0,0.0
875,2025-03-14T20:00:00,166.18,Electronics,Mobile,3,0,1,324,0,0,0.0
876,2025-03-14T22:00:00,51.06,Travel,ATM,2,0,2,291,0,0,0.0
877,2025-03-15T00:00:00,67.45,Dining,Online,1,1,3,327,1,0,0.0
878,2025-03-15T02:00:00,124.88,Dining,Online,2,2,3,524,1,0,0.0
879,2025-03-15T04:00:00,157.74,Subscription,Mobile,1,0,2,819,1,0,0.0
880,2025-03-15T06:00:00,110.32,Travel,Online,2,0,3,243,1,0,0.0
881,2025-03-15T08:00:00,264.66,Dining,ATM,2,2,3,371,1,0,0.0
882,2025-03-15T10:00:00,235.21,Travel,Online,1,0,2,712,1,0,0.0
883,2025-03-15T12:00:00,94.08,Electronics,ATM,1,1,2,343,1,0,0.0
884,2025-03-15T14:00:00,65.54,Electronics,Mobile,1,0,3,476,1,0,0.0
885,2025-03-15T16:00:00,154.68,Electronics,ATM,1,0,2,518,1,0,0.0
886,2025-03-15T18:00:00,352.0,Electronics,Card Present,1,0,1,508,1,0,0.0
887,2025-03-15T20:00:00,727.85,Travel,Mobile,3,1,3,208,1,0,0.0
888,2025-03-15T22:00:00,157.64,Travel,Online,1,0,1,477,1,0,0.0
889,2025-03-16T00:00:00,43.72,Cash Advance,ATM,1,2,2,425,1,0,0.0
890,2025-03-16T02:00:00,219.07,Electronics,ATM,1,0,2,755,1,0,0.0
891,2025-03-16T04:00:00,48.08,Electronics,Mobile,1,0,7,538,1,0,0.0
892,2025-03-16T06:00:00,89.23,Subscription,Online,1,0,1,466,1,0,0.0
893,2025-03-16T08:00:00,263.58,Travel,Mobile,3,0,1,401,1,1,196.03
894,2025-03-16T10:00:00,451.57,Travel,Card Present,1,1,2,401,1,0,0.0
895,2025-03-16T12:00:00,730.21,Subscription,Online,2,2,2,484,1,0,0.0
896,2025-03-16T14:00:00,242.31,Dining,Online,1,1,3,22,1,0,0.0
897,2025-03-16T16:00:00,61.35,Electronics,Mobile,2,0,3,457,1,0,0.0
898,2025-03-16T18:00:00,88.83,Travel,Card Present,1,0,5,130,1,0,0.0
899,2025-03-16T20:00:00,146.31,Dining,Card Present,3,0,2,230,1,0,0.0
900,2025-03-16T22:00:00,316.19,Electronics,Mobile,3,0,5,259,1,1,295.19
901,2025-03-17T00:00:00,39.24,Subscription,Mobile,1,1,3,534,0,0,0.0
902,2025-03-17T02:00:00,417.54,Travel,ATM,1,0,3,216,0,0,0.0
903,2025-03-17T04:00:00,51.09,Electronics,Card Present,2,0,1,102,0,0,0.0
904,2025-03-17T06:00:00,206.6,Dining,Mobile,1,1,1,687,0,0,0.0
905,2025-03-17T08:00:00,84.82,Cash Advance,Card Present,1,0,1,631,0,0,0.0
906,2025-03-17T10:00:00,321.21,Travel,ATM,1,0,2,456,0,0,0.0
907,2025-03-17T12:00:00,95.32,Cash Advance,ATM,2,0,1,481,0,0,0.0
908,2025-03-17T14:00:00,84.18,Travel,Card Present,2,0,4,204,0,0,0.0
909,2025-03-17T16:00:00,170.37,Retail,Online,1,0,1,168,0,0,0.0
910,2025-03-17T18:00:00,398.81,Travel,Mobile,1,0,4,381,0,0,0.0
911,2025-03-17T20:00:00,56.15,Dining,Mobile,2,0,1,152,0,0,0.0
912,2025-03-17T22:00:00,298.02,Dining,Mobile,1,1,3,5,0,0,0.0
913,2025-03-18T00:00:00,145.31,Cash Advance,Online,1,0,4,5,0,0,0.0
914,2025-03-18T02:00:00,150.55,Dining,Mobile,1,1,3,435,0,0,0.0
915,2025-03-18T04:00:00,43.89,Subscription,Card Present,2,0,1,529,0,0,0.0
916,2025-03-18T06:00:00,72.27,Subscription,Online,2,0,3,239,0,0,0.0
917,2025-03-18T08:00:00,148.81,Retail,ATM,2,3,4,463,0,0,0.0
918,2025-03-18T10:00:00,85.07,Subscription,Card Present,1,0,3,26,0,0,0.0
919,2025-03-18T12:00:00,399.03,Retail,ATM,2,0,3,774,0,0,0.0
920,2025-03-18T14:00:00,243.98,Dining,Mobile,1,0,3,157,0,0,0.0
921,2025-03-18T16:00:00,216.1,Travel,Card Present,1,0,4,209,0,0,0.0
922,2025-03-18T18:00:00,120.6,Subscription,Card Present,1,1,4,330,0,0,0.0
923,2025-03-18T20:00:00,188.02,Cash Advance,ATM,2,0,3,281,0,0,0.0
924,2025-03-18T22:00:00,485.59,Electronics,Mobile,1,0,4,555,0,0,0.0
925,2025-03-19T00:00:00,93.9,Cash Advance,Card Present,1,2,3,536,0,0,0.0
926,2025-03-19T02:00:00,25.66,Subscription,ATM,2,0,3,215,0,0,0.0
927,2025-03-19T04:00:00,211.19,Cash Advance,Online,2,0,3,758,0,0,0.0
928,2025-03-19T06:00:00,203.88,Retail,Mobile,2,0,3,548,0,0,0.0
929,2025-03-19T08:00:00,276.53,Cash Advance,ATM,1,1,1,245,0,0,0.0
930,2025-03-19T10:00:00,224.48,Subscription,Card Present,1,0,1,326,0,0,0.0
931,2025-03-19T12:00:00,139.45,Electronics,ATM,1,0,4,606,0,0,0.0
932,2025-03-19T14:00:00,141.83,Cash Advance,Card Present,1,1,4,471,0,0,0.0
933,2025-03-19T16:00:00,271.61,Dining,Mobile,1,0,3,365,0,0,0.0
934,2025-03-19T18:00:00,172.53,Dining,Mobile,2,0,3,349,0,0,0.0
935,2025-03-19T20:00:00,98.77,Travel,Mobile,1,1,1,315,0,0,0.0
936,2025-03-19T22:00:00,76.89,Cash Advance,Online,1,0,4,558,0,0,0.0
937,2025-03-20T00:00:00,278.79,Electronics,Mobile,2,0,4,640,0,0,0.0
938,2025-03-20T02:00:00,225.39,Travel,Mobile,1,0,5,593,0,0,0.0
939,2025-03-20T04:00:00,126.05,Retail,Online,1,1,4,869,0,0,0.0
940,2025-03-20T06:00:00,229.47,Retail,Mobile,3,0,6,522,0,0,0.0
941,2025-03-20T08:00:00,84.36,Cash Advance,ATM,2,0,3,567,0,0,0.0
942,2025-03-20T10:00:00,114.73,Retail,Mobile,2,0,4,444,0,0,0.0
943,2025-03-20T12:00:00,89.34,Cash Advance,ATM,1,0,5,192,0,0,0.0
944,2025-03-20T14:00:00,339.16,Retail,ATM,1,0,3,688,0,0,0.0
945,2025-03-20T16:00:00,61.04,Cash Advance,ATM,1,1,2,396,0,0,0.0
946,2025-03-20T18:00:00,252.81,Subscription,ATM,1,1,3,461,0,0,0.0
947,2025-03-20T20:00:00,243.38,Dining,Card Present,1,0,3,459,0,0,0.0
948,2025-03-20T22:00:00,97.63,Cash Advance,Online,1,0,3,295,0,0,0.0
949,2025-03-21T00:00:00,218.23,Subscription,Online,1,0,2,510,0,0,0.0
950,2025-03-21T02:00:00,97.0,Retail,Mobile,2,0,2,485,0,0,0.0
951,2025-03-21T04:00:00,49.15,Retail,Card Present,1,2,2,290,0,0,0.0
952,2025-03-21T06:00:00,182.78,Dining,Online,2,0,1,560,0,0,0.0
953,2025-03-21T08:00:00,90.12,Retail,Mobile,1,1,2,220,0,0,0.0
954,2025-03-21T10:00:00,64.11,Electronics,Card Present,1,2,2,412,0,0,0.0
955,2025-03-21T12:00:00,158.65,Electronics,ATM,3,0,4,645,0,0,0.0
956,2025-03-21T14:00:00,508.13,Retail,Online,1,0,2,271,0,0,0.0
957,2025-03-21T16:00:00,246.26,Cash Advance,ATM,1,0,3,167,0,0,0.0
958,2025-03-21T18:00:00,124.94,Subscription,ATM,1,2,1,159,0,0,0.0
959,2025-03-21T20:00:00,381.66,Subscription,Mobile,2,1,2,269,0,0,0.0
960,2025-03-21T22:00:00,174.24,Retail,Card Present,1,0,6,260,0,0,0.0
961,2025-03-22T00:00:00,82.84,Electronics,Mobile,1,0,5,409,1,0,0.0
962,2025-03-22T02:00:00,95.4,Retail,Card Present,2,1,4,237,1,0,0.0
963,2025-03-22T04:00:00,100.92,Cash Advance,ATM,1,0,4,333,1,0,0.0
964,2025-03-22T06:00:00,124.83,Cash Advance,Mobile,1,0,2,233,1,0,0.0
965,2025-03-22T08:00:00,526.57,Cash Advance,ATM,1,0,5,787,1,0,0.0
966,2025-03-22T10:00:00,35.49,Electronics,Card Present,1,1,1,262,1,0,0.0
967,2025-03-22T12:00:00,73.06,Subscription,Mobile,2,0,2,623,1,0,0.0
968,2025-03-22T14:00:00,157.06,Retail,Mobile,1,0,3,583,1,0,0.0
969,2025-03-22T16:00:00,97.14,Subscription,Card Present,1,1,1,342,1,0,0.0
970,2025-03-22T18:00:00,330.45,Dining,Card Present,2,0,2,428,1,0,0.0
971,2025-03-22T20:00:00,94.88,Cash Advance,ATM,1,0,3,275,1,0,0.0
972,2025-03-22T22:00:00,224.88,Travel,Card Present,3,0,2,504,1,0,0.0
973,2025-03-23T00:00:00,221.69,Cash Advance,ATM,1,0,4,424,1,0,0.0
974,2025-03-23T02:00:00,74.87,Subscription,Online,1,0,5,191,1,0,0.0
975,2025-03-23T04:00:00,78.16,Travel,Online,2,1,2,317,1,0,0.0
976,2025-03-23T06:00:00,175.02,Cash Advance,Card Present,1,0,2,464,1,0,0.0
977,2025-03-23T08:00:00,93.55,Electronics,ATM,1,0,2,574,1,0,0.0
978,2025-03-23T10:00:00,142.32,Retail,Card Present,2,0,3,574,1,0,0.0
979,2025-03-23T12:00:00,258.13,Retail,ATM,1,0,4,243,1,0,0.0
980,2025-03-23T14:00:00,242.78,Cash Advance,Mobile,2,1,3,494,1,0,0.0
981,2025-03-23T16:00:00,66.9,Electronics,ATM,1,0,4,272,1,0,0.0
982,2025-03-23T18:00:00,100.46,Travel,Card Present,3,0,4,611,1,0,0.0
983,2025-03-23T20:00:00,32.38,Cash Advance,Card Present,1,1,4,388,1,0,0.0
984,2025-03-23T22:00:00,318.64,Retail,Card Present,1,1,6,330,1,0,0.0
985,2025-03-24T00:00:00,279.26,Subscription,Online,2,1,3,336,0,0,0.0
986,2025-03-24T02:00:00,55.03,Cash Advance,ATM,1,0,2,610,0,0,0.0
987,2025-03-24T04:00:00,61.8,Electronics,Online,2,0,4,537,0,0,0.0
988,2025-03-24T06:00:00,119.08,Dining,Online,3,1,1,400,0,0,0.0
989,2025-03-24T08:00:00,146.11,Travel,Card Present,2,1,2,221,0,0,0.0
990,2025-03-24T10:00:00,97.42,Subscription,Card Present,1,0,3,361,0,0,0.0
991,2025-03-24T12:00:00,106.58,Retail,Online,1,0,1,572,0,0,0.0
992,2025-03-24T14:00:00,304.75,Electronics,Mobile,1,0,1,621,0,0,0.0
993,2025-03-24T16:00:00,31.27,Electronics,ATM,1,0,2,610,0,0,0.0
994,2025-03-24T18:00:00,328.8,Travel,Online,2,0,6,184,0,0,0.0
995,2025-03-24T20:00:00,271.83,Electronics,Mobile,1,0,3,633,0,0,0.0
996,2025-03-24T22:00:00,197.25,Electronics,Card Present,1,0,3,635,0,0,0.0
997,2025-03-25T00:00:00,157.86,Cash Advance,Card Present,2,0,1,255,0,0,0.0
998,2025-03-25T02:00:00,409.26,Electronics,Online,2,0,3,201,0,0,0.0
999,2025-03-25T04:00:00,268.0,Dining,Online,2,0,1,545,0,0,0.0
1000,2025-03-25T06:00:00,98.53,Subscription,Mobile,3,0,2,450,0,0,0.0
1001,2025-03-25T08:00:00,209.51,Subscription,Online,1,0,3,584,0,0,0.0
1002,2025-03-25T10:00:00,342.65,Cash Advance,ATM,3,0,3,381,0,0,0.0
1003,2025-03-25T12:00:00,70.02,Retail,Card Present,2,0,2,517,0,0,0.0
1004,2025-03-25T14:00:00,87.55,Dining,Mobile,1,2,2,5,0,0,0.0
1005,2025-03-25T16:00:00,51.66,Travel,Online,2,0,1,507,0,0,0.0
1006,2025-03-25T18:00:00,114.55,Subscription,Mobile,1,0,1,573,0,0,0.0
1007,2025-03-25T20:00:00,254.45,Subscription,Mobile,1,0,1,345,0,0,0.0
1008,2025-03-25T22:00:00,106.91,Cash Advance,Mobile,1,0,2,584,0,0,0.0
1009,2025-03-26T00:00:00,72.31,Retail,Card Present,1,1,2,301,0,0,0.0
1010,2025-03-26T02:00:00,173.35,Electronics,ATM,1,1,1,557,0,0,0.0
1011,2025-03-26T04:00:00,88.29,Subscription,Mobile,2,0,2,67,0,0,0.0
1012,2025-03-26T06:00:00,284.62,Electronics,Card Present,1,0,4,265,0,0,0.0
1013,2025-03-26T08:00:00,136.69,Electronics,Online,2,0,3,69,0,0,0.0
1014,2025-03-26T10:00:00,250.29,Travel,Card Present,1,0,2,180,0,0,0.0
1015,2025-03-26T12:00:00,205.01,Cash Advance,Mobile,1,1,5,245,0,0,0.0
1016,2025-03-26T14:00:00,202.51,Travel,Card Present,2,0,1,263,0,0,0.0
1017,2025-03-26T16:00:00,71.93,Retail,ATM,3,3,4,204,0,0,0.0
1018,2025-03-26T18:00:00,420.62,Retail,Online,1,1,3,301,0,0,0.0
1019,2025-03-26T20:00:00,333.93,Dining,Online,1,0,1,444,0,0,0.0
1020,2025-03-26T22:00:00,98.69,Dining,Mobile,2,0,1,179,0,0,0.0
1021,2025-03-27T00:00:00,270.23,Subscription,Mobile,1,0,1,423,0,0,0.0
1022,2025-03-27T02:00:00,91.58,Subscription,Mobile,2,0,4,307,0,0,0.0
1023,2025-03-27T04:00:00,201.36,Retail,Online,1,1,4,569,0,0,0.0
1024,2025-03-27T06:00:00,77.47,Subscription,Online,1,0,2,246,0,0,0.0
1025,2025-03-27T08:00:00,190.66,Travel,Online,1,0,1,155,0,0,0.0
1026,2025-03-27T10:00:00,379.31,Electronics,Mobile,2,1,1,417,0,0,0.0
1027,2025-03-27T12:00:00,79.66,Cash Advance,Online,1,1,4,702,0,0,0.0
1028,2025-03-27T14:00:00,136.97,Dining,ATM,2,0,2,670,0,0,0.0
1029,2025-03-27T16:00:00,158.11,Subscription,Mobile,2,1,4,397,0,0,0.0
1030,2025-03-27T18:00:00,59.76,Retail,Mobile,2,1,6,340,0,0,0.0
1031,2025-03-27T20:00:00,177.09,Subscription,Online,1,0,4,309,0,0,0.0
1032,2025-03-27T22:00:00,164.96,Electronics,Card Present,2,0,2,157,0,0,0.0
1033,2025-03-28T00:00:00,384.35,Cash Advance,ATM,2,0,3,74,0,0,0.0
1034,2025-03-28T02:00:00,64.01,Electronics,Mobile,1,0,2,316,0,0,0.0
1035,2025-03-28T04:00:00,39.2,Dining,Mobile,1,0,5,343,0,0,0.0
1036,2025-03-28T06:00:00,236.51,Retail,ATM,3,0,2,451,0,0,0.0
1037,2025-03-28T08:00:00,92.65,Electronics,Online,2,1,3,211,0,0,0.0
1038,2025-03-28T10:00:00,505.38,Electronics,ATM,3,0,3,539,0,0,0.0
1039,2025-03-28T12:00:00,23.42,Dining,ATM,1,0,5,15,0,0,0.0
1040,2025-03-28T14:00:00,180.82,Retail,Card Present,3,0,1,395,0,0,0.0
1041,2025-03-28T16:00:00,370.0,Travel,ATM,1,0,3,353,0,0,0.0
1042,2025-03-28T18:00:00,94.42,Dining,Card Present,3,0,2,362,0,0,0.0
1043,2025-03-28T20:00:00,101.1,Subscription,ATM,3,0,3,352,0,0,0.0
1044,2025-03-28T22:00:00,156.14,Retail,Online,1,0,4,226,0,0,0.0
1045,2025-03-29T00:00:00,64.02,Electronics,Online,1,1,2,532,1,0,0.0
1046,2025-03-29T02:00:00,298.54,Travel,Card Present,2,0,1,681,1,0,0.0
1047,2025-03-29T04:00:00,149.24,Electronics,Mobile,3,0,3,350,1,0,0.0
1048,2025-03-29T06:00:00,46.69,Dining,Mobile,1,0,2,262,1,0,0.0
1049,2025-03-29T08:00:00,63.39,Retail,Online,2,0,2,643,1,0,0.0
1050,2025-03-29T10:00:00,330.48,Electronics,ATM,1,0,4,552,1,0,0.0
1051,2025-03-29T12:00:00,163.46,Travel,ATM,1,1,1,541,1,0,0.0
1052,2025-03-29T14:00:00,155.17,Dining,Mobile,3,1,2,262,1,0,0.0
1053,2025-03-29T16:00:00,39.6,Dining,Online,3,0,2,551,1,0,0.0
1054,2025-03-29T18:00:00,179.32,Cash Advance,ATM,1,0,4,611,1,0,0.0
1055,2025-03-29T20:00:00,70.44,Cash Advance,Mobile,3,0,2,392,1,0,0.0
1056,2025-03-29T22:00:00,314.41,Dining,Card Present,1,0,2,425,1,0,0.0
1057,2025-03-30T00:00:00,360.73,Retail,Mobile,2,1,2,663,1,0,0.0
1058,2025-03-30T02:00:00,191.2,Travel,Card Present,1,0,3,590,1,0,0.0
1059,2025-03-30T04:00:00,184.23,Subscription,ATM,2,0,4,476,1,0,0.0
1060,2025-03-30T06:00:00,56.6,Cash Advance,Card Present,3,0,1,242,1,0,0.0
1061,2025-03-30T08:00:00,420.1,Electronics,Mobile,2,0,5,502,1,0,0.0
1062,2025-03-30T10:00:00,124.46,Cash Advance,ATM,2,1,3,560,1,0,0.0
1063,2025-03-30T12:00:00,168.92,Subscription,Mobile,1,0,1,166,1,0,0.0
1064,2025-03-30T14:00:00,78.3,Cash Advance,ATM,1,1,1,333,1,0,0.0
1065,2025-03-30T16:00:00,142.7,Cash Advance,Card Present,2,1,1,14,1,0,0.0
1066,2025-03-30T18:00:00,198.33,Dining,Card Present,2,1,3,559,1,0,0.0
1067,2025-03-30T20:00:00,141.19,Subscription,Mobile,1,0,3,53,1,0,0.0
1068,2025-03-30T22:00:00,81.48,Travel,Card Present,2,0,5,43,1,0,0.0
1069,2025-03-31T00:00:00,68.2,Dining,Mobile,1,0,2,588,0,0,0.0
1070,2025-03-31T02:00:00,136.17,Dining,Mobile,3,0,2,624,0,0,0.0
1071,2025-03-31T04:00:00,161.23,Electronics,Mobile,2,0,2,540,0,0,0.0
1072,2025-03-31T06:00:00,303.72,Electronics,Card Present,1,0,4,571,0,0,0.0
1073,2025-03-31T08:00:00,105.99,Subscription,Card Present,1,0,4,483,0,0,0.0
1074,2025-03-31T10:00:00,44.41,Travel,Online,1,0,2,273,0,0,0.0
1075,2025-03-31T12:00:00,147.76,Dining,ATM,1,0,1,342,0,0,0.0
1076,2025-03-31T14:00:00,37.05,Electronics,Card Present,1,0,4,86,0,0,0.0
1077,2025-03-31T16:00:00,51.68,Dining,Mobile,1,0,5,505,0,0,0.0
1078,2025-03-31T18:00:00,110.19,Electronics,Mobile,3,0,2,165,0,0,0.0
1079,2025-03-31T20:00:00,159.08,Cash Advance,Mobile,1,0,3,730,0,0,0.0
1080,2025-03-31T22:00:00,115.75,Subscription,ATM,1,0,3,321,0,0,0.0
1081,2025-04-01T00:00:00,135.41,Travel,Mobile,1,0,1,562,0,0,0.0
1082,2025-04-01T02:00:00,161.56,Cash Advance,ATM,3,0,2,850,0,0,0.0
1083,2025-04-01T04:00:00,78.79,Travel,Mobile,2,0,2,271,0,0,0.0
1084,2025-04-01T06:00:00,402.77,Electronics,Card Present,1,1,3,585,0,0,0.0
1085,2025-04-01T08:00:00,63.61,Subscription,ATM,2,1,4,479,0,0,0.0
1086,2025-04-01T10:00:00,31.11,Dining,Mobile,1,0,3,489,0,0,0.0
1087,2025-04-01T12:00:00,238.47,Retail,Online,1,0,2,325,0,0,0.0
1088,2025-04-01T14:00:00,87.5,Travel,Card Present,1,1,4,707,0,0,0.0
1089,2025-04-01T16:00:00,375.47,Cash Advance,Online,1,0,4,1019,0,0,0.0
1090,2025-04-01T18:00:00,63.89,Cash Advance,ATM,1,2,3,236,0,0,0.0
1091,2025-04-01T20:00:00,103.42,Electronics,Mobile,1,1,4,521,0,0,0.0
1092,2025-04-01T22:00:00,134.63,Electronics,Mobile,1,0,1,61,0,0,0.0
1093,2025-04-02T00:00:00,339.61,Retail,Card Present,1,1,2,617,0,0,0.0
1094,2025-04-02T02:00:00,296.06,Dining,Mobile,1,0,1,350,0,0,0.0
1095,2025-04-02T04:00:00,185.05,Retail,Card Present,2,0,3,298,0,0,0.0
1096,2025-04-02T06:00:00,29.48,Travel,Mobile,1,0,1,690,0,0,0.0
1097,2025-04-02T08:00:00,146.37,Subscription,ATM,1,2,5,341,0,0,0.0
1098,2025-04-02T10:00:00,120.35,Travel,ATM,1,0,1,535,0,0,0.0
1099,2025-04-02T12:00:00,393.97,Travel,Online,1,0,2,539,0,0,0.0
1100,2025-04-02T14:00:00,59.15,Dining,ATM,1,0,4,691,0,0,0.0
1101,2025-04-02T16:00:00,102.91,Subscription,Online,3,0,6,436,0,0,0.0
1102,2025-04-02T18:00:00,303.48,Travel,Online,2,0,3,459,0,0,0.0
1103,2025-04-02T20:00:00,173.27,Electronics,Card Present,1,0,3,560,0,0,0.0
1104,2025-04-02T22:00:00,74.27,Electronics,ATM,1,0,3,438,0,0,0.0
1105,2025-04-03T00:00:00,544.75,Subscription,Online,2,0,5,88,0,0,0.0
1106,2025-04-03T02:00:00,60.05,Retail,Card Present,1,1,5,372,0,0,0.0
1107,2025-04-03T04:00:00,101.07,Subscription,Online,1,0,2,409,0,0,0.0
1108,2025-04-03T06:00:00,284.91,Retail,Online,2,1,2,371,0,0,0.0
1109,2025-04-03T08:00:00,114.6,Electronics,ATM,3,0,4,117,0,0,0.0
1110,2025-04-03T10:00:00,244.93,Cash Advance,Card Present,2,0,2,668,0,0,0.0
1111,2025-04-03T12:00:00,339.79,Cash Advance,Mobile,1,2,2,488,0,1,278.29
1112,2025-04-03T14:00:00,331.45,Cash Advance,Mobile,1,0,3,438,0,0,0.0
1113,2025-04-03T16:00:00,120.25,Electronics,Mobile,1,0,1,474,0,0,0.0
1114,2025-04-03T18:00:00,57.5,Electronics,Mobile,2,0,2,301,0,0,0.0
1115,2025-04-03T20:00:00,186.44,Electronics,ATM,1,0,1,286,0,0,0.0
1116,2025-04-03T22:00:00,251.99,Travel,Mobile,3,0,2,142,0,0,0.0
1117,2025-04-04T00:00:00,224.09,Dining,Card Present,1,0,4,187,0,0,0.0
1118,2025-04-04T02:00:00,196.25,Travel,Mobile,1,0,4,374,0,0,0.0
1119,2025-04-04T04:00:00,157.55,Retail,ATM,2,0,3,693,0,0,0.0
1120,2025-04-04T06:00:00,48.29,Subscription,Card Present,1,0,4,624,0,0,0.0
1121,2025-04-04T08:00:00,82.45,Retail,Mobile,1,1,4,770,0,0,0.0
1122,2025-04-04T10:00:00,224.4,Cash Advance,ATM,1,0,2,318,0,0,0.0
1123,2025-04-04T12:00:00,71.74,Cash Advance,Mobile,1,0,3,567,0,0,0.0
1124,2025-04-04T14:00:00,116.41,Dining,ATM,1,0,5,408,0,0,0.0
1125,2025-04-04T16:00:00,629.9,Subscription,ATM,1,0,2,398,0,0,0.0
1126,2025-04-04T18:00:00,171.04,Subscription,Mobile,2,0,2,449,0,0,0.0
1127,2025-04-04T20:00:00,32.94,Retail,Card Present,1,0,5,258,0,0,0.0
1128,2025-04-04T22:00:00,294.91,Electronics,Online,2,0,2,500,0,0,0.0
1129,2025-04-05T00:00:00,242.41,Travel,Online,1,0,2,412,1,0,0.0
1130,2025-04-05T02:00:00,340.09,Electronics,ATM,1,1,1,407,1,0,0.0
1131,2025-04-05T04:00:00,142.22,Retail,ATM,3,1,2,316,1,0,0.0
1132,2025-04-05T06:00:00,112.25,Dining,Mobile,1,0,5,334,1,0,0.0
1133,2025-04-05T08:00:00,160.88,Cash Advance,Card Present,2,1,1,471,1,0,0.0
1134,2025-04-05T10:00:00,260.59,Electronics,ATM,2,0,4,354,1,0,0.0
1135,2025-04-05T12:00:00,28.21,Travel,ATM,2,0,2,244,1,0,0.0
1136,2025-04-05T14:00:00,67.03,Travel,Mobile,1,1,5,353,1,0,0.0
1137,2025-04-05T16:00:00,241.19,Cash Advance,ATM,3,0,5,481,1,0,0.0
1138,2025-04-05T18:00:00,314.61,Travel,Mobile,1,0,1,323,1,0,0.0
1139,2025-04-05T20:00:00,234.51,Subscription,ATM,3,0,1,780,1,0,0.0
1140,2025-04-05T22:00:00,133.13,Cash Advance,Online,3,3,1,547,1,1,131.35
1141,2025-04-06T00:00:00,192.71,Subscription,Online,2,2,3,704,1,0,0.0
1142,2025-04-06T02:00:00,267.52,Cash Advance,ATM,2,0,2,822,1,0,0.0
1143,2025-04-06T04:00:00,124.78,Electronics,Card Present,1,1,2,684,1,0,0.0
1144,2025-04-06T06:00:00,71.35,Dining,ATM,1,0,1,229,1,0,0.0
1145,2025-04-06T08:00:00,159.44,Electronics,Mobile,1,0,3,532,1,0,0.0
1146,2025-04-06T10:00:00,75.93,Dining,Card Present,2,1,5,376,1,0,0.0
1147,2025-04-06T12:00:00,190.37,Travel,Card Present,1,0,2,360,1,0,0.0
1148,2025-04-06T14:00:00,104.95,Retail,Card Present,1,0,2,94,1,0,0.0
1149,2025-04-06T16:00:00,52.16,Cash Advance,Mobile,2,1,4,729,1,0,0.0
1150,2025-04-06T18:00:00,152.0,Cash Advance,Mobile,1,1,4,757,1,0,0.0
1151,2025-04-06T20:00:00,161.55,Dining,Card Present,1,2,2,408,1,0,0.0
1152,2025-04-06T22:00:00,208.78,Dining,Card Present,2,0,1,451,1,0,0.0
1153,2025-04-07T00:00:00,89.36,Cash Advance,Card Present,1,2,2,567,0,0,0.0
1154,2025-04-07T02:00:00,143.2,Cash Advance,Online,3,0,5,288,0,0,0.0
1155,2025-04-07T04:00:00,344.48,Travel,ATM,1,0,1,632,0,0,0.0
1156,2025-04-07T06:00:00,299.3,Dining,Card Present,1,1,4,183,0,0,0.0
1157,2025-04-07T08:00:00,138.01,Electronics,Mobile,1,0,2,240,0,0,0.0
1158,2025-04-07T10:00:00,97.82,Travel,ATM,1,1,4,497,0,0,0.0
1159,2025-04-07T12:00:00,308.67,Electronics,Online,1,0,3,343,0,0,0.0
1160,2025-04-07T14:00:00,94.88,Subscription,Mobile,1,0,5,285,0,0,0.0
1161,2025-04-07T16:00:00,63.5,Subscription,Online,1,0,1,528,0,0,0.0
1162,2025-04-07T18:00:00,148.62,Retail,Card Present,1,1,4,489,0,0,0.0
1163,2025-04-07T20:00:00,56.91,Subscription,Mobile,1,0,2,525,0,0,0.0
1164,2025-04-07T22:00:00,169.67,Electronics,Mobile,2,2,3,124,0,0,0.0
1165,2025-04-08T00:00:00,162.18,Retail,Mobile,1,0,4,293,0,0,0.0
1166,2025-04-08T02:00:00,218.76,Subscription,Mobile,1,0,1,661,0,0,0.0
1167,2025-04-08T04:00:00,83.86,Electronics,Card Present,1,0,3,271,0,0,0.0
1168,2025-04-08T06:00:00,240.3,Electronics,Mobile,2,0,2,532,0,0,0.0
1169,2025-04-08T08:00:00,294.65,Cash Advance,Mobile,2,0,2,286,0,0,0.0
1170,2025-04-08T10:00:00,367.11,Subscription,Online,2,1,5,344,0,0,0.0
1171,2025-04-08T12:00:00,317.51,Subscription,Mobile,1,2,3,578,0,0,0.0
1172,2025-04-08T14:00:00,204.18,Subscription,Online,1,1,2,473,0,0,0.0
1173,2025-04-08T16:00:00,209.47,Cash Advance,ATM,2,0,4,314,0,0,0.0
1174,2025-04-08T18:00:00,86.14,Retail,Card Present,1,1,5,489,0,0,0.0
1175,2025-04-08T20:00:00,258.93,Cash Advance,ATM,2,0,1,101,0,0,0.0
1176,2025-04-08T22:00:00,313.48,Cash Advance,Mobile,2,1,6,120,0,0,0.0
1177,2025-04-09T00:00:00,93.82,Subscription,ATM,1,0,5,347,0,0,0.0
1178,2025-04-09T02:00:00,159.27,Retail,Online,1,0,1,332,0,0,0.0
1179,2025-04-09T04:00:00,54.47,Electronics,ATM,1,0,2,498,0,0,0.0
1180,2025-04-09T06:00:00,83.27,Travel,Mobile,1,0,3,301,0,0,0.0
1181,2025-04-09T08:00:00,181.75,Travel,Card Present,3,0,1,117,0,0,0.0
1182,2025-04-09T10:00:00,367.87,Electronics,Mobile,2,0,2,618,0,0,0.0
1183,2025-04-09T12:00:00,204.83,Dining,Card Present,2,0,3,240,0,0,0.0
1184,2025-04-09T14:00:00,75.25,Travel,Online,1,0,2,511,0,0,0.0
1185,2025-04-09T16:00:00,135.95,Dining,Card Present,1,0,2,219,0,0,0.0
1186,2025-04-09T18:00:00,69.16,Subscription,Card Present,2,0,3,369,0,0,0.0
1187,2025-04-09T20:00:00,99.76,Electronics,Mobile,2,0,1,403,0,0,0.0
1188,2025-04-09T22:00:00,409.79,Retail,Card Present,3,2,2,52,0,1,393.15
1189,2025-04-10T00:00:00,126.29,Travel,Card Present,1,0,4,628,0,0,0.0
1190,2025-04-10T02:00:00,212.16,Subscription,Card Present,2,0,3,32,0,0,0.0
1191,2025-04-10T04:00:00,148.03,Retail,Mobile,2,0,2,5,0,0,0.0
1192,2025-04-10T06:00:00,142.69,Dining,Card Present,1,0,3,700,0,0,0.0
1193,2025-04-10T08:00:00,142.19,Retail,Card Present,1,0,4,283,0,0,0.0
1194,2025-04-10T10:00:00,114.6,Dining,Online,1,0,4,671,0,0,0.0
1195,2025-04-10T12:00:00,147.03,Dining,Card Present,1,0,1,587,0,0,0.0
1196,2025-04-10T14:00:00,46.82,Electronics,Online,2,0,4,403,0,0,0.0
1197,2025-04-10T16:00:00,142.08,Electronics,Mobile,1,0,4,634,0,0,0.0
1198,2025-04-10T18:00:00,231.89,Travel,Mobile,1,0,1,198,0,0,0.0
1199,2025-04-10T20:00:00,28.93,Electronics,Mobile,1,0,2,523,0,0,0.0
1200,2025-04-10T22:00:00,156.29,Dining,Mobile,3,1,4,499,0,0,0.0
1201,2025-04-11T00:00:00,161.55,Electronics,Mobile,1,1,1,478,0,0,0.0
1202,2025-04-11T02:00:00,446.51,Retail,ATM,1,0,3,588,0,0,0.0
1203,2025-04-11T04:00:00,126.36,Subscription,Mobile,1,0,4,159,0,0,0.0
1204,2025-04-11T06:00:00,70.51,Dining,ATM,2,0,2,267,0,0,0.0
1205,2025-04-11T08:00:00,69.69,Travel,Mobile,3,1,3,125,0,0,0.0
1206,2025-04-11T10:00:00,70.87,Subscription,Card Present,1,0,2,672,0,0,0.0
1207,2025-04-11T12:00:00,96.41,Dining,ATM,1,0,1,376,0,0,0.0
1208,2025-04-11T14:00:00,154.85,Retail,Online,1,0,4,533,0,0,0.0
1209,2025-04-11T16:00:00,157.47,Retail,Online,2,1,5,487,0,0,0.0
1210,2025-04-11T18:00:00,178.29,Cash Advance,ATM,1,0,2,304,0,0,0.0
1211,2025-04-11T20:00:00,100.91,Electronics,Mobile,1,1,5,235,0,0,0.0
1212,2025-04-11T22:00:00,126.01,Electronics,ATM,1,0,1,311,0,0,0.0
1213,2025-04-12T00:00:00,124.98,Retail,Online,1,0,3,365,1,0,0.0
1214,2025-04-12T02:00:00,81.3,Travel,Card Present,2,0,1,486,1,0,0.0
1215,2025-04-12T04:00:00,91.59,Cash Advance,Card Present,1,0,2,530,1,0,0.0
1216,2025-04-12T06:00:00,169.82,Dining,Online,2,1,1,269,1,0,0.0
1217,2025-04-12T08:00:00,244.55,Subscription,Online,1,1,1,362,1,0,0.0
1218,2025-04-12T10:00:00,70.95,Cash Advance,Mobile,3,0,1,435,1,0,0.0
1219,2025-04-12T12:00:00,119.26,Cash Advance,Mobile,2,0,3,119,1,0,0.0
1220,2025-04-12T14:00:00,122.29,Travel,Online,1,2,4,363,1,0,0.0
1221,2025-04-12T16:00:00,370.94,Travel,ATM,2,0,1,517,1,0,0.0
1222,2025-04-12T18:00:00,233.45,Retail,Card Present,2,1,1,304,1,0,0.0
1223,2025-04-12T20:00:00,59.24,Subscription,Card Present,1,0,3,383,1,0,0.0
1224,2025-04-12T22:00:00,93.79,Cash Advance,Mobile,2,0,2,589,1,0,0.0
1225,2025-04-13T00:00:00,271.21,Retail,ATM,3,1,2,386,1,0,0.0
1226,2025-04-13T02:00:00,205.9,Travel,Mobile,2,1,2,595,1,0,0.0
1227,2025-04-13T04:00:00,55.22,Cash Advance,ATM,1,1,4,230,1,0,0.0
1228,2025-04-13T06:00:00,102.18,Travel,Mobile,3,0,4,416,1,0,0.0
1229,2025-04-13T08:00:00,79.78,Subscription,ATM,1,0,3,193,1,0,0.0
1230,2025-04-13T10:00:00,136.39,Cash Advance,ATM,2,1,3,298,1,0,0.0
1231,2025-04-13T12:00:00,313.23,Electronics,Online,1,1,3,422,1,0,0.0
1232,2025-04-13T14:00:00,392.27,Electronics,Online,1,1,1,682,1,0,0.0
1233,2025-04-13T16:00:00,186.5,Retail,Online,1,0,2,422,1,0,0.0
1234,2025-04-13T18:00:00,171.09,Subscription,ATM,3,0,1,540,1,0,0.0
1235,2025-04-13T20:00:00,146.41,Dining,Card Present,1,0,4,740,1,0,0.0
1236,2025-04-13T22:00:00,240.39,Cash Advance,Mobile,3,0,4,557,1,0,0.0
1237,2025-04-14T00:00:00,97.14,Retail,Mobile,2,0,1,312,0,0,0.0
1238,2025-04-14T02:00:00,333.07,Subscription,Online,2,0,1,669,0,0,0.0
1239,2025-04-14T04:00:00,157.26,Cash Advance,ATM,1,1,4,385,0,0,0.0
1240,2025-04-14T06:00:00,132.47,Travel,Mobile,2,2,3,311,0,0,0.0
1241,2025-04-14T08:00:00,198.56,Cash Advance,Card Present,2,0,3,863,0,0,0.0
1242,2025-04-14T10:00:00,180.9,Retail,Card Present,1,1,3,439,0,0,0.0
1243,2025-04-14T12:00:00,92.21,Retail,ATM,1,1,1,365,0,0,0.0
1244,2025-04-14T14:00:00,175.52,Retail,Online,1,0,1,661,0,0,0.0
1245,2025-04-14T16:00:00,90.18,Travel,Mobile,1,0,4,389,0,0,0.0
1246,2025-04-14T18:00:00,176.7,Dining,Mobile,2,0,2,598,0,0,0.0
1247,2025-04-14T20:00:00,79.28,Cash Advance,Card Present,2,1,3,328,0,0,0.0
1248,2025-04-14T22:00:00,276.05,Electronics,ATM,1,0,3,452,0,0,0.0
1249,2025-04-15T00:00:00,69.27,Travel,Online,1,1,4,374,0,0,0.0
1250,2025-04-15T02:00:00,183.6,Dining,ATM,3,0,2,134,0,0,0.0
1251,2025-04-15T04:00:00,114.53,Dining,ATM,2,0,1,431,0,0,0.0
1252,2025-04-15T06:00:00,102.66,Travel,ATM,2,1,2,249,0,0,0.0
1253,2025-04-15T08:00:00,87.92,Travel,Card Present,1,0,4,5,0,0,0.0
1254,2025-04-15T10:00:00,76.54,Cash Advance,ATM,1,0,5,566,0,0,0.0
1255,2025-04-15T12:00:00,258.09,Cash Advance,ATM,1,0,2,881,0,0,0.0
1256,2025-04-15T14:00:00,115.29,Retail,ATM,2,0,7,321,0,0,0.0
1257,2025-04-15T16:00:00,204.62,Retail,Online,3,1,1,379,0,0,0.0
1258,2025-04-15T18:00:00,330.64,Dining,Card Present,2,0,3,145,0,0,0.0
1259,2025-04-15T20:00:00,268.88,Cash Advance,Card Present,2,0,1,247,0,0,0.0
1260,2025-04-15T22:00:00,32.8,Dining,Mobile,2,0,2,397,0,0,0.0
1261,2025-04-16T00:00:00,226.5,Dining,Mobile,1,0,3,220,0,0,0.0
1262,2025-04-16T02:00:00,302.85,Retail,Mobile,2,1,3,476,0,0,0.0
1263,2025-04-16T04:00:00,225.18,Subscription,Card Present,1,0,2,379,0,0,0.0
1264,2025-04-16T06:00:00,95.38,Travel,ATM,3,0,2,302,0,0,0.0
1265,2025-04-16T08:00:00,212.97,Cash Advance,Card Present,2,0,3,546,0,0,0.0
1266,2025-04-16T10:00:00,251.12,Travel,Mobile,1,0,2,473,0,0,0.0
1267,2025-04-16T12:00:00,51.51,Subscription,Mobile,2,0,4,404,0,0,0.0
1268,2025-04-16T14:00:00,241.63,Retail,Online,1,1,1,228,0,0,0.0
1269,2025-04-16T16:00:00,88.02,Dining,Mobile,1,0,3,259,0,0,0.0
1270,2025-04-16T18:00:00,304.15,Dining,Card Present,2,2,4,273,0,0,0.0
1271,2025-04-16T20:00:00,102.43,Dining,ATM,1,1,5,542,0,0,0.0
1272,2025-04-16T22:00:00,113.31,Dining,ATM,2,0,3,287,0,0,0.0
1273,2025-04-17T00:00:00,247.72,Travel,Card Present,1,0,3,473,0,0,0.0
1274,2025-04-17T02:00:00,339.52,Dining,Mobile,1,0,1,433,0,0,0.0
1275,2025-04-17T04:00:00,195.38,Electronics,Card Present,1,1,3,128,0,0,0.0
1276,2025-04-17T06:00:00,82.97,Cash Advance,Mobile,1,1,2,460,0,0,0.0
1277,2025-04-17T08:00:00,88.91,Subscription,Mobile,2,0,3,369,0,0,0.0
1278,2025-04-17T10:00:00,126.1,Dining,Online,1,1,3,523,0,0,0.0
1279,2025-04-17T12:00:00,59.89,Cash Advance,Card Present,1,0,3,278,0,0,0.0
1280,2025-04-17T14:00:00,395.19,Cash Advance,Card Present,1,1,6,637,0,0,0.0
1281,2025-04-17T16:00:00,225.91,Retail,Online,1,1,2,493,0,0,0.0
1282,2025-04-17T18:00:00,149.02,Cash Advance,Online,1,0,3,472,0,0,0.0
1283,2025-04-17T20:00:00,140.01,Subscription,Card Present,1,0,1,323,0,0,0.0
1284,2025-04-17T22:00:00,37.37,Cash Advance,Online,1,0,1,427,0,0,0.0
1285,2025-04-18T00:00:00,69.61,Dining,Card Present,1,0,2,675,0,0,0.0
1286,2025-04-18T02:00:00,351.88,Cash Advance,Card Present,1,0,4,672,0,0,0.0
1287,2025-04-18T04:00:00,60.08,Travel,Mobile,2,1,3,257,0,0,0.0
1288,2025-04-18T06:00:00,135.19,Dining,Online,2,1,3,441,0,0,0.0
1289,2025-04-18T08:00:00,47.05,Travel,Online,1,0,2,336,0,0,0.0
1290,2025-04-18T10:00:00,111.45,Subscription,Card Present,2,1,3,451,0,0,0.0
1291,2025-04-18T12:00:00,78.92,Electronics,Online,2,0,3,93,0,0,0.0
1292,2025-04-18T14:00:00,189.57,Retail,Card Present,3,0,2,425,0,0,0.0
1293,2025-04-18T16:00:00,126.1,Retail,Online,2,0,3,127,0,0,0.0
1294,2025-04-18T18:00:00,265.56,Dining,Mobile,2,0,2,301,0,0,0.0
1295,2025-04-18T20:00:00,306.85,Cash Advance,Mobile,1,0,3,167,0,0,0.0
1296,2025-04-18T22:00:00,69.67,Cash Advance,Card Present,1,2,1,241,0,0,0.0
1297,2025-04-19T00:00:00,263.15,Cash Advance,Online,1,1,3,868,1,0,0.0
1298,2025-04-19T02:00:00,309.27,Cash Advance,Mobile,3,1,4,12,1,1,249.88
1299,2025-04-19T04:00:00,100.53,Retail,Mobile,1,1,3,559,1,0,0.0
1300,2025-04-19T06:00:00,301.94,Subscription,ATM,1,0,3,532,1,0,0.0
1301,2025-04-19T08:00:00,141.2,Electronics,Card Present,1,0,1,392,1,0,0.0
1302,2025-04-19T10:00:00,77.49,Travel,Card Present,1,0,3,388,1,0,0.0
1303,2025-04-19T12:00:00,128.64,Dining,ATM,2,2,4,499,1,0,0.0
1304,2025-04-19T14:00:00,188.05,Travel,Card Present,3,0,3,731,1,0,0.0
1305,2025-04-19T16:00:00,49.36,Electronics,Mobile,1,0,3,335,1,0,0.0
1306,2025-04-19T18:00:00,51.64,Retail,Online,1,1,2,447,1,0,0.0
1307,2025-04-19T20:00:00,86.23,Travel,Online,1,0,3,577,1,0,0.0
1308,2025-04-19T22:00:00,124.07,Electronics,Card Present,1,0,3,467,1,0,0.0
1309,2025-04-20T00:00:00,113.78,Travel,ATM,1,0,1,716,1,0,0.0
1310,2025-04-20T02:00:00,246.0,Retail,Online,2,0,2,377,1,0,0.0
1311,2025-04-20T04:00:00,267.45,Electronics,Card Present,3,1,3,617,1,0,0.0
1312,2025-04-20T06:00:00,119.77,Electronics,Card Present,2,0,4,377,1,0,0.0
1313,2025-04-20T08:00:00,192.62,Retail,Mobile,1,0,3,527,1,0,0.0
1314,2025-04-20T10:00:00,240.57,Travel,Card Present,2,1,4,438,1,0,0.0
1315,2025-04-20T12:00:00,285.35,Retail,Card Present,1,0,3,706,1,0,0.0
1316,2025-04-20T14:00:00,164.4,Dining,Mobile,1,0,6,352,1,0,0.0
1317,2025-04-20T16:00:00,118.92,Travel,Online,1,0,5,661,1,0,0.0
1318,2025-04-20T18:00:00,205.05,Subscription,ATM,1,0,2,333,1,0,0.0
1319,2025-04-20T20:00:00,186.09,Dining,ATM,1,0,6,231,1,0,0.0
1320,2025-04-20T22:00:00,300.8,Travel,ATM,1,1,2,376,1,0,0.0
1321,2025-04-21T00:00:00,187.04,Subscription,ATM,2,0,2,544,0,0,0.0
1322,2025-04-21T02:00:00,160.99,Cash Advance,Mobile,1,1,1,575,0,0,0.0
1323,2025-04-21T04:00:00,79.2,Electronics,Online,2,0,1,374,0,0,0.0
1324,2025-04-21T06:00:00,145.48,Electronics,ATM,1,0,3,350,0,0,0.0
1325,2025-04-21T08:00:00,74.88,Retail,ATM,1,1,4,458,0,0,0.0
1326,2025-04-21T10:00:00,129.55,Retail,Mobile,1,0,3,416,0,0,0.0
1327,2025-04-21T12:00:00,102.88,Travel,ATM,1,1,3,519,0,0,0.0
1328,2025-04-21T14:00:00,70.32,Retail,Mobile,1,0,2,228,0,0,0.0
1329,2025-04-21T16:00:00,202.11,Subscription,Mobile,1,0,4,312,0,0,0.0
1330,2025-04-21T18:00:00,49.82,Dining,Mobile,2,0,1,445,0,0,0.0
1331,2025-04-21T20:00:00,76.89,Electronics,Online,1,0,6,400,0,0,0.0
1332,2025-04-21T22:00:00,397.78,Dining,Mobile,1,1,3,89,0,0,0.0
1333,2025-04-22T00:00:00,50.44,Dining,ATM,1,0,4,555,0,0,0.0
1334,2025-04-22T02:00:00,54.46,Travel,Card Present,1,0,5,256,0,0,0.0
1335,2025-04-22T04:00:00,155.17,Retail,ATM,2,2,2,336,0,0,0.0
1336,2025-04-22T06:00:00,30.22,Dining,ATM,1,1,1,392,0,0,0.0
1337,2025-04-22T08:00:00,136.75,Cash Advance,Mobile,2,1,3,541,0,0,0.0
1338,2025-04-22T10:00:00,290.35,Dining,Online,1,4,3,362,0,0,0.0
1339,2025-04-22T12:00:00,319.02,Retail,Mobile,1,0,1,476,0,0,0.0
1340,2025-04-22T14:00:00,124.89,Subscription,ATM,2,0,3,524,0,0,0.0
1341,2025-04-22T16:00:00,121.29,Cash Advance,Mobile,1,0,3,268,0,0,0.0
1342,2025-04-22T18:00:00,109.35,Cash Advance,ATM,3,0,2,520,0,0,0.0
1343,2025-04-22T20:00:00,68.81,Travel,Online,2,1,2,490,0,0,0.0
1344,2025-04-22T22:00:00,68.37,Retail,Online,3,1,1,341,0,0,0.0
1345,2025-04-23T00:00:00,74.32,Cash Advance,ATM,2,2,3,631,0,0,0.0
1346,2025-04-23T02:00:00,173.27,Travel,Card Present,2,0,1,179,0,0,0.0
1347,2025-04-23T04:00:00,57.13,Dining,Card Present,1,1,3,145,0,0,0.0
1348,2025-04-23T06:00:00,154.19,Travel,Mobile,1,0,4,459,0,0,0.0
1349,2025-04-23T08:00:00,311.09,Dining,Mobile,3,0,1,702,0,0,0.0
1350,2025-04-23T10:00:00,68.88,Electronics,Mobile,2,0,6,240,0,0,0.0
1351,2025-04-23T12:00:00,188.45,Cash Advance,Online,1,1,3,435,0,0,0.0
1352,2025-04-23T14:00:00,110.49,Cash Advance,Mobile,2,1,2,318,0,0,0.0
1353,2025-04-23T16:00:00,86.99,Dining,ATM,3,0,2,702,0,0,0.0
1354,2025-04-23T18:00:00,122.84,Dining,Card Present,2,0,1,371,0,0,0.0
1355,2025-04-23T20:00:00,176.19,Dining,Online,1,3,2,657,0,0,0.0
1356,2025-04-23T22:00:00,137.38,Electronics,Card Present,3,0,1,720,0,0,0.0
1357,2025-04-24T00:00:00,324.54,Dining,ATM,2,0,1,497,0,0,0.0
1358,2025-04-24T02:00:00,85.85,Subscription,Card Present,1,1,2,591,0,0,0.0
1359,2025-04-24T04:00:00,162.73,Retail,Card Present,1,0,1,389,0,0,0.0
1360,2025-04-24T06:00:00,55.8,Retail,ATM,2,0,5,214,0,0,0.0
1361,2025-04-24T08:00:00,109.22,Dining,Online,1,0,2,347,0,0,0.0
1362,2025-04-24T10:00:00,98.56,Retail,ATM,1,0,4,365,0,0,0.0
1363,2025-04-24T12:00:00,157.04,Retail,Online,2,0,1,492,0,0,0.0
1364,2025-04-24T14:00:00,73.03,Travel,Card Present,1,1,3,697,0,0,0.0
1365,2025-04-24T16:00:00,96.54,Dining,Card Present,2,0,1,600,0,0,0.0
1366,2025-04-24T18:00:00,576.22,Cash Advance,ATM,2,0,2,316,0,0,0.0
1367,2025-04-24T20:00:00,104.16,Cash Advance,Mobile,1,1,4,420,0,0,0.0
1368,2025-04-24T22:00:00,290.81,Subscription,Mobile,1,0,4,262,0,0,0.0
1369,2025-04-25T00:00:00,331.11,Electronics,Mobile,1,1,2,247,0,0,0.0
1370,2025-04-25T02:00:00,40.03,Retail,ATM,1,0,1,376,0,0,0.0
1371,2025-04-25T04:00:00,114.03,Subscription,Card Present,2,0,4,540,0,0,0.0
1372,2025-04-25T06:00:00,234.75,Electronics,Card Present,2,0,5,379,0,0,0.0
1373,2025-04-25T08:00:00,10.89,Electronics,Mobile,3,0,3,747,0,0,0.0
1374,2025-04-25T10:00:00,168.77,Retail,Mobile,1,0,4,427,0,0,0.0
1375,2025-04-25T12:00:00,277.14,Electronics,Card Present,1,1,3,351,0,0,0.0
1376,2025-04-25T14:00:00,244.23,Dining,Mobile,2,0,3,305,0,0,0.0
1377,2025-04-25T16:00:00,357.58,Travel,ATM,1,0,1,297,0,0,0.0
1378,2025-04-25T18:00:00,206.1,Subscription,Online,2,1,3,252,0,0,0.0
1379,2025-04-25T20:00:00,22.71,Subscription,Online,2,0,3,500,0,0,0.0
1380,2025-04-25T22:00:00,135.82,Cash Advance,Mobile,1,0,2,384,0,0,0.0
1381,2025-04-26T00:00:00,359.43,Subscription,Online,2,0,1,563,1,0,0.0
1382,2025-04-26T02:00:00,108.77,Travel,Online,2,0,2,598,1,0,0.0
1383,2025-04-26T04:00:00,74.12,Dining,Card Present,1,0,3,445,1,0,0.0
1384,2025-04-26T06:00:00,31.54,Travel,Mobile,2,0,1,717,1,0,0.0
1385,2025-04-26T08:00:00,93.96,Cash Advance,Card Present,1,0,3,391,1,0,0.0
1386,2025-04-26T10:00:00,159.11,Retail,ATM,1,1,1,285,1,0,0.0
1387,2025-04-26T12:00:00,241.97,Retail,ATM,1,0,1,327,1,0,0.0
1388,2025-04-26T14:00:00,126.63,Subscription,ATM,3,0,5,677,1,0,0.0
1389,2025-04-26T16:00:00,308.16,Travel,Mobile,1,0,2,447,1,0,0.0
1390,2025-04-26T18:00:00,97.48,Subscription,Mobile,2,1,4,505,1,0,0.0
1391,2025-04-26T20:00:00,421.57,Travel,Mobile,1,0,1,382,1,0,0.0
1392,2025-04-26T22:00:00,186.88,Electronics,Online,1,0,1,623,1,0,0.0
1393,2025-04-27T00:00:00,262.08,Retail,ATM,3,1,5,528,1,0,0.0
1394,2025-04-27T02:00:00,281.12,Travel,Online,1,0,3,485,1,0,0.0
1395,2025-04-27T04:00:00,256.45,Cash Advance,ATM,2,1,2,573,1,0,0.0
1396,2025-04-27T06:00:00,182.46,Dining,Card Present,1,0,3,464,1,0,0.0
1397,2025-04-27T08:00:00,75.39,Electronics,Mobile,1,1,3,552,1,0,0.0
1398,2025-04-27T10:00:00,181.34,Subscription,Mobile,3,0,1,506,1,0,0.0
1399,2025-04-27T12:00:00,181.82,Cash Advance,Card Present,3,1,3,573,1,0,0.0
1400,2025-04-27T14:00:00,538.78,Travel,ATM,1,1,1,690,1,0,0.0
1401,2025-04-27T16:00:00,107.51,Retail,Card Present,3,0,3,395,1,0,0.0
1402,2025-04-27T18:00:00,203.66,Electronics,Mobile,3,1,5,180,1,0,0.0
1403,2025-04-27T20:00:00,41.62,Subscription,Mobile,1,0,4,516,1,0,0.0
1404,2025-04-27T22:00:00,235.51,Dining,Mobile,2,1,3,467,1,0,0.0
1405,2025-04-28T00:00:00,195.29,Electronics,Card Present,1,0,3,63,0,0,0.0
1406,2025-04-28T02:00:00,40.91,Subscription,ATM,1,0,3,469,0,0,0.0
1407,2025-04-28T04:00:00,34.79,Cash Advance,Online,1,0,1,158,0,0,0.0
1408,2025-04-28T06:00:00,362.46,Subscription,Online,3,0,4,768,0,0,0.0
1409,2025-04-28T08:00:00,99.42,Electronics,Online,2,0,2,72,0,0,0.0
1410,2025-04-28T10:00:00,307.39,Cash Advance,Mobile,2,1,1,476,0,0,0.0
1411,2025-04-28T12:00:00,213.26,Electronics,Card Present,2,0,3,668,0,0,0.0
1412,2025-04-28T14:00:00,281.35,Retail,Mobile,1,0,1,735,0,0,0.0
1413,2025-04-28T16:00:00,38.87,Electronics,ATM,3,0,2,686,0,0,0.0
1414,2025-04-28T18:00:00,92.59,Retail,Mobile,2,0,4,551,0,0,0.0
1415,2025-04-28T20:00:00,218.8,Dining,Online,1,1,1,218,0,0,0.0
1416,2025-04-28T22:00:00,237.04,Cash Advance,Mobile,1,1,5,358,0,0,0.0
1417,2025-04-29T00:00:00,468.65,Subscription,Mobile,2,1,1,644,0,0,0.0
1418,2025-04-29T02:00:00,315.39,Travel,Mobile,3,0,2,633,0,1,240.85
1419,2025-04-29T04:00:00,314.72,Subscription,Mobile,2,0,2,429,0,0,0.0
1420,2025-04-29T06:00:00,153.15,Subscription,ATM,2,2,1,434,0,0,0.0
1421,2025-04-29T08:00:00,241.0,Dining,Mobile,3,0,5,566,0,0,0.0
1422,2025-04-29T10:00:00,64.75,Travel,Online,2,0,4,507,0,0,0.0
1423,2025-04-29T12:00:00,63.86,Travel,Mobile,1,1,4,416,0,0,0.0
1424,2025-04-29T14:00:00,110.81,Cash Advance,Online,2,2,1,247,0,0,0.0
1425,2025-04-29T16:00:00,129.12,Retail,Online,2,0,2,533,0,0,0.0
1426,2025-04-29T18:00:00,436.84,Retail,Card Present,1,0,2,660,0,0,0.0
1427,2025-04-29T20:00:00,112.34,Retail,Card Present,1,0,3,443,0,0,0.0
1428,2025-04-29T22:00:00,120.67,Retail,ATM,2,0,1,223,0,0,0.0
1429,2025-04-30T00:00:00,213.51,Retail,Card Present,1,1,1,290,0,0,0.0
1430,2025-04-30T02:00:00,152.58,Travel,ATM,1,1,3,200,0,0,0.0
1431,2025-04-30T04:00:00,56.38,Travel,ATM,1,1,2,534,0,0,0.0
1432,2025-04-30T06:00:00,260.43,Cash Advance,Card Present,1,0,2,229,0,0,0.0
1433,2025-04-30T08:00:00,472.96,Dining,Card Present,2,1,3,456,0,0,0.0
1434,2025-04-30T10:00:00,79.87,Subscription,Card Present,1,0,3,625,0,0,0.0
1435,2025-04-30T12:00:00,204.48,Subscription,Online,1,0,2,467,0,0,0.0
1436,2025-04-30T14:00:00,145.23,Subscription,Card Present,2,0,3,514,0,0,0.0
1437,2025-04-30T16:00:00,34.53,Retail,Online,1,0,1,398,0,0,0.0
1438,2025-04-30T18:00:00,71.11,Travel,Card Present,1,0,4,494,0,0,0.0
1439,2025-04-30T20:00:00,95.27,Cash Advance,Card Present,1,0,4,411,0,0,0.0
1440,2025-04-30T22:00:00,79.11,Electronics,Online,3,0,6,171,0,1,77.59
1441,2025-05-01T00:00:00,208.54,Electronics,Card Present,1,0,2,451,0,0,0.0
1442,2025-05-01T02:00:00,196.76,Retail,Online,1,0,3,468,0,0,0.0
1443,2025-05-01T04:00:00,135.79,Dining,Online,1,0,4,369,0,0,0.0
1444,2025-05-01T06:00:00,212.08,Subscription,ATM,1,0,3,369,0,0,0.0
1445,2025-05-01T08:00:00,287.63,Dining,ATM,1,0,2,470,0,0,0.0
1446,2025-05-01T10:00:00,221.22,Dining,Mobile,1,1,5,558,0,0,0.0
1447,2025-05-01T12:00:00,83.99,Cash Advance,ATM,3,0,4,311,0,0,0.0
1448,2025-05-01T14:00:00,257.83,Electronics,Mobile,2,0,3,304,0,0,0.0
1449,2025-05-01T16:00:00,105.45,Subscription,Card Present,2,0,1,585,0,0,0.0
1450,2025-05-01T18:00:00,106.04,Electronics,Card Present,3,0,3,618,0,0,0.0
1451,2025-05-01T20:00:00,383.3,Subscription,Online,1,1,3,89,0,0,0.0
1452,2025-05-01T22:00:00,144.98,Dining,Online,1,1,1,478,0,0,0.0
1453,2025-05-02T00:00:00,60.96,Subscription,Mobile,1,0,2,395,0,0,0.0
1454,2025-05-02T02:00:00,142.39,Electronics,Online,3,0,1,452,0,0,0.0
1455,2025-05-02T04:00:00,386.9,Travel,Card Present,1,1,2,602,0,0,0.0
1456,2025-05-02T06:00:00,192.4,Cash Advance,Mobile,1,0,2,449,0,0,0.0
1457,2025-05-02T08:00:00,165.05,Dining,Online,2,0,4,418,0,0,0.0
1458,2025-05-02T10:00:00,183.49,Cash Advance,Mobile,1,0,3,284,0,0,0.0
1459,2025-05-02T12:00:00,141.39,Dining,ATM,2,0,4,374,0,0,0.0
1460,2025-05-02T14:00:00,167.5,Subscription,Mobile,3,0,1,302,0,0,0.0
1461,2025-05-02T16:00:00,142.32,Travel,Online,1,1,3,488,0,0,0.0
1462,2025-05-02T18:00:00,92.59,Electronics,Online,2,0,5,321,0,0,0.0
1463,2025-05-02T20:00:00,206.28,Subscription,Online,1,1,1,604,0,0,0.0
1464,2025-05-02T22:00:00,27.64,Travel,Mobile,1,0,1,133,0,0,0.0
1465,2025-05-03T00:00:00,149.62,Subscription,ATM,1,0,5,459,1,0,0.0
1466,2025-05-03T02:00:00,359.39,Electronics,Card Present,1,0,4,360,1,0,0.0
1467,2025-05-03T04:00:00,68.88,Cash Advance,Card Present,2,1,4,205,1,0,0.0
1468,2025-05-03T06:00:00,64.72,Travel,Mobile,1,1,4,654,1,0,0.0
1469,2025-05-03T08:00:00,78.98,Cash Advance,Mobile,2,1,2,680,1,0,0.0
1470,2025-05-03T10:00:00,207.21,Subscription,Online,2,0,2,256,1,0,0.0
1471,2025-05-03T12:00:00,593.54,Dining,Online,2,0,3,405,1,0,0.0
1472,2025-05-03T14:00:00,346.05,Electronics,Online,1,0,3,532,1,0,0.0
1473,2025-05-03T16:00:00,261.33,Cash Advance,Card Present,2,0,4,461,1,0,0.0
1474,2025-05-03T18:00:00,189.95,Retail,ATM,2,0,4,355,1,0,0.0
1475,2025-05-03T20:00:00,337.05,Electronics,Card Present,1,0,2,462,1,0,0.0
1476,2025-05-03T22:00:00,123.62,Travel,ATM,1,0,4,298,1,0,0.0
1477,2025-05-04T00:00:00,206.07,Electronics,Online,2,1,1,495,1,0,0.0
1478,2025-05-04T02:00:00,133.37,Retail,Online,2,0,2,402,1,0,0.0
1479,2025-05-04T04:00:00,239.05,Cash Advance,Mobile,2,0,4,539,1,0,0.0
1480,2025-05-04T06:00:00,123.96,Electronics,ATM,1,0,4,224,1,0,0.0
1481,2025-05-04T08:00:00,301.66,Travel,Card Present,2,0,2,317,1,0,0.0
1482,2025-05-04T10:00:00,311.66,Travel,Mobile,1,0,2,476,1,0,0.0
1483,2025-05-04T12:00:00,143.49,Subscription,Online,1,0,3,377,1,0,0.0
1484,2025-05-04T14:00:00,147.33,Electronics,Card Present,1,0,3,693,1,0,0.0
1485,2025-05-04T16:00:00,82.27,Travel,Online,3,1,1,248,1,0,0.0
1486,2025-05-04T18:00:00,49.38,Subscription,Online,2,0,3,414,1,0,0.0
1487,2025-05-04T20:00:00,135.41,Cash Advance,Card Present,1,0,4,229,1,0,0.0
1488,2025-05-04T22:00:00,41.67,Cash Advance,Mobile,2,0,2,443,1,0,0.0
1489,2025-05-05T00:00:00,221.69,Cash Advance,Mobile,1,0,3,626,0,0,0.0
1490,2025-05-05T02:00:00,221.12,Dining,Mobile,1,0,3,573,0,0,0.0
1491,2025-05-05T04:00:00,121.89,Retail,Mobile,1,0,2,579,0,0,0.0
1492,2025-05-05T06:00:00,49.38,Electronics,Online,1,0,3,147,0,0,0.0
1493,2025-05-05T08:00:00,99.29,Cash Advance,Online,1,0,3,511,0,0,0.0
1494,2025-05-05T10:00:00,43.09,Retail,Mobile,3,0,2,73,0,0,0.0
1495,2025-05-05T12:00:00,79.7,Retail,Mobile,1,0,3,646,0,0,0.0
1496,2025-05-05T14:00:00,42.9,Subscription,Card Present,1,1,2,196,0,0,0.0
1497,2025-05-05T16:00:00,183.75,Subscription,Online,1,0,2,416,0,0,0.0
1498,2025-05-05T18:00:00,304.5,Travel,Card Present,1,0,4,289,0,0,0.0
1499,2025-05-05T20:00:00,82.69,Travel,Online,1,0,4,567,0,0,0.0
1500,2025-05-05T22:00:00,361.16,Travel,ATM,2,0,2,102,0,0,0.0
1501,2025-05-06T00:00:00,120.78,Electronics,Mobile,1,0,3,434,0,0,0.0
1502,2025-05-06T02:00:00,77.89,Cash Advance,Mobile,2,0,3,5,0,0,0.0
1503,2025-05-06T04:00:00,208.16,Electronics,ATM,1,1,3,153,0,0,0.0
1504,2025-05-06T06:00:00,205.59,Retail,ATM,2,0,2,348,0,0,0.0
1505,2025-05-06T08:00:00,96.0,Dining,Mobile,2,1,2,713,0,0,0.0
1506,2025-05-06T10:00:00,216.32,Subscription,ATM,2,2,5,257,0,0,0.0
1507,2025-05-06T12:00:00,297.5,Subscription,Mobile,1,0,3,218,0,0,0.0
1508,2025-05-06T14:00:00,124.19,Electronics,Card Present,1,2,2,350,0,0,0.0
1509,2025-05-06T16:00:00,170.41,Electronics,ATM,1,1,1,458,0,0,0.0
1510,2025-05-06T18:00:00,230.59,Cash Advance,Mobile,2,1,3,388,0,0,0.0
1511,2025-05-06T20:00:00,348.46,Retail,Online,3,0,2,452,0,0,0.0
1512,2025-05-06T22:00:00,86.79,Subscription,Mobile,1,0,3,392,0,0,0.0
1513,2025-05-07T00:00:00,196.54,Dining,Mobile,1,2,4,484,0,0,0.0
1514,2025-05-07T02:00:00,375.55,Subscription,ATM,1,0,4,547,0,0,0.0
1515,2025-05-07T04:00:00,123.29,Subscription,ATM,1,0,3,139,0,0,0.0
1516,2025-05-07T06:00:00,78.25,Retail,ATM,2,2,4,482,0,0,0.0
1517,2025-05-07T08:00:00,50.5,Dining,Mobile,1,1,3,282,0,0,0.0
1518,2025-05-07T10:00:00,76.76,Retail,Card Present,1,1,3,238,0,0,0.0
1519,2025-05-07T12:00:00,63.09,Cash Advance,Card Present,2,1,1,284,0,0,0.0
1520,2025-05-07T14:00:00,412.88,Travel,Card Present,2,1,2,414,0,0,0.0
1521,2025-05-07T16:00:00,178.32,Retail,ATM,3,4,4,477,0,0,0.0
1522,2025-05-07T18:00:00,199.72,Retail,Card Present,1,1,3,351,0,0,0.0
1523,2025-05-07T20:00:00,253.48,Dining,Mobile,1,0,1,216,0,0,0.0
1524,2025-05-07T22:00:00,120.61,Subscription,Mobile,1,0,1,414,0,0,0.0
1525,2025-05-08T00:00:00,126.34,Dining,ATM,3,1,2,482,0,0,0.0
1526,2025-05-08T02:00:00,41.49,Travel,Card Present,3,0,3,377,0,0,0.0
1527,2025-05-08T04:00:00,192.05,Travel,Online,3,0,3,341,0,0,0.0
1528,2025-05-08T06:00:00,263.36,Retail,ATM,1,0,4,278,0,0,0.0
1529,2025-05-08T08:00:00,133.25,Travel,Card Present,2,0,2,392,0,0,0.0
1530,2025-05-08T10:00:00,302.94,Travel,Online,1,0,1,433,0,0,0.0
1531,2025-05-08T12:00:00,355.83,Dining,Card Present,1,2,1,484,0,0,0.0
1532,2025-05-08T14:00:00,143.93,Dining,Mobile,2,0,4,295,0,0,0.0
1533,2025-05-08T16:00:00,254.06,Subscription,Mobile,2,0,3,547,0,0,0.0
1534,2025-05-08T18:00:00,128.66,Dining,ATM,1,0,5,103,0,0,0.0
1535,2025-05-08T20:00:00,100.09,Dining,Mobile,1,0,3,424,0,0,0.0
1536,2025-05-08T22:00:00,31.83,Subscription,Card Present,2,0,3,597,0,0,0.0
1537,2025-05-09T00:00:00,227.63,Cash Advance,Online,1,0,2,590,0,0,0.0
1538,2025-05-09T02:00:00,121.67,Dining,Card Present,2,0,3,412,0,0,0.0
1539,2025-05-09T04:00:00,120.1,Subscription,Online,1,0,3,556,0,0,0.0
1540,2025-05-09T06:00:00,260.68,Cash Advance,ATM,2,0,3,245,0,0,0.0
1541,2025-05-09T08:00:00,432.67,Dining,Online,1,0,4,351,0,0,0.0
1542,2025-05-09T10:00:00,31.34,Dining,ATM,1,1,2,462,0,0,0.0
1543,2025-05-09T12:00:00,121.35,Retail,ATM,1,0,3,385,0,0,0.0
1544,2025-05-09T14:00:00,122.47,Electronics,ATM,1,0,1,483,0,0,0.0
1545,2025-05-09T16:00:00,109.34,Retail,Card Present,2,0,2,449,0,0,0.0
1546,2025-05-09T18:00:00,145.32,Electronics,ATM,2,0,2,583,0,0,0.0
1547,2025-05-09T20:00:00,211.01,Electronics,ATM,1,0,4,475,0,0,0.0
1548,2025-05-09T22:00:00,108.6,Electronics,Mobile,2,1,5,398,0,0,0.0
1549,2025-05-10T00:00:00,239.09,Travel,Online,1,0,4,388,1,0,0.0
1550,2025-05-10T02:00:00,197.26,Travel,Card Present,2,0,1,544,1,0,0.0
1551,2025-05-10T04:00:00,108.54,Subscription,Mobile,1,1,2,499,1,0,0.0
1552,2025-05-10T06:00:00,171.12,Electronics,ATM,1,0,2,430,1,0,0.0
1553,2025-05-10T08:00:00,119.16,Subscription,Online,1,1,1,388,1,0,0.0
1554,2025-05-10T10:00:00,97.72,Cash Advance,Online,1,0,1,465,1,0,0.0
1555,2025-05-10T12:00:00,308.64,Cash Advance,Mobile,2,0,1,187,1,0,0.0
1556,2025-05-10T14:00:00,55.95,Dining,Card Present,1,1,2,430,1,0,0.0
1557,2025-05-10T16:00:00,126.76,Subscription,Online,1,1,6,296,1,0,0.0
1558,2025-05-10T18:00:00,145.79,Subscription,Online,2,0,1,493,1,0,0.0
1559,2025-05-10T20:00:00,54.34,Dining,Online,1,0,3,652,1,0,0.0
1560,2025-05-10T22:00:00,138.47,Travel,Card Present,1,1,2,471,1,0,0.0
1561,2025-05-11T00:00:00,36.84,Electronics,ATM,2,0,4,273,1,0,0.0
1562,2025-05-11T02:00:00,471.8,Cash Advance,ATM,2,0,2,382,1,0,0.0
1563,2025-05-11T04:00:00,366.81,Retail,Online,1,0,3,130,1,0,0.0
1564,2025-05-11T06:00:00,201.63,Retail,Card Present,3,0,3,169,1,0,0.0
1565,2025-05-11T08:00:00,132.0,Electronics,ATM,1,0,4,610,1,0,0.0
1566,2025-05-11T10:00:00,239.85,Dining,Card Present,1,1,4,106,1,0,0.0
1567,2025-05-11T12:00:00,333.83,Travel,Online,1,1,3,319,1,0,0.0
1568,2025-05-11T14:00:00,328.77,Cash Advance,ATM,1,0,1,627,1,0,0.0
1569,2025-05-11T16:00:00,359.23,Dining,ATM,2,0,2,468,1,0,0.0
1570,2025-05-11T18:00:00,159.61,Cash Advance,Mobile,1,0,4,549,1,0,0.0
1571,2025-05-11T20:00:00,117.27,Electronics,Online,1,0,2,416,1,0,0.0
1572,2025-05-11T22:00:00,192.18,Travel,Online,2,0,2,454,1,0,0.0
1573,2025-05-12T00:00:00,224.93,Subscription,ATM,1,0,2,378,0,0,0.0
1574,2025-05-12T02:00:00,210.4,Electronics,Mobile,3,0,4,672,0,0,0.0
1575,2025-05-12T04:00:00,71.39,Retail,Online,2,0,5,201,0,0,0.0
1576,2025-05-12T06:00:00,128.86,Travel,Online,3,0,1,485,0,0,0.0
1577,2025-05-12T08:00:00,234.83,Retail,ATM,3,0,4,437,0,0,0.0
1578,2025-05-12T10:00:00,162.79,Retail,Online,3,0,5,420,0,0,0.0
1579,2025-05-12T12:00:00,207.82,Dining,ATM,1,0,1,650,0,0,0.0
1580,2025-05-12T14:00:00,146.12,Travel,Mobile,2,0,3,234,0,0,0.0
1581,2025-05-12T16:00:00,119.89,Electronics,ATM,1,0,4,517,0,0,0.0
1582,2025-05-12T18:00:00,236.39,Retail,Mobile,1,1,2,444,0,0,0.0
1583,2025-05-12T20:00:00,73.69,Cash Advance,Card Present,1,0,3,140,0,0,0.0
1584,2025-05-12T22:00:00,60.5,Travel,Card Present,3,1,3,728,0,0,0.0
1585,2025-05-13T00:00:00,131.98,Electronics,ATM,1,0,4,177,0,0,0.0
1586,2025-05-13T02:00:00,139.61,Retail,Online,1,1,3,448,0,0,0.0
1587,2025-05-13T04:00:00,261.86,Subscription,Online,1,0,3,441,0,0,0.0
1588,2025-05-13T06:00:00,65.86,Electronics,ATM,2,0,1,317,0,0,0.0
1589,2025-05-13T08:00:00,259.84,Cash Advance,Mobile,3,0,3,662,0,1,257.83
1590,2025-05-13T10:00:00,201.32,Electronics,Online,1,0,4,505,0,0,0.0
1591,2025-05-13T12:00:00,529.67,Cash Advance,Online,2,1,1,446,0,0,0.0
1592,2025-05-13T14:00:00,282.11,Dining,ATM,3,0,1,329,0,0,0.0
1593,2025-05-13T16:00:00,238.13,Cash Advance,Card Present,3,0,2,439,0,0,0.0
1594,2025-05-13T18:00:00,160.52,Cash Advance,Card Present,1,2,2,574,0,0,0.0
1595,2025-05-13T20:00:00,120.99,Retail,ATM,1,0,2,508,0,0,0.0
1596,2025-05-13T22:00:00,102.47,Travel,ATM,2,0,2,300,0,0,0.0
1597,2025-05-14T00:00:00,176.75,Travel,Mobile,2,1,1,627,0,0,0.0
1598,2025-05-14T02:00:00,69.72,Travel,ATM,1,0,2,379,0,0,0.0
1599,2025-05-14T04:00:00,189.33,Subscription,Card Present,1,1,3,311,0,0,0.0
1600,2025-05-14T06:00:00,144.9,Dining,Card Present,2,1,1,354,0,0,0.0
1601,2025-05-14T08:00:00,224.02,Travel,Online,2,1,6,510,0,0,0.0
1602,2025-05-14T10:00:00,73.83,Electronics,ATM,3,0,2,559,0,0,0.0
1603,2025-05-14T12:00:00,360.06,Travel,Mobile,1,1,3,321,0,0,0.0
1604,2025-05-14T14:00:00,174.59,Travel,ATM,2,0,3,378,0,0,0.0
1605,2025-05-14T16:00:00,66.43,Travel,Mobile,2,0,3,275,0,0,0.0
1606,2025-05-14T18:00:00,118.56,Dining,ATM,2,1,4,402,0,0,0.0
1607,2025-05-14T20:00:00,98.37,Dining,ATM,2,1,2,412,0,0,0.0
1608,2025-05-14T22:00:00,306.95,Cash Advance,Card Present,1,0,4,814,0,0,0.0
1609,2025-05-15T00:00:00,294.99,Electronics,Online,1,1,5,531,0,0,0.0
1610,2025-05-15T02:00:00,191.79,Retail,Mobile,2,1,1,458,0,0,0.0
1611,2025-05-15T04:00:00,41.09,Travel,Card Present,1,0,4,447,0,0,0.0
1612,2025-05-15T06:00:00,188.97,Cash Advance,Card Present,1,0,4,297,0,0,0.0
1613,2025-05-15T08:00:00,166.53,Subscription,Online,2,0,3,291,0,0,0.0
1614,2025-05-15T10:00:00,147.17,Cash Advance,ATM,2,0,6,731,0,0,0.0
1615,2025-05-15T12:00:00,141.43,Electronics,ATM,1,1,1,567,0,0,0.0
1616,2025-05-15T14:00:00,184.69,Dining,Online,2,0,3,376,0,0,0.0
1617,2025-05-15T16:00:00,102.83,Retail,Mobile,1,0,3,530,0,0,0.0
1618,2025-05-15T18:00:00,207.86,Retail,Card Present,1,0,2,203,0,0,0.0
1619,2025-05-15T20:00:00,175.86,Dining,Card Present,1,0,4,430,0,0,0.0
1620,2025-05-15T22:00:00,96.88,Travel,Card Present,1,1,5,327,0,0,0.0
1621,2025-05-16T00:00:00,399.18,Electronics,Online,3,0,1,220,0,1,356.35
1622,2025-05-16T02:00:00,130.55,Electronics,ATM,1,0,2,118,0,0,0.0
1623,2025-05-16T04:00:00,79.59,Subscription,Card Present,1,0,2,306,0,0,0.0
1624,2025-05-16T06:00:00,261.96,Travel,Mobile,2,0,1,300,0,0,0.0
1625,2025-05-16T08:00:00,216.46,Electronics,Online,1,0,4,449,0,0,0.0
1626,2025-05-16T10:00:00,88.22,Subscription,Online,1,1,4,562,0,0,0.0
1627,2025-05-16T12:00:00,260.12,Travel,Online,1,0,1,559,0,0,0.0
1628,2025-05-16T14:00:00,164.61,Travel,ATM,1,1,5,522,0,0,0.0
1629,2025-05-16T16:00:00,343.27,Dining,Online,2,0,3,413,0,0,0.0
1630,2025-05-16T18:00:00,70.43,Retail,Card Present,2,1,2,448,0,0,0.0
1631,2025-05-16T20:00:00,140.35,Electronics,Mobile,1,0,5,525,0,0,0.0
1632,2025-05-16T22:00:00,460.48,Cash Advance,Mobile,1,0,4,589,0,0,0.0
1633,2025-05-17T00:00:00,169.88,Subscription,Card Present,3,1,2,464,1,0,0.0
1634,2025-05-17T02:00:00,322.21,Subscription,Online,1,0,1,493,1,0,0.0
1635,2025-05-17T04:00:00,138.67,Subscription,ATM,1,2,1,354,1,0,0.0
1636,2025-05-17T06:00:00,610.76,Dining,Card Present,2,0,3,360,1,0,0.0
1637,2025-05-17T08:00:00,119.4,Electronics,ATM,1,0,1,446,1,0,0.0
1638,2025-05-17T10:00:00,118.62,Cash Advance,Card Present,1,1,1,344,1,0,0.0
1639,2025-05-17T12:00:00,64.55,Travel,Card Present,2,0,5,521,1,0,0.0
1640,2025-05-17T14:00:00,178.94,Retail,Card Present,1,1,2,226,1,0,0.0
1641,2025-05-17T16:00:00,17.54,Electronics,Card Present,3,1,1,534,1,0,0.0
1642,2025-05-17T18:00:00,193.54,Subscription,Online,1,0,3,476,1,0,0.0
1643,2025-05-17T20:00:00,56.93,Subscription,Card Present,2,1,1,766,1,0,0.0
1644,2025-05-17T22:00:00,138.74,Retail,Online,1,0,2,440,1,0,0.0
1645,2025-05-18T00:00:00,210.14,Subscription,Mobile,1,0,3,149,1,0,0.0
1646,2025-05-18T02:00:00,245.91,Travel,Online,1,0,3,5,1,0,0.0
1647,2025-05-18T04:00:00,177.9,Retail,ATM,2,1,1,274,1,0,0.0
1648,2025-05-18T06:00:00,133.99,Electronics,Mobile,1,0,1,300,1,0,0.0
1649,2025-05-18T08:00:00,233.1,Cash Advance,Online,1,0,3,458,1,0,0.0
1650,2025-05-18T10:00:00,303.68,Retail,Online,1,0,3,405,1,0,0.0
1651,2025-05-18T12:00:00,48.84,Electronics,Online,2,0,3,233,1,0,0.0
1652,2025-05-18T14:00:00,104.8,Subscription,Card Present,2,0,2,229,1,0,0.0
1653,2025-05-18T16:00:00,162.91,Subscription,Online,1,1,4,475,1,0,0.0
1654,2025-05-18T18:00:00,64.37,Subscription,Card Present,2,1,5,240,1,0,0.0
1655,2025-05-18T20:00:00,223.98,Electronics,Mobile,2,1,5,247,1,0,0.0
1656,2025-05-18T22:00:00,157.28,Travel,Mobile,1,0,3,779,1,0,0.0
1657,2025-05-19T00:00:00,89.22,Cash Advance,Online,2,1,2,363,0,0,0.0
1658,2025-05-19T02:00:00,225.29,Travel,ATM,2,1,5,472,0,0,0.0
1659,2025-05-19T04:00:00,192.0,Dining,ATM,3,1,3,419,0,0,0.0
1660,2025-05-19T06:00:00,316.14,Electronics,Card Present,2,0,4,423,0,0,0.0
1661,2025-05-19T08:00:00,126.28,Retail,ATM,1,0,1,572,0,0,0.0
1662,2025-05-19T10:00:00,11.74,Dining,Mobile,2,0,3,646,0,0,0.0
1663,2025-05-19T12:00:00,324.2,Electronics,Online,1,0,1,329,0,0,0.0
1664,2025-05-19T14:00:00,90.4,Electronics,Mobile,2,0,2,571,0,0,0.0
1665,2025-05-19T16:00:00,191.15,Dining,Online,2,0,1,617,0,0,0.0
1666,2025-05-19T18:00:00,142.19,Subscription,Mobile,1,0,2,548,0,0,0.0
1667,2025-05-19T20:00:00,121.08,Retail,ATM,2,0,1,555,0,0,0.0
1668,2025-05-19T22:00:00,160.96,Dining,Online,1,2,2,519,0,0,0.0
1669,2025-05-20T00:00:00,84.39,Cash Advance,Mobile,1,2,3,345,0,0,0.0
1670,2025-05-20T02:00:00,157.0,Subscription,Card Present,1,0,2,272,0,0,0.0
1671,2025-05-20T04:00:00,177.17,Cash Advance,ATM,1,0,3,394,0,0,0.0
1672,2025-05-20T06:00:00,217.64,Dining,Online,2,2,3,201,0,0,0.0
1673,2025-05-20T08:00:00,339.28,Travel,Online,3,0,4,443,0,1,336.57
1674,2025-05-20T10:00:00,315.02,Retail,Mobile,2,1,3,421,0,0,0.0
1675,2025-05-20T12:00:00,107.59,Electronics,Card Present,1,0,2,492,0,0,0.0
1676,2025-05-20T14:00:00,460.91,Dining,Card Present,2,1,3,442,0,0,0.0
1677,2025-05-20T16:00:00,135.53,Subscription,Online,1,0,4,422,0,0,0.0
1678,2025-05-20T18:00:00,203.08,Subscription,Card Present,1,1,3,331,0,0,0.0
1679,2025-05-20T20:00:00,109.15,Dining,Mobile,1,0,4,409,0,0,0.0
1680,2025-05-20T22:00:00,183.4,Cash Advance,Card Present,2,0,3,521,0,0,0.0
1681,2025-05-21T00:00:00,291.21,Dining,Mobile,1,1,2,507,0,0,0.0
1682,2025-05-21T02:00:00,295.55,Cash Advance,Card Present,3,0,3,201,0,0,0.0
1683,2025-05-21T04:00:00,78.33,Subscription,Mobile,1,2,4,330,0,0,0.0
1684,2025-05-21T06:00:00,70.59,Travel,Card Present,1,2,2,350,0,0,0.0
1685,2025-05-21T08:00:00,54.25,Travel,ATM,1,1,2,197,0,0,0.0
1686,2025-05-21T10:00:00,379.71,Dining,ATM,3,0,3,160,0,0,0.0
1687,2025-05-21T12:00:00,147.06,Travel,Card Present,1,0,1,516,0,0,0.0
1688,2025-05-21T14:00:00,165.77,Electronics,Mobile,2,0,3,295,0,0,0.0
1689,2025-05-21T16:00:00,186.7,Electronics,ATM,1,0,1,491,0,0,0.0
1690,2025-05-21T18:00:00,67.4,Travel,Online,2,2,2,381,0,0,0.0
1691,2025-05-21T20:00:00,196.51,Retail,Online,2,1,2,390,0,0,0.0
1692,2025-05-21T22:00:00,145.83,Subscription,Online,1,0,4,807,0,0,0.0
1693,2025-05-22T00:00:00,132.11,Retail,Mobile,1,0,2,727,0,0,0.0
1694,2025-05-22T02:00:00,227.01,Cash Advance,ATM,1,0,2,512,0,0,0.0
1695,2025-05-22T04:00:00,269.49,Dining,ATM,1,0,4,409,0,0,0.0
1696,2025-05-22T06:00:00,152.44,Electronics,Online,2,0,2,385,0,0,0.0
1697,2025-05-22T08:00:00,403.44,Subscription,ATM,3,0,5,237,0,0,0.0
1698,2025-05-22T10:00:00,112.27,Subscription,ATM,1,0,3,643,0,0,0.0
1699,2025-05-22T12:00:00,183.64,Cash Advance,Online,1,1,4,346,0,0,0.0
1700,2025-05-22T14:00:00,117.9,Cash Advance,ATM,1,0,4,207,0,0,0.0
1701,2025-05-22T16:00:00,120.95,Retail,Mobile,3,2,4,338,0,0,0.0
1702,2025-05-22T18:00:00,53.44,Electronics,Mobile,1,0,3,320,0,0,0.0
1703,2025-05-22T20:00:00,215.33,Electronics,Online,2,2,3,599,0,0,0.0
1704,2025-05-22T22:00:00,277.31,Travel,ATM,1,0,2,867,0,0,0.0
1705,2025-05-23T00:00:00,120.33,Electronics,Online,1,0,5,344,0,0,0.0
1706,2025-05-23T02:00:00,135.47,Retail,ATM,1,0,2,616,0,0,0.0
1707,2025-05-23T04:00:00,320.53,Cash Advance,Mobile,3,0,4,389,0,1,227.69
1708,2025-05-23T06:00:00,180.91,Retail,Card Present,2,0,5,486,0,0,0.0
1709,2025-05-23T08:00:00,301.89,Travel,Online,1,0,2,476,0,0,0.0
1710,2025-05-23T10:00:00,49.36,Electronics,Card Present,2,0,1,288,0,0,0.0
1711,2025-05-23T12:00:00,77.87,Subscription,Card Present,1,0,3,273,0,0,0.0
1712,2025-05-23T14:00:00,332.96,Dining,Online,1,0,4,443,0,0,0.0
1713,2025-05-23T16:00:00,374.77,Retail,Card Present,3,1,5,353,0,0,0.0
1714,2025-05-23T18:00:00,34.71,Electronics,ATM,2,0,3,406,0,0,0.0
1715,2025-05-23T20:00:00,286.39,Retail,ATM,2,0,3,154,0,0,0.0
1716,2025-05-23T22:00:00,488.17,Cash Advance,ATM,1,0,1,215,0,0,0.0
1717,2025-05-24T00:00:00,171.11,Retail,Mobile,1,1,1,267,1,0,0.0
1718,2025-05-24T02:00:00,46.8,Cash Advance,Mobile,2,0,4,220,1,0,0.0
1719,2025-05-24T04:00:00,37.1,Retail,ATM,1,0,5,579,1,0,0.0
1720,2025-05-24T06:00:00,160.74,Subscription,Card Present,2,0,2,541,1,0,0.0
1721,2025-05-24T08:00:00,99.76,Cash Advance,Online,1,0,1,234,1,0,0.0
1722,2025-05-24T10:00:00,204.02,Retail,ATM,2,0,2,523,1,0,0.0
1723,2025-05-24T12:00:00,164.2,Travel,Mobile,1,2,2,385,1,0,0.0
1724,2025-05-24T14:00:00,173.78,Subscription,Online,2,0,1,331,1,0,0.0
1725,2025-05-24T16:00:00,65.9,Travel,Mobile,1,0,3,226,1,0,0.0
1726,2025-05-24T18:00:00,97.62,Travel,Mobile,1,0,1,896,1,0,0.0
1727,2025-05-24T20:00:00,115.57,Retail,Mobile,1,0,1,401,1,0,0.0
1728,2025-05-24T22:00:00,174.28,Dining,Online,1,0,3,562,1,0,0.0
1729,2025-05-25T00:00:00,197.15,Travel,Online,1,1,3,468,1,0,0.0
1730,2025-05-25T02:00:00,199.83,Cash Advance,Online,2,0,2,366,1,0,0.0
1731,2025-05-25T04:00:00,144.3,Subscription,ATM,1,1,3,505,1,0,0.0
1732,2025-05-25T06:00:00,203.99,Subscription,ATM,1,2,3,375,1,0,0.0
1733,2025-05-25T08:00:00,329.95,Travel,Card Present,1,1,1,623,1,0,0.0
1734,2025-05-25T10:00:00,132.91,Retail,ATM,1,1,5,298,1,0,0.0
1735,2025-05-25T12:00:00,275.38,Travel,ATM,2,0,5,219,1,0,0.0
1736,2025-05-25T14:00:00,141.03,Electronics,Mobile,1,0,2,415,1,0,0.0
1737,2025-05-25T16:00:00,189.92,Dining,Online,2,1,2,286,1,0,0.0
1738,2025-05-25T18:00:00,184.56,Cash Advance,ATM,3,0,1,549,1,0,0.0
1739,2025-05-25T20:00:00,304.29,Subscription,Card Present,1,0,2,275,1,0,0.0
1740,2025-05-25T22:00:00,359.38,Travel,ATM,1,0,1,545,1,0,0.0
1741,2025-05-26T00:00:00,78.83,Retail,ATM,1,1,3,316,0,0,0.0
1742,2025-05-26T02:00:00,297.81,Travel,Card Present,1,2,3,317,0,0,0.0
1743,2025-05-26T04:00:00,253.83,Cash Advance,Mobile,1,0,3,330,0,0,0.0
1744,2025-05-26T06:00:00,125.82,Travel,Mobile,1,2,2,436,0,0,0.0
1745,2025-05-26T08:00:00,142.69,Travel,Online,1,0,4,302,0,0,0.0
1746,2025-05-26T10:00:00,57.29,Electronics,Online,2,0,4,404,0,0,0.0
1747,2025-05-26T12:00:00,240.88,Electronics,Online,1,1,1,508,0,0,0.0
1748,2025-05-26T14:00:00,27.8,Retail,Mobile,1,1,4,299,0,0,0.0
1749,2025-05-26T16:00:00,163.65,Retail,Card Present,1,0,1,60,0,0,0.0
1750,2025-05-26T18:00:00,324.12,Subscription,Mobile,1,0,3,547,0,0,0.0
1751,2025-05-26T20:00:00,366.35,Subscription,Mobile,1,1,3,528,0,0,0.0
1752,2025-05-26T22:00:00,98.34,Travel,Card Present,1,1,2,168,0,0,0.0
1753,2025-05-27T00:00:00,21.73,Dining,Online,1,0,1,398,0,0,0.0
1754,2025-05-27T02:00:00,55.16,Cash Advance,Mobile,1,0,5,249,0,0,0.0
1755,2025-05-27T04:00:00,121.81,Electronics,Card Present,2,0,1,414,0,0,0.0
1756,2025-05-27T06:00:00,71.4,Travel,ATM,1,0,1,392,0,0,0.0
1757,2025-05-27T08:00:00,195.91,Dining,ATM,1,0,4,633,0,0,0.0
1758,2025-05-27T10:00:00,325.04,Cash Advance,Online,2,0,5,578,0,0,0.0
1759,2025-05-27T12:00:00,381.57,Electronics,ATM,2,0,4,649,0,0,0.0
1760,2025-05-27T14:00:00,462.22,Retail,ATM,1,0,3,770,0,0,0.0
1761,2025-05-27T16:00:00,343.62,Retail,Card Present,1,0,2,557,0,0,0.0
1762,2025-05-27T18:00:00,381.83,Retail,Online,2,0,4,516,0,0,0.0
1763,2025-05-27T20:00:00,130.93,Subscription,ATM,1,0,2,335,0,0,0.0
1764,2025-05-27T22:00:00,165.98,Electronics,ATM,2,0,3,485,0,0,0.0
1765,2025-05-28T00:00:00,144.3,Subscription,ATM,2,0,2,507,0,0,0.0
1766,2025-05-28T02:00:00,191.81,Electronics,Online,2,0,3,492,0,0,0.0
1767,2025-05-28T04:00:00,73.36,Dining,Mobile,3,0,2,362,0,0,0.0
1768,2025-05-28T06:00:00,170.34,Electronics,Card Present,1,0,3,445,0,0,0.0
1769,2025-05-28T08:00:00,80.8,Retail,Card Present,3,1,3,335,0,0,0.0
1770,2025-05-28T10:00:00,141.96,Subscription,Online,1,1,2,407,0,0,0.0
1771,2025-05-28T12:00:00,88.28,Cash Advance,Mobile,1,0,2,318,0,0,0.0
1772,2025-05-28T14:00:00,61.97,Cash Advance,Online,2,1,1,355,0,0,0.0
1773,2025-05-28T16:00:00,140.1,Subscription,Online,2,0,4,573,0,0,0.0
1774,2025-05-28T18:00:00,82.05,Subscription,Mobile,1,0,2,589,0,0,0.0
1775,2025-05-28T20:00:00,111.78,Subscription,ATM,1,0,2,415,0,0,0.0
1776,2025-05-28T22:00:00,86.82,Dining,Mobile,2,0,3,640,0,0,0.0
1777,2025-05-29T00:00:00,190.87,Electronics,Mobile,2,2,5,476,0,0,0.0
1778,2025-05-29T02:00:00,80.19,Travel,Card Present,2,0,1,567,0,0,0.0
1779,2025-05-29T04:00:00,297.99,Retail,Card Present,1,0,3,476,0,0,0.0
1780,2025-05-29T06:00:00,261.92,Subscription,Mobile,2,0,3,414,0,0,0.0
1781,2025-05-29T08:00:00,220.07,Electronics,Card Present,1,0,1,245,0,0,0.0
1782,2025-05-29T10:00:00,183.68,Travel,Mobile,1,0,2,162,0,0,0.0
1783,2025-05-29T12:00:00,223.12,Travel,Card Present,1,0,3,406,0,0,0.0
1784,2025-05-29T14:00:00,376.84,Subscription,Mobile,1,0,1,413,0,0,0.0
1785,2025-05-29T16:00:00,112.32,Travel,Mobile,1,2,3,438,0,0,0.0
1786,2025-05-29T18:00:00,146.55,Dining,Mobile,1,0,4,288,0,0,0.0
1787,2025-05-29T20:00:00,114.28,Retail,Card Present,1,1,1,437,0,0,0.0
1788,2025-05-29T22:00:00,186.99,Dining,Card Present,1,0,1,431,0,0,0.0
1789,2025-05-30T00:00:00,295.05,Dining,Mobile,1,0,4,360,0,0,0.0
1790,2025-05-30T02:00:00,273.46,Retail,ATM,1,0,4,672,0,0,0.0
1791,2025-05-30T04:00:00,139.86,Cash Advance,Card Present,2,1,3,291,0,0,0.0
1792,2025-05-30T06:00:00,334.66,Dining,Mobile,1,0,1,292,0,0,0.0
1793,2025-05-30T08:00:00,191.99,Cash Advance,Online,3,0,4,548,0,0,0.0
1794,2025-05-30T10:00:00,114.73,Dining,ATM,1,1,4,359,0,0,0.0
1795,2025-05-30T12:00:00,110.84,Dining,Card Present,2,1,4,385,0,0,0.0
1796,2025-05-30T14:00:00,224.99,Travel,ATM,1,1,2,550,0,0,0.0
1797,2025-05-30T16:00:00,232.43,Subscription,ATM,3,0,2,348,0,0,0.0
1798,2025-05-30T18:00:00,60.2,Subscription,Online,1,1,3,554,0,0,0.0
1799,2025-05-30T20:00:00,132.98,Dining,Mobile,3,0,3,253,0,0,0.0
1800,2025-05-30T22:00:00,122.57,Dining,Card Present,1,0,5,410,0,0,0.0
1801,2025-05-31T00:00:00,152.44,Subscription,Online,3,0,4,5,1,0,0.0
1802,2025-05-31T02:00:00,118.06,Retail,Online,2,0,3,514,1,0,0.0
1803,2025-05-31T04:00:00,45.13,Electronics,Online,1,1,3,691,1,0,0.0
1804,2025-05-31T06:00:00,183.49,Travel,ATM,2,1,1,136,1,0,0.0
1805,2025-05-31T08:00:00,284.21,Dining,Mobile,1,0,2,536,1,0,0.0
1806,2025-05-31T10:00:00,103.93,Subscription,Online,1,0,2,333,1,0,0.0
1807,2025-05-31T12:00:00,70.25,Cash Advance,Online,1,1,5,320,1,0,0.0
1808,2025-05-31T14:00:00,142.03,Retail,ATM,3,0,6,423,1,0,0.0
1809,2025-05-31T16:00:00,260.37,Dining,Online,1,1,2,322,1,0,0.0
1810,2025-05-31T18:00:00,258.8,Electronics,Card Present,1,0,5,205,1,0,0.0
1811,2025-05-31T20:00:00,142.8,Cash Advance,ATM,2,0,1,670,1,0,0.0
1812,2025-05-31T22:00:00,205.77,Electronics,Mobile,1,0,3,244,1,0,0.0
1813,2025-06-01T00:00:00,107.19,Cash Advance,Mobile,3,0,2,219,1,0,0.0
1814,2025-06-01T02:00:00,378.56,Subscription,Online,1,0,3,625,1,0,0.0
1815,2025-06-01T04:00:00,126.94,Cash Advance,Mobile,2,1,4,696,1,0,0.0
1816,2025-06-01T06:00:00,143.86,Retail,ATM,3,0,2,524,1,0,0.0
1817,2025-06-01T08:00:00,60.49,Travel,Online,3,0,3,627,1,0,0.0
1818,2025-06-01T10:00:00,411.41,Electronics,ATM,1,0,3,327,1,0,0.0
1819,2025-06-01T12:00:00,141.44,Subscription,Mobile,1,0,1,519,1,0,0.0
1820,2025-06-01T14:00:00,165.8,Dining,Online,1,2,3,429,1,0,0.0
1821,2025-06-01T16:00:00,237.23,Travel,Online,2,0,3,590,1,0,0.0
1822,2025-06-01T18:00:00,99.25,Electronics,Online,1,0,3,617,1,0,0.0
1823,2025-06-01T20:00:00,179.46,Travel,ATM,1,0,1,430,1,0,0.0
1824,2025-06-01T22:00:00,143.36,Retail,Online,2,0,4,572,1,0,0.0
1825,2025-06-02T00:00:00,99.43,Travel,Online,1,0,3,161,0,0,0.0
1826,2025-06-02T02:00:00,32.22,Dining,Online,2,0,2,391,0,0,0.0
1827,2025-06-02T04:00:00,237.0,Electronics,ATM,2,0,5,613,0,0,0.0
1828,2025-06-02T06:00:00,62.46,Dining,ATM,1,0,4,378,0,0,0.0
1829,2025-06-02T08:00:00,285.63,Cash Advance,Mobile,2,2,2,450,0,1,232.91
1830,2025-06-02T10:00:00,251.64,Subscription,ATM,1,1,2,590,0,0,0.0
1831,2025-06-02T12:00:00,223.09,Dining,Card Present,2,0,2,446,0,0,0.0
1832,2025-06-02T14:00:00,122.16,Subscription,ATM,2,0,2,94,0,0,0.0
1833,2025-06-02T16:00:00,418.82,Travel,ATM,3,0,1,735,0,0,0.0
1834,2025-06-02T18:00:00,158.55,Electronics,Card Present,1,0,2,496,0,0,0.0
1835,2025-06-02T20:00:00,107.36,Subscription,Mobile,1,0,3,488,0,0,0.0
1836,2025-06-02T22:00:00,216.64,Cash Advance,Online,1,2,3,529,0,0,0.0
1837,2025-06-03T00:00:00,124.32,Subscription,Card Present,1,0,2,309,0,0,0.0
1838,2025-06-03T02:00:00,149.52,Cash Advance,ATM,1,0,4,905,0,0,0.0
1839,2025-06-03T04:00:00,81.94,Subscription,Online,3,2,4,196,0,0,0.0
1840,2025-06-03T06:00:00,164.41,Cash Advance,Mobile,2,1,2,458,0,0,0.0
1841,2025-06-03T08:00:00,332.58,Dining,Mobile,3,0,3,397,0,0,0.0
1842,2025-06-03T10:00:00,91.48,Cash Advance,Online,1,1,3,90,0,0,0.0
1843,2025-06-03T12:00:00,65.17,Electronics,Card Present,1,0,2,411,0,0,0.0
1844,2025-06-03T14:00:00,57.34,Electronics,Online,1,1,4,630,0,0,0.0
1845,2025-06-03T16:00:00,437.05,Subscription,Card Present,2,1,2,540,0,0,0.0
1846,2025-06-03T18:00:00,253.27,Travel,Card Present,1,0,2,501,0,0,0.0
1847,2025-06-03T20:00:00,101.92,Retail,ATM,1,0,3,367,0,0,0.0
1848,2025-06-03T22:00:00,127.48,Retail,Card Present,1,0,5,229,0,0,0.0
1849,2025-06-04T00:00:00,362.6,Dining,Mobile,1,0,2,620,0,0,0.0
1850,2025-06-04T02:00:00,139.32,Retail,ATM,1,0,4,368,0,0,0.0
1851,2025-06-04T04:00:00,118.89,Subscription,ATM,3,0,1,339,0,0,0.0
1852,2025-06-04T06:00:00,129.69,Cash Advance,Card Present,3,0,2,377,0,0,0.0
1853,2025-06-04T08:00:00,70.45,Retail,Mobile,1,0,1,364,0,0,0.0
1854,2025-06-04T10:00:00,97.56,Travel,Card Present,3,0,2,574,0,0,0.0
1855,2025-06-04T12:00:00,205.44,Retail,ATM,1,3,3,537,0,0,0.0
1856,2025-06-04T14:00:00,175.35,Electronics,Mobile,2,1,5,442,0,0,0.0
1857,2025-06-04T16:00:00,239.67,Subscription,ATM,1,2,1,660,0,0,0.0
1858,2025-06-04T18:00:00,167.81,Subscription,Online,3,0,6,406,0,0,0.0
1859,2025-06-04T20:00:00,113.26,Subscription,ATM,2,0,4,496,0,0,0.0
1860,2025-06-04T22:00:00,417.25,Electronics,Online,2,0,1,684,0,0,0.0
1861,2025-06-05T00:00:00,344.76,Dining,ATM,2,1,3,526,0,0,0.0
1862,2025-06-05T02:00:00,100.39,Subscription,ATM,2,1,3,273,0,0,0.0
1863,2025-06-05T04:00:00,170.49,Dining,ATM,2,0,5,269,0,0,0.0
1864,2025-06-05T06:00:00,457.14,Subscription,Online,1,0,2,460,0,0,0.0
1865,2025-06-05T08:00:00,135.72,Subscription,ATM,1,1,4,429,0,0,0.0
1866,2025-06-05T10:00:00,214.35,Dining,ATM,1,0,3,475,0,0,0.0
1867,2025-06-05T12:00:00,112.5,Cash Advance,ATM,3,1,1,235,0,0,0.0
1868,2025-06-05T14:00:00,179.13,Dining,Card Present,2,1,4,368,0,0,0.0
1869,2025-06-05T16:00:00,287.19,Dining,Card Present,3,1,2,425,0,0,0.0
1870,2025-06-05T18:00:00,96.96,Retail,Card Present,1,1,2,559,0,0,0.0
1871,2025-06-05T20:00:00,124.61,Subscription,ATM,1,0,2,678,0,0,0.0
1872,2025-06-05T22:00:00,130.31,Cash Advance,Card Present,1,2,5,332,0,0,0.0
1873,2025-06-06T00:00:00,163.06,Travel,Mobile,2,0,3,523,0,0,0.0
1874,2025-06-06T02:00:00,137.81,Retail,Card Present,1,0,2,521,0,0,0.0
1875,2025-06-06T04:00:00,156.54,Dining,Mobile,2,2,1,410,0,0,0.0
1876,2025-06-06T06:00:00,42.73,Subscription,Online,1,0,1,683,0,0,0.0
1877,2025-06-06T08:00:00,153.49,Retail,ATM,2,0,2,560,0,0,0.0
1878,2025-06-06T10:00:00,279.82,Dining,Online,1,0,1,482,0,0,0.0
1879,2025-06-06T12:00:00,25.09,Cash Advance,Mobile,1,0,2,355,0,0,0.0
1880,2025-06-06T14:00:00,228.22,Electronics,Mobile,1,0,3,772,0,0,0.0
1881,2025-06-06T16:00:00,208.74,Travel,Mobile,2,0,5,398,0,0,0.0
1882,2025-06-06T18:00:00,68.52,Dining,Mobile,2,1,2,619,0,0,0.0
1883,2025-06-06T20:00:00,171.56,Electronics,Online,1,1,2,338,0,0,0.0
1884,2025-06-06T22:00:00,107.11,Cash Advance,Online,1,1,3,281,0,0,0.0
1885,2025-06-07T00:00:00,179.47,Dining,Online,3,1,4,410,1,0,0.0
1886,2025-06-07T02:00:00,116.53,Cash Advance,Card Present,1,1,2,520,1,0,0.0
1887,2025-06-07T04:00:00,326.31,Subscription,Card Present,2,0,3,574,1,0,0.0
1888,2025-06-07T06:00:00,197.75,Retail,Online,1,0,5,413,1,0,0.0
1889,2025-06-07T08:00:00,373.28,Subscription,Card Present,1,0,3,588,1,0,0.0
1890,2025-06-07T10:00:00,27.97,Travel,Card Present,2,0,3,469,1,0,0.0
1891,2025-06-07T12:00:00,204.01,Dining,Online,2,0,2,281,1,0,0.0
1892,2025-06-07T14:00:00,395.15,Travel,Mobile,1,1,2,637,1,0,0.0
1893,2025-06-07T16:00:00,220.11,Travel,ATM,2,0,3,640,1,0,0.0
1894,2025-06-07T18:00:00,184.25,Travel,Online,2,0,1,503,1,0,0.0
1895,2025-06-07T20:00:00,274.4,Retail,Online,1,2,3,77,1,0,0.0
1896,2025-06-07T22:00:00,172.72,Dining,ATM,1,0,1,414,1,0,0.0
1897,2025-06-08T00:00:00,179.95,Dining,Card Present,1,0,2,333,1,0,0.0
1898,2025-06-08T02:00:00,354.61,Subscription,Mobile,1,0,2,475,1,0,0.0
1899,2025-06-08T04:00:00,111.49,Dining,Card Present,2,1,3,345,1,0,0.0
1900,2025-06-08T06:00:00,212.56,Retail,Card Present,2,0,2,351,1,0,0.0
1901,2025-06-08T08:00:00,63.66,Electronics,Card Present,3,0,2,816,1,0,0.0
1902,2025-06-08T10:00:00,332.35,Dining,Mobile,1,0,1,383,1,0,0.0
1903,2025-06-08T12:00:00,147.79,Dining,ATM,1,0,2,231,1,0,0.0
1904,2025-06-08T14:00:00,170.94,Subscription,Mobile,2,0,4,151,1,0,0.0
1905,2025-06-08T16:00:00,134.9,Electronics,Online,3,1,2,550,1,0,0.0
1906,2025-06-08T18:00:00,164.07,Dining,Mobile,3,0,3,264,1,0,0.0
1907,2025-06-08T20:00:00,125.7,Electronics,Mobile,2,1,3,456,1,0,0.0
1908,2025-06-08T22:00:00,272.02,Travel,Mobile,1,0,1,31,1,1,186.86
1909,2025-06-09T00:00:00,173.49,Electronics,ATM,1,1,1,674,0,0,0.0
1910,2025-06-09T02:00:00,247.64,Cash Advance,ATM,1,1,4,392,0,0,0.0
1911,2025-06-09T04:00:00,107.36,Subscription,Online,1,0,1,676,0,0,0.0
1912,2025-06-09T06:00:00,85.64,Dining,Mobile,1,3,4,172,0,0,0.0
1913,2025-06-09T08:00:00,485.26,Subscription,ATM,2,0,1,302,0,0,0.0
1914,2025-06-09T10:00:00,361.36,Cash Advance,Card Present,2,0,4,356,0,0,0.0
1915,2025-06-09T12:00:00,63.65,Dining,ATM,3,2,3,291,0,0,0.0
1916,2025-06-09T14:00:00,262.68,Cash Advance,Card Present,3,0,2,475,0,0,0.0
1917,2025-06-09T16:00:00,59.53,Subscription,ATM,1,0,6,66,0,0,0.0
1918,2025-06-09T18:00:00,190.53,Travel,Online,1,0,1,371,0,0,0.0
1919,2025-06-09T20:00:00,453.55,Retail,Mobile,2,0,3,653,0,0,0.0
1920,2025-06-09T22:00:00,169.13,Dining,Mobile,2,0,5,340,0,0,0.0
1921,2025-06-10T00:00:00,114.26,Electronics,ATM,1,0,1,648,0,0,0.0
1922,2025-06-10T02:00:00,199.68,Dining,Mobile,1,1,4,361,0,0,0.0
1923,2025-06-10T04:00:00,273.24,Travel,Online,1,1,4,559,0,0,0.0
1924,2025-06-10T06:00:00,405.97,Cash Advance,Mobile,1,0,3,295,0,0,0.0
1925,2025-06-10T08:00:00,88.52,Travel,ATM,1,0,5,112,0,0,0.0
1926,2025-06-10T10:00:00,59.88,Retail,ATM,2,0,2,510,0,0,0.0
1927,2025-06-10T12:00:00,76.49,Subscription,Card Present,2,0,6,459,0,0,0.0
1928,2025-06-10T14:00:00,221.31,Subscription,Mobile,1,1,3,291,0,0,0.0
1929,2025-06-10T16:00:00,74.06,Cash Advance,Mobile,1,0,2,568,0,0,0.0
1930,2025-06-10T18:00:00,230.88,Subscription,Mobile,1,0,3,388,0,0,0.0
1931,2025-06-10T20:00:00,398.1,Electronics,Card Present,1,0,3,318,0,0,0.0
1932,2025-06-10T22:00:00,322.41,Dining,ATM,1,1,3,559,0,0,0.0
1933,2025-06-11T00:00:00,40.32,Retail,Online,1,0,3,243,0,0,0.0
1934,2025-06-11T02:00:00,141.99,Electronics,ATM,1,0,4,499,0,0,0.0
1935,2025-06-11T04:00:00,333.52,Cash Advance,Card Present,1,0,2,267,0,0,0.0
1936,2025-06-11T06:00:00,124.29,Travel,ATM,1,0,1,344,0,0,0.0
1937,2025-06-11T08:00:00,70.05,Retail,Mobile,1,0,3,521,0,0,0.0
1938,2025-06-11T10:00:00,196.62,Subscription,Mobile,2,0,5,423,0,0,0.0
1939,2025-06-11T12:00:00,336.85,Travel,ATM,1,0,2,170,0,0,0.0
1940,2025-06-11T14:00:00,156.76,Subscription,Mobile,1,0,1,456,0,0,0.0
1941,2025-06-11T16:00:00,296.77,Dining,Card Present,1,1,4,371,0,0,0.0
1942,2025-06-11T18:00:00,379.55,Travel,Card Present,2,0,1,496,0,0,0.0
1943,2025-06-11T20:00:00,354.87,Cash Advance,Mobile,1,0,2,229,0,0,0.0
1944,2025-06-11T22:00:00,259.73,Retail,Card Present,2,0,2,279,0,0,0.0
1945,2025-06-12T00:00:00,178.6,Travel,ATM,1,0,7,416,0,0,0.0
1946,2025-06-12T02:00:00,198.03,Electronics,Online,2,0,1,523,0,0,0.0
1947,2025-06-12T04:00:00,71.17,Travel,Online,1,1,4,358,0,0,0.0
1948,2025-06-12T06:00:00,242.76,Retail,Card Present,1,0,3,445,0,0,0.0
1949,2025-06-12T08:00:00,321.89,Travel,Card Present,1,1,3,353,0,0,0.0
1950,2025-06-12T10:00:00,163.24,Retail,Mobile,2,1,2,228,0,0,0.0
1951,2025-06-12T12:00:00,153.63,Electronics,ATM,2,0,1,407,0,0,0.0
1952,2025-06-12T14:00:00,283.75,Subscription,Mobile,1,1,2,413,0,0,0.0
1953,2025-06-12T16:00:00,126.13,Travel,Mobile,1,0,2,363,0,0,0.0
1954,2025-06-12T18:00:00,168.68,Travel,ATM,1,0,2,382,0,0,0.0
1955,2025-06-12T20:00:00,388.37,Electronics,Card Present,1,0,1,354,0,0,0.0
1956,2025-06-12T22:00:00,136.4,Dining,ATM,1,0,1,305,0,0,0.0
1957,2025-06-13T00:00:00,102.42,Travel,Card Present,1,0,6,512,0,0,0.0
1958,2025-06-13T02:00:00,37.54,Retail,Mobile,1,0,4,450,0,0,0.0
1959,2025-06-13T04:00:00,410.06,Travel,Card Present,2,2,1,517,0,0,0.0
1960,2025-06-13T06:00:00,114.73,Electronics,Mobile,2,0,5,751,0,0,0.0
1961,2025-06-13T08:00:00,161.95,Travel,ATM,1,0,2,336,0,0,0.0
1962,2025-06-13T10:00:00,501.14,Electronics,Mobile,1,0,1,262,0,0,0.0
1963,2025-06-13T12:00:00,225.83,Subscription,Mobile,2,0,4,587,0,0,0.0
1964,2025-06-13T14:00:00,255.35,Cash Advance,Card Present,1,1,6,427,0,0,0.0
1965,2025-06-13T16:00:00,226.78,Electronics,ATM,1,0,1,5,0,0,0.0
1966,2025-06-13T18:00:00,360.94,Travel,Mobile,1,0,5,487,0,0,0.0
1967,2025-06-13T20:00:00,89.43,Subscription,ATM,2,0,4,455,0,0,0.0
1968,2025-06-13T22:00:00,36.22,Subscription,Mobile,1,0,3,682,0,0,0.0
1969,2025-06-14T00:00:00,202.94,Electronics,ATM,1,1,1,255,1,0,0.0
1970,2025-06-14T02:00:00,90.89,Dining,Mobile,1,2,6,533,1,0,0.0
1971,2025-06-14T04:00:00,13.09,Cash Advance,Online,1,0,4,529,1,0,0.0
1972,2025-06-14T06:00:00,245.73,Retail,Online,1,1,6,711,1,0,0.0
1973,2025-06-14T08:00:00,112.69,Travel,Online,3,2,1,594,1,0,0.0
1974,2025-06-14T10:00:00,116.85,Subscription,Mobile,2,1,3,259,1,0,0.0
1975,2025-06-14T12:00:00,312.66,Travel,Online,1,1,1,523,1,0,0.0
1976,2025-06-14T14:00:00,156.75,Electronics,ATM,1,1,2,563,1,0,0.0
1977,2025-06-14T16:00:00,162.28,Electronics,Mobile,2,0,2,504,1,0,0.0
1978,2025-06-14T18:00:00,112.14,Travel,Card Present,2,1,6,327,1,0,0.0
1979,2025-06-14T20:00:00,84.91,Retail,ATM,1,0,2,641,1,0,0.0
1980,2025-06-14T22:00:00,97.98,Retail,ATM,1,0,1,650,1,0,0.0
1981,2025-06-15T00:00:00,400.08,Electronics,Card Present,2,1,1,507,1,0,0.0
1982,2025-06-15T02:00:00,266.49,Dining,Mobile,1,2,1,691,1,0,0.0
1983,2025-06-15T04:00:00,159.08,Electronics,Mobile,1,0,3,449,1,0,0.0
1984,2025-06-15T06:00:00,97.73,Electronics,ATM,2,0,3,362,1,0,0.0
1985,2025-06-15T08:00:00,216.52,Retail,Card Present,2,0,5,378,1,0,0.0
1986,2025-06-15T10:00:00,198.49,Retail,ATM,2,0,3,494,1,0,0.0
1987,2025-06-15T12:00:00,399.59,Travel,Mobile,2,0,4,381,1,0,0.0
1988,2025-06-15T14:00:00,40.64,Cash Advance,ATM,2,0,4,508,1,0,0.0
1989,2025-06-15T16:00:00,322.5,Cash Advance,Mobile,2,0,1,797,1,0,0.0
1990,2025-06-15T18:00:00,143.14,Subscription,ATM,1,1,2,539,1,0,0.0
1991,2025-06-15T20:00:00,245.38,Subscription,Card Present,1,0,2,394,1,0,0.0
1992,2025-06-15T22:00:00,302.8,Cash Advance,Card Present,1,0,5,596,1,0,0.0
1993,2025-06-16T00:00:00,108.12,Travel,Card Present,2,1,3,456,0,0,0.0
1994,2025-06-16T02:00:00,143.99,Subscription,Mobile,1,2,2,280,0,0,0.0
1995,2025-06-16T04:00:00,277.52,Subscription,ATM,2,0,3,94,0,0,0.0
1996,2025-06-16T06:00:00,76.53,Subscription,Card Present,1,1,3,384,0,0,0.0
1997,2025-06-16T08:00:00,262.75,Electronics,ATM,1,0,1,482,0,0,0.0
1998,2025-06-16T10:00:00,385.94,Travel,ATM,1,1,2,234,0,0,0.0
1999,2025-06-16T12:00:00,24.07,Retail,Online,2,0,2,477,0,0,0.0
2000,2025-06-16T14:00:00,177.47,Travel,Online,2,0,2,539,0,0,0.0
2001,2025-06-16T16:00:00,185.58,Retail,Card Present,2,0,3,428,0,0,0.0
2002,2025-06-16T18:00:00,64.79,Travel,ATM,1,0,1,363,0,0,0.0
2003,2025-06-16T20:00:00,31.0,Electronics,Mobile,1,1,1,402,0,0,0.0
2004,2025-06-16T22:00:00,55.96,Travel,Online,1,1,3,347,0,0,0.0
2005,2025-06-17T00:00:00,54.27,Travel,ATM,2,1,1,540,0,0,0.0
2006,2025-06-17T02:00:00,217.8,Travel,Online,2,0,3,288,0,0,0.0
2007,2025-06-17T04:00:00,181.72,Dining,Online,3,0,2,197,0,0,0.0
2008,2025-06-17T06:00:00,214.68,Electronics,Online,2,1,5,235,0,0,0.0
2009,2025-06-17T08:00:00,56.39,Retail,Mobile,1,0,3,355,0,0,0.0
2010,2025-06-17T10:00:00,327.38,Dining,Card Present,1,2,3,390,0,0,0.0
2011,2025-06-17T12:00:00,277.18,Dining,ATM,1,0,3,319,0,0,0.0
2012,2025-06-17T14:00:00,85.7,Retail,Card Present,2,1,2,41,0,0,0.0
2013,2025-06-17T16:00:00,172.84,Travel,Card Present,2,1,4,271,0,0,0.0
2014,2025-06-17T18:00:00,163.51,Travel,Online,3,0,3,374,0,0,0.0
2015,2025-06-17T20:00:00,274.66,Dining,Online,1,0,1,385,0,0,0.0
2016,2025-06-17T22:00:00,151.26,Dining,Mobile,2,1,3,655,0,0,0.0
2017,2025-06-18T00:00:00,104.3,Travel,Online,1,2,2,163,0,0,0.0
2018,2025-06-18T02:00:00,175.73,Retail,Card Present,1,0,3,151,0,0,0.0
2019,2025-06-18T04:00:00,85.52,Retail,Card Present,2,0,2,383,0,0,0.0
2020,2025-06-18T06:00:00,189.3,Cash Advance,Card Present,1,0,4,522,0,0,0.0
2021,2025-06-18T08:00:00,60.69,Cash Advance,ATM,1,0,2,341,0,0,0.0
2022,2025-06-18T10:00:00,60.66,Electronics,Online,1,0,5,557,0,0,0.0
2023,2025-06-18T12:00:00,92.94,Retail,Online,1,1,3,320,0,0,0.0
2024,2025-06-18T14:00:00,71.92,Retail,Online,1,1,4,309,0,0,0.0
2025,2025-06-18T16:00:00,305.59,Subscription,Online,1,1,4,569,0,0,0.0
2026,2025-06-18T18:00:00,127.32,Subscription,Card Present,1,2,4,378,0,0,0.0
2027,2025-06-18T20:00:00,232.68,Travel,Card Present,1,0,4,390,0,0,0.0
2028,2025-06-18T22:00:00,82.26,Dining,ATM,3,1,3,349,0,0,0.0
2029,2025-06-19T00:00:00,135.85,Travel,Card Present,2,0,5,503,0,0,0.0
2030,2025-06-19T02:00:00,213.49,Retail,ATM,1,0,4,296,0,0,0.0
2031,2025-06-19T04:00:00,256.76,Electronics,Mobile,1,1,1,168,0,0,0.0
2032,2025-06-19T06:00:00,83.6,Cash Advance,Online,1,0,4,516,0,0,0.0
2033,2025-06-19T08:00:00,114.82,Electronics,ATM,1,0,3,249,0,0,0.0
2034,2025-06-19T10:00:00,231.37,Subscription,Online,3,1,4,448,0,0,0.0
2035,2025-06-19T12:00:00,281.27,Subscription,ATM,1,1,2,368,0,0,0.0
2036,2025-06-19T14:00:00,120.34,Dining,Online,1,1,2,343,0,0,0.0
2037,2025-06-19T16:00:00,313.23,Cash Advance,ATM,2,0,3,303,0,0,0.0
2038,2025-06-19T18:00:00,126.22,Retail,ATM,1,0,1,149,0,0,0.0
2039,2025-06-19T20:00:00,171.23,Travel,Mobile,1,1,2,302,0,0,0.0
2040,2025-06-19T22:00:00,331.4,Subscription,ATM,1,0,5,391,0,0,0.0
2041,2025-06-20T00:00:00,59.41,Travel,Online,2,1,2,33,0,0,0.0
2042,2025-06-20T02:00:00,171.17,Retail,Online,2,0,1,177,0,0,0.0
2043,2025-06-20T04:00:00,211.09,Travel,ATM,1,1,3,411,0,0,0.0
2044,2025-06-20T06:00:00,111.0,Subscription,Mobile,1,0,1,566,0,0,0.0
2045,2025-06-20T08:00:00,129.78,Travel,Card Present,1,0,2,499,0,0,0.0
2046,2025-06-20T10:00:00,70.72,Retail,ATM,1,0,2,377,0,0,0.0
2047,2025-06-20T12:00:00,194.02,Retail,Online,2,1,2,470,0,0,0.0
2048,2025-06-20T14:00:00,102.95,Travel,Card Present,1,0,1,351,0,0,0.0
2049,2025-06-20T16:00:00,65.17,Dining,Online,2,0,1,513,0,0,0.0
2050,2025-06-20T18:00:00,112.09,Cash Advance,Online,1,0,3,240,0,0,0.0
2051,2025-06-20T20:00:00,218.51,Subscription,Online,1,0,1,463,0,0,0.0
2052,2025-06-20T22:00:00,132.63,Travel,ATM,1,0,3,324,0,0,0.0
2053,2025-06-21T00:00:00,88.51,Electronics,Card Present,2,1,5,472,1,0,0.0
2054,2025-06-21T02:00:00,203.35,Dining,Online,1,0,3,117,1,0,0.0
2055,2025-06-21T04:00:00,137.35,Dining,Mobile,1,0,3,463,1,0,0.0
2056,2025-06-21T06:00:00,130.23,Travel,Online,3,0,4,440,1,0,0.0
2057,2025-06-21T08:00:00,72.85,Dining,ATM,1,1,1,388,1,0,0.0
2058,2025-06-21T10:00:00,68.81,Dining,Online,2,0,2,468,1,0,0.0
2059,2025-06-21T12:00:00,253.06,Travel,Card Present,1,0,2,160,1,0,0.0
2060,2025-06-21T14:00:00,223.56,Dining,Card Present,1,2,1,221,1,0,0.0
2061,2025-06-21T16:00:00,169.97,Dining,Online,1,1,2,81,1,0,0.0
2062,2025-06-21T18:00:00,163.46,Dining,ATM,2,0,1,646,1,0,0.0
2063,2025-06-21T20:00:00,250.01,Subscription,Card Present,1,1,3,300,1,0,0.0
2064,2025-06-21T22:00:00,49.21,Retail,Online,2,0,2,332,1,0,0.0
2065,2025-06-22T00:00:00,93.86,Retail,Mobile,1,0,1,309,1,0,0.0
2066,2025-06-22T02:00:00,94.72,Electronics,Mobile,2,1,2,616,1,0,0.0
2067,2025-06-22T04:00:00,218.0,Electronics,Mobile,2,2,1,375,1,0,0.0
2068,2025-06-22T06:00:00,156.18,Retail,Mobile,1,1,2,400,1,0,0.0
2069,2025-06-22T08:00:00,247.73,Cash Advance,Card Present,1,0,2,232,1,0,0.0
2070,2025-06-22T10:00:00,119.91,Electronics,Card Present,2,0,4,151,1,0,0.0
2071,2025-06-22T12:00:00,120.39,Cash Advance,Card Present,1,1,2,363,1,0,0.0
2072,2025-06-22T14:00:00,93.43,Electronics,ATM,1,1,7,214,1,0,0.0
2073,2025-06-22T16:00:00,169.3,Travel,ATM,1,0,2,222,1,0,0.0
2074,2025-06-22T18:00:00,351.1,Dining,Online,1,0,4,479,1,0,0.0
2075,2025-06-22T20:00:00,444.19,Dining,Card Present,1,1,3,496,1,0,0.0
2076,2025-06-22T22:00:00,80.18,Travel,Online,2,0,1,472,1,0,0.0
2077,2025-06-23T00:00:00,183.7,Subscription,Mobile,1,1,5,704,0,0,0.0
2078,2025-06-23T02:00:00,224.66,Dining,Mobile,3,0,2,161,0,0,0.0
2079,2025-06-23T04:00:00,164.04,Electronics,Mobile,1,0,2,457,0,0,0.0
2080,2025-06-23T06:00:00,159.17,Retail,Online,1,0,3,424,0,0,0.0
2081,2025-06-23T08:00:00,347.69,Cash Advance,Card Present,2,0,3,598,0,0,0.0
2082,2025-06-23T10:00:00,206.34,Electronics,Mobile,2,0,2,623,0,0,0.0
2083,2025-06-23T12:00:00,118.1,Retail,Online,1,0,2,578,0,0,0.0
2084,2025-06-23T14:00:00,236.38,Retail,Mobile,1,1,3,809,0,0,0.0
2085,2025-06-23T16:00:00,213.36,Travel,Online,2,1,3,387,0,0,0.0
2086,2025-06-23T18:00:00,146.96,Retail,Mobile,1,0,3,505,0,0,0.0
2087,2025-06-23T20:00:00,110.16,Electronics,Online,2,0,2,150,0,0,0.0
2088,2025-06-23T22:00:00,199.55,Travel,ATM,3,1,4,454,0,0,0.0
2089,2025-06-24T00:00:00,214.33,Travel,Card Present,1,1,3,5,0,0,0.0
2090,2025-06-24T02:00:00,146.44,Travel,Mobile,2,0,3,318,0,0,0.0
2091,2025-06-24T04:00:00,128.89,Travel,Mobile,1,0,1,184,0,0,0.0
2092,2025-06-24T06:00:00,112.58,Dining,Card Present,3,3,1,289,0,0,0.0
2093,2025-06-24T08:00:00,218.32,Electronics,Card Present,1,0,4,589,0,0,0.0
2094,2025-06-24T10:00:00,167.8,Cash Advance,Card Present,3,0,3,435,0,0,0.0
2095,2025-06-24T12:00:00,149.02,Cash Advance,Online,2,1,1,188,0,0,0.0
2096,2025-06-24T14:00:00,139.57,Dining,Card Present,3,0,3,377,0,0,0.0
2097,2025-06-24T16:00:00,78.22,Retail,Online,3,0,5,121,0,0,0.0
2098,2025-06-24T18:00:00,225.92,Electronics,Mobile,1,0,3,403,0,0,0.0
2099,2025-06-24T20:00:00,180.94,Cash Advance,ATM,2,0,1,622,0,0,0.0
2100,2025-06-24T22:00:00,133.3,Dining,Online,3,0,2,444,0,0,0.0
2101,2025-06-25T00:00:00,277.37,Retail,Online,3,0,3,176,0,0,0.0
2102,2025-06-25T02:00:00,504.28,Subscription,Mobile,1,2,2,346,0,0,0.0
2103,2025-06-25T04:00:00,69.45,Retail,Mobile,2,0,4,320,0,0,0.0
2104,2025-06-25T06:00:00,168.29,Retail,ATM,2,1,2,439,0,0,0.0
2105,2025-06-25T08:00:00,332.69,Subscription,Card Present,2,0,4,591,0,0,0.0
2106,2025-06-25T10:00:00,70.92,Electronics,Mobile,3,0,1,405,0,0,0.0
2107,2025-06-25T12:00:00,307.28,Electronics,Mobile,2,3,1,453,0,1,301.41
2108,2025-06-25T14:00:00,29.42,Dining,Online,3,0,2,472,0,0,0.0
2109,2025-06-25T16:00:00,281.96,Cash Advance,Card Present,1,1,1,421,0,0,0.0
2110,2025-06-25T18:00:00,411.74,Travel,Card Present,1,0,1,693,0,0,0.0
2111,2025-06-25T20:00:00,384.46,Dining,ATM,1,0,1,274,0,0,0.0
2112,2025-06-25T22:00:00,141.95,Dining,ATM,1,2,5,368,0,0,0.0
2113,2025-06-26T00:00:00,178.37,Electronics,ATM,2,1,4,228,0,0,0.0
2114,2025-06-26T02:00:00,327.01,Travel,Mobile,2,1,2,501,0,0,0.0
2115,2025-06-26T04:00:00,177.58,Travel,Mobile,2,0,1,520,0,0,0.0
2116,2025-06-26T06:00:00,224.24,Cash Advance,Mobile,1,0,1,318,0,0,0.0
2117,2025-06-26T08:00:00,204.09,Dining,ATM,1,0,3,420,0,0,0.0
2118,2025-06-26T10:00:00,270.84,Subscription,Mobile,1,0,1,229,0,0,0.0
2119,2025-06-26T12:00:00,314.94,Retail,ATM,1,0,5,727,0,0,0.0
2120,2025-06-26T14:00:00,66.73,Subscription,Online,1,0,3,181,0,0,0.0
2121,2025-06-26T16:00:00,392.78,Electronics,ATM,1,3,2,387,0,0,0.0
2122,2025-06-26T18:00:00,191.96,Travel,ATM,1,1,3,227,0,0,0.0
2123,2025-06-26T20:00:00,181.34,Retail,Card Present,3,0,3,521,0,0,0.0
2124,2025-06-26T22:00:00,28.12,Subscription,ATM,1,1,2,631,0,0,0.0
2125,2025-06-27T00:00:00,23.79,Subscription,Mobile,1,0,3,443,0,0,0.0
2126,2025-06-27T02:00:00,138.65,Travel,Online,3,0,1,590,0,0,0.0
2127,2025-06-27T04:00:00,121.99,Retail,Mobile,2,0,4,412,0,0,0.0
2128,2025-06-27T06:00:00,142.07,Travel,ATM,1,0,3,314,0,0,0.0
2129,2025-06-27T08:00:00,114.34,Retail,Card Present,1,0,5,409,0,0,0.0
2130,2025-06-27T10:00:00,65.66,Electronics,ATM,3,0,4,832,0,0,0.0
2131,2025-06-27T12:00:00,297.65,Travel,Card Present,1,1,3,579,0,0,0.0
2132,2025-06-27T14:00:00,49.38,Dining,ATM,1,0,3,413,0,0,0.0
2133,2025-06-27T16:00:00,340.85,Subscription,Online,1,2,3,416,0,0,0.0
2134,2025-06-27T18:00:00,54.39,Travel,Card Present,1,0,4,542,0,0,0.0
2135,2025-06-27T20:00:00,336.8,Dining,Mobile,2,0,1,561,0,0,0.0
2136,2025-06-27T22:00:00,259.54,Dining,ATM,2,0,1,215,0,0,0.0
2137,2025-06-28T00:00:00,488.21,Retail,Mobile,1,1,1,240,1,0,0.0
2138,2025-06-28T02:00:00,328.46,Travel,Mobile,2,0,4,172,1,0,0.0
2139,2025-06-28T04:00:00,104.64,Electronics,Mobile,2,0,4,370,1,0,0.0
2140,2025-06-28T06:00:00,90.67,Travel,Online,1,1,4,247,1,0,0.0
2141,2025-06-28T08:00:00,246.49,Subscription,Card Present,1,0,1,554,1,0,0.0
2142,2025-06-28T10:00:00,258.69,Travel,Online,1,1,1,378,1,0,0.0
2143,2025-06-28T12:00:00,107.35,Electronics,Online,1,0,1,225,1,0,0.0
2144,2025-06-28T14:00:00,191.04,Travel,ATM,3,0,3,146,1,0,0.0
2145,2025-06-28T16:00:00,83.57,Cash Advance,Card Present,1,0,2,302,1,0,0.0
2146,2025-06-28T18:00:00,127.84,Travel,Card Present,2,0,4,308,1,0,0.0
2147,2025-06-28T20:00:00,60.29,Electronics,ATM,1,0,6,254,1,0,0.0
2148,2025-06-28T22:00:00,298.38,Dining,Online,1,1,3,510,1,0,0.0
2149,2025-06-29T00:00:00,211.65,Travel,Card Present,1,0,5,313,1,0,0.0
2150,2025-06-29T02:00:00,243.19,Subscription,ATM,1,0,5,622,1,0,0.0
2151,2025-06-29T04:00:00,356.18,Dining,Online,2,1,5,368,1,0,0.0
2152,2025-06-29T06:00:00,474.19,Subscription,Mobile,3,0,4,267,1,0,0.0
2153,2025-06-29T08:00:00,158.33,Travel,Card Present,1,0,4,182,1,0,0.0
2154,2025-06-29T10:00:00,339.83,Retail,Card Present,1,1,3,577,1,0,0.0
2155,2025-06-29T12:00:00,162.63,Cash Advance,ATM,1,0,1,326,1,0,0.0
2156,2025-06-29T14:00:00,190.87,Electronics,Mobile,3,1,3,421,1,0,0.0
2157,2025-06-29T16:00:00,103.76,Subscription,ATM,1,0,2,615,1,0,0.0
2158,2025-06-29T18:00:00,136.8,Retail,ATM,1,0,3,625,1,0,0.0
2159,2025-06-29T20:00:00,116.54,Cash Advance,Online,1,0,5,643,1,0,0.0
2160,2025-06-29T22:00:00,115.24,Subscription,Card Present,2,1,5,788,1,0,0.0
2161,2025-06-30T00:00:00,171.92,Retail,Mobile,1,0,1,435,0,0,0.0
2162,2025-06-30T02:00:00,107.82,Subscription,ATM,1,0,4,475,0,0,0.0
2163,2025-06-30T04:00:00,266.86,Retail,Online,1,0,2,499,0,0,0.0
2164,2025-06-30T06:00:00,391.92,Travel,Online,1,0,1,415,0,0,0.0
2165,2025-06-30T08:00:00,198.75,Dining,Mobile,1,0,1,503,0,0,0.0
2166,2025-06-30T10:00:00,295.12,Travel,Mobile,2,0,3,419,0,0,0.0
2167,2025-06-30T12:00:00,145.24,Electronics,Card Present,1,0,3,409,0,0,0.0
2168,2025-06-30T14:00:00,134.25,Retail,Mobile,2,0,3,422,0,0,0.0
2169,2025-06-30T16:00:00,106.58,Dining,Online,2,0,3,486,0,0,0.0
2170,2025-06-30T18:00:00,75.26,Electronics,Card Present,2,0,1,553,0,0,0.0
2171,2025-06-30T20:00:00,62.75,Cash Advance,Card Present,1,0,5,534,0,0,0.0
2172,2025-06-30T22:00:00,144.11,Travel,Card Present,1,1,2,246,0,0,0.0
2173,2025-07-01T00:00:00,335.6,Subscription,Mobile,2,0,6,320,0,0,0.0
2174,2025-07-01T02:00:00,218.12,Subscription,ATM,2,1,2,459,0,0,0.0
2175,2025-07-01T04:00:00,186.7,Dining,Mobile,1,2,1,708,0,0,0.0
2176,2025-07-01T06:00:00,147.24,Dining,ATM,1,3,2,248,0,0,0.0
2177,2025-07-01T08:00:00,35.88,Subscription,Mobile,2,1,2,836,0,0,0.0
2178,2025-07-01T10:00:00,291.41,Cash Advance,ATM,1,0,7,424,0,0,0.0
2179,2025-07-01T12:00:00,175.27,Cash Advance,Card Present,3,2,4,627,0,0,0.0
2180,2025-07-01T14:00:00,169.39,Retail,Card Present,2,0,3,627,0,0,0.0
2181,2025-07-01T16:00:00,148.34,Electronics,Card Present,2,0,1,427,0,0,0.0
2182,2025-07-01T18:00:00,277.38,Dining,Mobile,1,1,5,442,0,0,0.0
2183,2025-07-01T20:00:00,175.4,Subscription,ATM,2,0,1,642,0,0,0.0
2184,2025-07-01T22:00:00,265.78,Subscription,Online,1,0,2,562,0,0,0.0
2185,2025-07-02T00:00:00,82.07,Electronics,Card Present,1,0,1,866,0,0,0.0
2186,2025-07-02T02:00:00,143.71,Travel,Online,2,2,1,632,0,0,0.0
2187,2025-07-02T04:00:00,170.02,Cash Advance,Online,2,3,4,455,0,0,0.0
2188,2025-07-02T06:00:00,115.58,Dining,Online,3,0,2,425,0,0,0.0
2189,2025-07-02T08:00:00,116.69,Dining,ATM,2,0,2,175,0,0,0.0
2190,2025-07-02T10:00:00,174.31,Travel,ATM,1,0,2,433,0,0,0.0
2191,2025-07-02T12:00:00,173.06,Subscription,Online,1,0,1,505,0,0,0.0
2192,2025-07-02T14:00:00,252.14,Travel,Online,1,1,3,473,0,0,0.0
2193,2025-07-02T16:00:00,247.11,Dining,ATM,2,0,5,236,0,0,0.0
2194,2025-07-02T18:00:00,50.67,Cash Advance,Card Present,1,1,2,560,0,0,0.0
2195,2025-07-02T20:00:00,35.44,Subscription,Online,1,0,2,614,0,0,0.0
2196,2025-07-02T22:00:00,215.23,Retail,Online,1,0,4,469,0,0,0.0
2197,2025-07-03T00:00:00,535.9,Cash Advance,Online,1,0,3,424,0,0,0.0
2198,2025-07-03T02:00:00,42.5,Subscription,Online,2,0,1,637,0,0,0.0
2199,2025-07-03T04:00:00,166.06,Cash Advance,Mobile,1,0,3,379,0,0,0.0
2200,2025-07-03T06:00:00,161.47,Cash Advance,Card Present,2,0,2,317,0,0,0.0
2201,2025-07-03T08:00:00,93.1,Retail,Online,1,1,2,324,0,0,0.0
2202,2025-07-03T10:00:00,143.09,Travel,Mobile,1,1,3,321,0,0,0.0
2203,2025-07-03T12:00:00,108.48,Electronics,Card Present,2,0,4,579,0,0,0.0
2204,2025-07-03T14:00:00,250.69,Dining,Card Present,1,0,3,506,0,0,0.0
2205,2025-07-03T16:00:00,322.71,Travel,ATM,1,0,2,208,0,0,0.0
2206,2025-07-03T18:00:00,89.89,Electronics,Card Present,1,1,1,360,0,0,0.0
2207,2025-07-03T20:00:00,22.8,Dining,Online,1,2,3,399,0,0,0.0
2208,2025-07-03T22:00:00,185.1,Dining,Card Present,3,0,2,346,0,0,0.0
2209,2025-07-04T00:00:00,115.61,Travel,ATM,3,0,4,565,0,0,0.0
2210,2025-07-04T02:00:00,286.42,Travel,Online,1,0,3,388,0,0,0.0
2211,2025-07-04T04:00:00,399.82,Subscription,ATM,2,1,3,246,0,0,0.0
2212,2025-07-04T06:00:00,199.97,Cash Advance,Card Present,2,1,2,241,0,0,0.0
2213,2025-07-04T08:00:00,79.8,Travel,Online,3,0,6,163,0,1,62.41
2214,2025-07-04T10:00:00,202.84,Dining,ATM,2,0,1,516,0,0,0.0
2215,2025-07-04T12:00:00,284.78,Subscription,Online,1,2,4,390,0,0,0.0
2216,2025-07-04T14:00:00,200.89,Cash Advance,Online,2,0,3,313,0,0,0.0
2217,2025-07-04T16:00:00,133.69,Subscription,Card Present,2,0,2,102,0,0,0.0
2218,2025-07-04T18:00:00,263.34,Electronics,ATM,2,0,2,5,0,0,0.0
2219,2025-07-04T20:00:00,261.44,Cash Advance,Online,2,0,3,864,0,0,0.0
2220,2025-07-04T22:00:00,51.19,Subscription,Online,1,0,3,559,0,0,0.0
2221,2025-07-05T00:00:00,175.1,Electronics,Online,1,0,3,334,1,0,0.0
2222,2025-07-05T02:00:00,154.01,Travel,Online,2,0,2,538,1,0,0.0
2223,2025-07-05T04:00:00,71.78,Travel,Mobile,1,1,4,429,1,0,0.0
2224,2025-07-05T06:00:00,234.91,Subscription,Mobile,1,0,3,541,1,0,0.0
2225,2025-07-05T08:00:00,36.99,Travel,Online,1,0,3,454,1,0,0.0
2226,2025-07-05T10:00:00,486.67,Electronics,Mobile,3,0,2,532,1,1,406.47
2227,2025-07-05T12:00:00,233.28,Cash Advance,Mobile,1,1,4,348,1,0,0.0
2228,2025-07-05T14:00:00,164.64,Retail,ATM,1,0,3,467,1,0,0.0
2229,2025-07-05T16:00:00,188.97,Cash Advance,Online,1,0,4,577,1,0,0.0
2230,2025-07-05T18:00:00,185.14,Subscription,Mobile,2,0,3,570,1,0,0.0
2231,2025-07-05T20:00:00,144.5,Retail,Online,1,0,3,113,1,0,0.0
2232,2025-07-05T22:00:00,84.81,Travel,Mobile,1,1,2,229,1,0,0.0
2233,2025-07-06T00:00:00,185.51,Retail,Online,1,1,3,196,1,0,0.0
2234,2025-07-06T02:00:00,169.02,Retail,Mobile,2,1,4,437,1,0,0.0
2235,2025-07-06T04:00:00,216.8,Dining,ATM,2,0,1,551,1,0,0.0
2236,2025-07-06T06:00:00,78.03,Travel,ATM,1,1,2,310,1,0,0.0
2237,2025-07-06T08:00:00,302.62,Dining,ATM,2,1,6,549,1,0,0.0
2238,2025-07-06T10:00:00,255.31,Retail,Mobile,3,0,3,332,1,0,0.0
2239,2025-07-06T12:00:00,44.78,Retail,Card Present,1,0,1,300,1,0,0.0
2240,2025-07-06T14:00:00,235.21,Travel,ATM,2,0,3,246,1,0,0.0
2241,2025-07-06T16:00:00,97.83,Travel,Card Present,1,1,2,331,1,0,0.0
2242,2025-07-06T18:00:00,84.74,Electronics,ATM,1,0,5,433,1,0,0.0
2243,2025-07-06T20:00:00,81.52,Retail,ATM,2,0,2,695,1,0,0.0
2244,2025-07-06T22:00:00,91.26,Travel,ATM,1,0,2,542,1,0,0.0
2245,2025-07-07T00:00:00,219.62,Dining,Card Present,1,0,3,334,0,0,0.0
2246,2025-07-07T02:00:00,80.4,Dining,Mobile,2,0,2,426,0,0,0.0
2247,2025-07-07T04:00:00,115.38,Retail,Card Present,1,1,5,473,0,0,0.0
2248,2025-07-07T06:00:00,85.51,Cash Advance,Mobile,2,1,3,538,0,0,0.0
2249,2025-07-07T08:00:00,310.1,Subscription,Card Present,1,2,1,482,0,0,0.0
2250,2025-07-07T10:00:00,163.7,Cash Advance,Online,1,1,1,170,0,0,0.0
2251,2025-07-07T12:00:00,440.88,Subscription,Card Present,1,1,4,554,0,0,0.0
2252,2025-07-07T14:00:00,352.51,Travel,Online,2,0,2,495,0,0,0.0
2253,2025-07-07T16:00:00,38.27,Travel,Mobile,1,0,3,616,0,0,0.0
2254,2025-07-07T18:00:00,60.5,Travel,Online,1,1,2,324,0,0,0.0
2255,2025-07-07T20:00:00,60.98,Electronics,Card Present,1,1,6,426,0,0,0.0
2256,2025-07-07T22:00:00,252.24,Electronics,Online,1,1,1,446,0,0,0.0
2257,2025-07-08T00:00:00,284.81,Dining,Online,2,1,2,684,0,0,0.0
2258,2025-07-08T02:00:00,98.38,Travel,ATM,2,0,3,498,0,0,0.0
2259,2025-07-08T04:00:00,113.26,Retail,Online,1,0,5,500,0,0,0.0
2260,2025-07-08T06:00:00,788.54,Cash Advance,Online,1,0,6,383,0,1,513.53
2261,2025-07-08T08:00:00,265.97,Travel,Mobile,1,0,3,653,0,0,0.0
2262,2025-07-08T10:00:00,265.84,Dining,ATM,2,0,2,574,0,0,0.0
2263,2025-07-08T12:00:00,299.37,Retail,Card Present,1,0,2,750,0,0,0.0
2264,2025-07-08T14:00:00,280.63,Cash Advance,Mobile,2,1,5,338,0,0,0.0
2265,2025-07-08T16:00:00,97.99,Cash Advance,Online,1,0,3,615,0,0,0.0
2266,2025-07-08T18:00:00,52.06,Retail,Online,1,2,3,309,0,0,0.0
2267,2025-07-08T20:00:00,105.2,Retail,ATM,1,1,2,608,0,0,0.0
2268,2025-07-08T22:00:00,220.66,Subscription,Online,2,1,3,46,0,0,0.0
2269,2025-07-09T00:00:00,161.83,Electronics,ATM,2,0,2,546,0,0,0.0
2270,2025-07-09T02:00:00,224.83,Travel,Online,2,0,3,413,0,0,0.0
2271,2025-07-09T04:00:00,177.19,Retail,ATM,1,2,4,609,0,0,0.0
2272,2025-07-09T06:00:00,151.06,Electronics,Online,1,0,1,249,0,0,0.0
2273,2025-07-09T08:00:00,118.74,Travel,ATM,1,1,4,22,0,0,0.0
2274,2025-07-09T10:00:00,240.03,Cash Advance,ATM,1,1,3,484,0,0,0.0
2275,2025-07-09T12:00:00,141.02,Cash Advance,Online,1,0,3,277,0,0,0.0
2276,2025-07-09T14:00:00,400.8,Travel,Card Present,3,0,1,527,0,0,0.0
2277,2025-07-09T16:00:00,194.15,Cash Advance,Mobile,1,0,3,225,0,0,0.0
2278,2025-07-09T18:00:00,94.1,Cash Advance,Mobile,1,0,1,370,0,0,0.0
2279,2025-07-09T20:00:00,102.72,Dining,Card Present,3,0,2,312,0,0,0.0
2280,2025-07-09T22:00:00,121.83,Subscription,Mobile,1,0,2,193,0,0,0.0
2281,2025-07-10T00:00:00,436.09,Subscription,Online,3,0,2,606,0,0,0.0
2282,2025-07-10T02:00:00,19.66,Retail,Mobile,1,0,2,476,0,0,0.0
2283,2025-07-10T04:00:00,240.07,Travel,Card Present,1,1,2,106,0,0,0.0
2284,2025-07-10T06:00:00,314.13,Subscription,Online,3,0,3,438,0,0,0.0
2285,2025-07-10T08:00:00,40.4,Retail,Card Present,2,0,3,385,0,0,0.0
2286,2025-07-10T10:00:00,179.82,Subscription,Mobile,1,1,2,297,0,0,0.0
2287,2025-07-10T12:00:00,143.78,Cash Advance,Mobile,2,2,3,548,0,0,0.0
2288,2025-07-10T14:00:00,474.19,Subscription,Mobile,2,0,5,711,0,0,0.0
2289,2025-07-10T16:00:00,207.58,Retail,Mobile,2,0,1,697,0,0,0.0
2290,2025-07-10T18:00:00,271.13,Retail,ATM,2,0,3,471,0,0,0.0
2291,2025-07-10T20:00:00,23.25,Electronics,ATM,1,1,4,533,0,0,0.0
2292,2025-07-10T22:00:00,310.38,Cash Advance,ATM,1,0,3,672,0,0,0.0
2293,2025-07-11T00:00:00,100.73,Cash Advance,ATM,1,0,3,275,0,0,0.0
2294,2025-07-11T02:00:00,172.3,Electronics,Online,1,0,3,534,0,0,0.0
2295,2025-07-11T04:00:00,370.29,Dining,Online,2,1,1,452,0,0,0.0
2296,2025-07-11T06:00:00,360.19,Retail,ATM,1,0,2,421,0,0,0.0
2297,2025-07-11T08:00:00,414.95,Cash Advance,Online,1,1,4,202,0,0,0.0
2298,2025-07-11T10:00:00,29.94,Retail,Card Present,1,1,4,495,0,0,0.0
2299,2025-07-11T12:00:00,111.57,Subscription,Online,1,0,3,516,0,0,0.0
2300,2025-07-11T14:00:00,312.88,Electronics,Mobile,1,0,1,300,0,0,0.0
2301,2025-07-11T16:00:00,142.78,Cash Advance,Card Present,1,0,3,346,0,0,0.0
2302,2025-07-11T18:00:00,100.76,Dining,Online,1,0,5,523,0,0,0.0
2303,2025-07-11T20:00:00,169.28,Cash Advance,Online,1,0,1,174,0,0,0.0
2304,2025-07-11T22:00:00,253.17,Travel,Mobile,2,1,6,785,0,1,205.12
2305,2025-07-12T00:00:00,107.58,Subscription,Card Present,1,0,2,558,1,0,0.0
2306,2025-07-12T02:00:00,26.32,Retail,Card Present,3,1,3,266,1,0,0.0
2307,2025-07-12T04:00:00,76.04,Electronics,Online,2,0,2,368,1,0,0.0
2308,2025-07-12T06:00:00,175.61,Cash Advance,ATM,1,1,3,411,1,0,0.0
2309,2025-07-12T08:00:00,162.17,Subscription,ATM,1,0,1,312,1,0,0.0
2310,2025-07-12T10:00:00,198.54,Retail,Online,1,1,1,560,1,0,0.0
2311,2025-07-12T12:00:00,376.93,Travel,Online,1,0,3,496,1,0,0.0
2312,2025-07-12T14:00:00,254.89,Dining,Mobile,1,0,2,545,1,0,0.0
2313,2025-07-12T16:00:00,175.93,Dining,ATM,2,0,2,470,1,0,0.0
2314,2025-07-12T18:00:00,203.69,Electronics,ATM,1,1,4,489,1,0,0.0
2315,2025-07-12T20:00:00,37.24,Retail,Mobile,1,0,3,521,1,0,0.0
2316,2025-07-12T22:00:00,55.38,Electronics,Mobile,1,0,3,538,1,0,0.0
2317,2025-07-13T00:00:00,174.37,Subscription,Card Present,1,0,1,405,1,0,0.0
2318,2025-07-13T02:00:00,59.17,Retail,Mobile,1,1,1,240,1,0,0.0
2319,2025-07-13T04:00:00,127.96,Travel,Card Present,2,0,3,318,1,0,0.0
2320,2025-07-13T06:00:00,124.93,Retail,Card Present,2,0,1,694,1,0,0.0
2321,2025-07-13T08:00:00,127.81,Retail,ATM,2,0,2,493,1,0,0.0
2322,2025-07-13T10:00:00,76.15,Dining,Online,1,0,2,265,1,0,0.0
2323,2025-07-13T12:00:00,320.66,Retail,Mobile,2,0,2,555,1,0,0.0
2324,2025-07-13T14:00:00,219.43,Electronics,Mobile,1,1,1,719,1,0,0.0
2325,2025-07-13T16:00:00,106.25,Retail,Mobile,1,0,2,406,1,0,0.0
2326,2025-07-13T18:00:00,277.26,Dining,Mobile,2,1,6,249,1,0,0.0
2327,2025-07-13T20:00:00,298.34,Subscription,ATM,3,0,2,175,1,0,0.0
2328,2025-07-13T22:00:00,140.37,Subscription,ATM,1,0,3,384,1,0,0.0
2329,2025-07-14T00:00:00,81.58,Cash Advance,ATM,2,1,3,325,0,0,0.0
2330,2025-07-14T02:00:00,238.78,Retail,Mobile,1,0,1,540,0,0,0.0
2331,2025-07-14T04:00:00,116.69,Dining,Online,1,0,1,417,0,0,0.0
2332,2025-07-14T06:00:00,134.22,Travel,Online,1,0,5,361,0,0,0.0
2333,2025-07-14T08:00:00,245.16,Retail,Online,3,0,3,52,0,0,0.0
2334,2025-07-14T10:00:00,121.07,Electronics,Card Present,2,2,1,406,0,0,0.0
2335,2025-07-14T12:00:00,161.16,Retail,Card Present,1,0,3,286,0,0,0.0
2336,2025-07-14T14:00:00,116.98,Subscription,Online,1,0,3,97,0,0,0.0
2337,2025-07-14T16:00:00,112.1,Dining,Online,3,0,3,512,0,0,0.0
2338,2025-07-14T18:00:00,385.76,Travel,Mobile,1,0,1,310,0,0,0.0
2339,2025-07-14T20:00:00,151.93,Retail,Mobile,1,0,5,468,0,0,0.0
2340,2025-07-14T22:00:00,31.27,Retail,Card Present,2,0,3,446,0,0,0.0
2341,2025-07-15T00:00:00,77.26,Electronics,Mobile,1,1,3,322,0,0,0.0
2342,2025-07-15T02:00:00,145.57,Subscription,Online,3,0,4,412,0,0,0.0
2343,2025-07-15T04:00:00,59.85,Dining,Mobile,1,0,1,428,0,0,0.0
2344,2025-07-15T06:00:00,139.12,Cash Advance,ATM,1,0,4,336,0,0,0.0
2345,2025-07-15T08:00:00,226.73,Travel,Online,3,0,2,215,0,0,0.0
2346,2025-07-15T10:00:00,357.56,Retail,Mobile,1,0,4,366,0,0,0.0
2347,2025-07-15T12:00:00,171.83,Subscription,Card Present,1,1,5,343,0,0,0.0
2348,2025-07-15T14:00:00,195.94,Travel,Card Present,2,0,4,150,0,0,0.0
2349,2025-07-15T16:00:00,86.99,Electronics,ATM,1,0,4,284,0,0,0.0
2350,2025-07-15T18:00:00,95.04,Retail,Mobile,2,1,3,415,0,0,0.0
2351,2025-07-15T20:00:00,141.56,Subscription,ATM,1,2,1,381,0,0,0.0
2352,2025-07-15T22:00:00,174.81,Travel,Card Present,2,0,2,451,0,0,0.0
2353,2025-07-16T00:00:00,55.73,Retail,Online,1,1,3,297,0,0,0.0
2354,2025-07-16T02:00:00,228.72,Cash Advance,Card Present,1,1,2,712,0,0,0.0
2355,2025-07-16T04:00:00,197.75,Subscription,Online,2,1,3,602,0,0,0.0
2356,2025-07-16T06:00:00,99.07,Dining,Online,2,0,1,513,0,0,0.0
2357,2025-07-16T08:00:00,140.59,Retail,Online,1,0,2,533,0,0,0.0
2358,2025-07-16T10:00:00,167.87,Cash Advance,Card Present,1,0,4,123,0,0,0.0
2359,2025-07-16T12:00:00,142.44,Cash Advance,Card Present,3,1,5,375,0,0,0.0
2360,2025-07-16T14:00:00,215.4,Cash Advance,Online,2,1,4,737,0,0,0.0
2361,2025-07-16T16:00:00,129.61,Cash Advance,Online,2,0,3,592,0,0,0.0
2362,2025-07-16T18:00:00,269.64,Retail,Card Present,1,1,3,501,0,0,0.0
2363,2025-07-16T20:00:00,212.07,Dining,Online,1,0,2,581,0,0,0.0
2364,2025-07-16T22:00:00,56.53,Travel,Online,2,2,1,290,0,0,0.0
2365,2025-07-17T00:00:00,235.72,Cash Advance,Card Present,2,3,3,604,0,0,0.0
2366,2025-07-17T02:00:00,109.49,Cash Advance,Card Present,1,0,2,520,0,0,0.0
2367,2025-07-17T04:00:00,188.58,Electronics,Card Present,1,0,2,194,0,0,0.0
2368,2025-07-17T06:00:00,76.48,Electronics,Mobile,1,0,3,444,0,0,0.0
2369,2025-07-17T08:00:00,94.82,Subscription,ATM,1,0,1,466,0,0,0.0
2370,2025-07-17T10:00:00,94.34,Cash Advance,Mobile,1,0,1,424,0,0,0.0
2371,2025-07-17T12:00:00,104.9,Subscription,Online,1,0,3,492,0,0,0.0
2372,2025-07-17T14:00:00,186.08,Travel,ATM,2,0,3,229,0,0,0.0
2373,2025-07-17T16:00:00,116.72,Cash Advance,Card Present,3,0,3,724,0,0,0.0
2374,2025-07-17T18:00:00,32.45,Travel,Online,1,1,1,370,0,0,0.0
2375,2025-07-17T20:00:00,205.52,Dining,Card Present,1,0,1,604,0,0,0.0
2376,2025-07-17T22:00:00,145.74,Dining,Card Present,1,0,2,631,0,0,0.0
2377,2025-07-18T00:00:00,263.97,Retail,Card Present,1,0,2,109,0,0,0.0
2378,2025-07-18T02:00:00,294.26,Subscription,Online,2,1,2,315,0,0,0.0
2379,2025-07-18T04:00:00,57.25,Travel,ATM,2,1,3,381,0,0,0.0
2380,2025-07-18T06:00:00,207.8,Electronics,Online,2,0,2,362,0,0,0.0
2381,2025-07-18T08:00:00,358.65,Travel,Mobile,1,0,1,676,0,0,0.0
2382,2025-07-18T10:00:00,197.6,Subscription,ATM,2,0,3,565,0,0,0.0
2383,2025-07-18T12:00:00,149.8,Retail,Online,2,0,2,301,0,0,0.0
2384,2025-07-18T14:00:00,273.12,Travel,Card Present,1,0,1,624,0,0,0.0
2385,2025-07-18T16:00:00,110.89,Electronics,Online,2,0,3,583,0,0,0.0
2386,2025-07-18T18:00:00,216.49,Electronics,ATM,1,0,4,546,0,0,0.0
2387,2025-07-18T20:00:00,100.78,Retail,Mobile,1,1,4,472,0,0,0.0
2388,2025-07-18T22:00:00,109.35,Travel,Mobile,1,0,4,134,0,0,0.0
2389,2025-07-19T00:00:00,156.6,Cash Advance,Card Present,1,0,3,443,1,0,0.0
2390,2025-07-19T02:00:00,84.74,Travel,ATM,1,0,3,335,1,0,0.0
2391,2025-07-19T04:00:00,327.58,Retail,Mobile,1,0,3,290,1,0,0.0
2392,2025-07-19T06:00:00,292.24,Travel,ATM,1,0,3,538,1,0,0.0
2393,2025-07-19T08:00:00,232.95,Subscription,Card Present,1,0,4,372,1,0,0.0
2394,2025-07-19T10:00:00,70.11,Subscription,Mobile,2,1,2,259,1,0,0.0
2395,2025-07-19T12:00:00,155.11,Dining,Card Present,1,0,1,59,1,0,0.0
2396,2025-07-19T14:00:00,90.56,Travel,ATM,2,0,3,311,1,0,0.0
2397,2025-07-19T16:00:00,70.13,Cash Advance,Online,2,0,3,429,1,0,0.0
2398,2025-07-19T18:00:00,498.65,Retail,Mobile,1,0,4,357,1,0,0.0
2399,2025-07-19T20:00:00,51.99,Subscription,Mobile,2,0,2,338,1,0,0.0
2400,2025-07-19T22:00:00,105.27,Travel,ATM,2,0,1,236,1,0,0.0
2401,2025-07-20T00:00:00,67.6,Subscription,ATM,2,1,3,254,1,0,0.0
2402,2025-07-20T02:00:00,32.23,Travel,ATM,3,1,4,44,1,0,0.0
2403,2025-07-20T04:00:00,102.51,Dining,Card Present,2,0,6,493,1,0,0.0
2404,2025-07-20T06:00:00,231.31,Electronics,Mobile,3,0,3,365,1,0,0.0
2405,2025-07-20T08:00:00,178.55,Electronics,Card Present,1,0,2,175,1,0,0.0
2406,2025-07-20T10:00:00,337.7,Electronics,Card Present,1,0,2,488,1,0,0.0
2407,2025-07-20T12:00:00,278.07,Retail,Online,2,0,2,717,1,0,0.0
2408,2025-07-20T14:00:00,279.35,Subscription,ATM,1,0,3,514,1,0,0.0
2409,2025-07-20T16:00:00,340.32,Electronics,Online,1,1,2,380,1,0,0.0
2410,2025-07-20T18:00:00,50.37,Electronics,ATM,2,0,4,339,1,0,0.0
2411,2025-07-20T20:00:00,188.58,Retail,Online,1,0,3,621,1,0,0.0
2412,2025-07-20T22:00:00,48.7,Travel,Online,3,4,3,562,1,0,0.0
2413,2025-07-21T00:00:00,90.49,Retail,Mobile,2,0,3,677,0,0,0.0
2414,2025-07-21T02:00:00,44.82,Travel,Card Present,1,0,5,145,0,0,0.0
2415,2025-07-21T04:00:00,366.02,Retail,Mobile,1,1,2,297,0,0,0.0
2416,2025-07-21T06:00:00,209.68,Electronics,Card Present,1,0,1,390,0,0,0.0
2417,2025-07-21T08:00:00,449.69,Dining,Mobile,2,0,4,535,0,0,0.0
2418,2025-07-21T10:00:00,68.79,Subscription,Mobile,1,0,3,626,0,0,0.0
2419,2025-07-21T12:00:00,128.71,Retail,Card Present,1,0,1,192,0,0,0.0
2420,2025-07-21T14:00:00,101.92,Cash Advance,Online,2,0,4,395,0,0,0.0
2421,2025-07-21T16:00:00,396.39,Cash Advance,Mobile,2,0,5,476,0,0,0.0
2422,2025-07-21T18:00:00,217.84,Cash Advance,Mobile,1,0,4,295,0,0,0.0
2423,2025-07-21T20:00:00,287.84,Dining,Mobile,1,0,3,589,0,0,0.0
2424,2025-07-21T22:00:00,164.78,Cash Advance,ATM,1,0,3,285,0,0,0.0
2425,2025-07-22T00:00:00,349.16,Travel,Online,2,1,2,272,0,0,0.0
2426,2025-07-22T02:00:00,168.97,Travel,Online,1,0,2,612,0,0,0.0
2427,2025-07-22T04:00:00,95.94,Cash Advance,Card Present,1,0,5,340,0,0,0.0
2428,2025-07-22T06:00:00,233.33,Dining,Mobile,1,0,2,368,0,0,0.0
2429,2025-07-22T08:00:00,172.24,Electronics,Mobile,1,0,3,733,0,0,0.0
2430,2025-07-22T10:00:00,289.95,Electronics,ATM,3,0,1,154,0,0,0.0
2431,2025-07-22T12:00:00,300.01,Electronics,Online,1,0,1,779,0,0,0.0
2432,2025-07-22T14:00:00,183.25,Cash Advance,Mobile,3,1,1,370,0,0,0.0
2433,2025-07-22T16:00:00,86.24,Electronics,Mobile,2,1,3,790,0,0,0.0
2434,2025-07-22T18:00:00,119.66,Dining,Card Present,2,0,1,599,0,0,0.0
2435,2025-07-22T20:00:00,301.98,Retail,ATM,1,0,4,241,0,0,0.0
2436,2025-07-22T22:00:00,99.49,Travel,Online,2,1,4,340,0,0,0.0
2437,2025-07-23T00:00:00,106.11,Dining,Online,2,2,1,210,0,0,0.0
2438,2025-07-23T02:00:00,82.47,Dining,ATM,1,0,3,359,0,0,0.0
2439,2025-07-23T04:00:00,200.2,Travel,Mobile,1,1,1,700,0,0,0.0
2440,2025-07-23T06:00:00,220.14,Subscription,Online,3,0,5,507,0,0,0.0
2441,2025-07-23T08:00:00,59.13,Travel,Online,1,0,2,371,0,0,0.0
2442,2025-07-23T10:00:00,136.16,Retail,ATM,2,0,3,779,0,0,0.0
2443,2025-07-23T12:00:00,262.65,Retail,Online,2,2,1,379,0,0,0.0
2444,2025-07-23T14:00:00,156.5,Retail,Online,1,0,4,237,0,0,0.0
2445,2025-07-23T16:00:00,325.86,Electronics,Online,3,1,4,486,0,0,0.0
2446,2025-07-23T18:00:00,213.64,Dining,Mobile,3,0,3,240,0,0,0.0
2447,2025-07-23T20:00:00,168.56,Retail,ATM,2,3,3,459,0,0,0.0
2448,2025-07-23T22:00:00,122.95,Travel,ATM,3,1,3,330,0,0,0.0
2449,2025-07-24T00:00:00,215.15,Cash Advance,Mobile,2,0,2,493,0,0,0.0
2450,2025-07-24T02:00:00,25.44,Travel,Mobile,2,1,2,22,0,0,0.0
2451,2025-07-24T04:00:00,90.67,Travel,Card Present,1,0,2,643,0,0,0.0
2452,2025-07-24T06:00:00,118.72,Retail,Online,1,0,4,599,0,0,0.0
2453,2025-07-24T08:00:00,112.67,Dining,ATM,1,1,3,348,0,0,0.0
2454,2025-07-24T10:00:00,127.22,Dining,Card Present,3,3,3,423,0,0,0.0
2455,2025-07-24T12:00:00,49.97,Dining,ATM,2,0,3,553,0,0,0.0
2456,2025-07-24T14:00:00,148.8,Electronics,ATM,3,0,4,68,0,0,0.0
2457,2025-07-24T16:00:00,164.57,Dining,Online,3,0,1,345,0,0,0.0
2458,2025-07-24T18:00:00,38.11,Electronics,ATM,2,0,3,295,0,0,0.0
2459,2025-07-24T20:00:00,84.69,Electronics,ATM,2,0,2,159,0,0,0.0
2460,2025-07-24T22:00:00,252.31,Retail,Card Present,2,0,2,560,0,0,0.0
2461,2025-07-25T00:00:00,214.73,Electronics,Mobile,2,1,4,276,0,0,0.0
2462,2025-07-25T02:00:00,234.05,Travel,Online,2,0,2,506,0,0,0.0
2463,2025-07-25T04:00:00,195.45,Travel,ATM,1,2,5,500,0,0,0.0
2464,2025-07-25T06:00:00,181.72,Dining,Online,2,2,1,374,0,0,0.0
2465,2025-07-25T08:00:00,319.79,Electronics,Card Present,1,2,3,439,0,0,0.0
2466,2025-07-25T10:00:00,143.9,Cash Advance,Card Present,1,0,3,365,0,0,0.0
2467,2025-07-25T12:00:00,119.88,Retail,Card Present,3,0,4,397,0,0,0.0
2468,2025-07-25T14:00:00,289.19,Retail,Online,2,1,5,435,0,0,0.0
2469,2025-07-25T16:00:00,283.31,Subscription,ATM,2,0,3,397,0,0,0.0
2470,2025-07-25T18:00:00,454.82,Retail,Mobile,2,0,4,394,0,0,0.0
2471,2025-07-25T20:00:00,71.29,Subscription,ATM,2,0,1,331,0,0,0.0
2472,2025-07-25T22:00:00,102.76,Electronics,Mobile,2,0,3,542,0,0,0.0
2473,2025-07-26T00:00:00,102.58,Dining,Online,1,0,5,247,1,0,0.0
2474,2025-07-26T02:00:00,413.72,Retail,Online,2,1,1,433,1,0,0.0
2475,2025-07-26T04:00:00,164.81,Subscription,Mobile,1,0,7,394,1,0,0.0
2476,2025-07-26T06:00:00,291.47,Subscription,ATM,1,0,1,47,1,0,0.0
2477,2025-07-26T08:00:00,127.07,Dining,ATM,3,0,3,371,1,0,0.0
2478,2025-07-26T10:00:00,220.45,Dining,Online,1,0,4,652,1,0,0.0
2479,2025-07-26T12:00:00,287.97,Cash Advance,Card Present,1,1,3,448,1,0,0.0
2480,2025-07-26T14:00:00,181.3,Dining,Mobile,1,0,2,412,1,0,0.0
2481,2025-07-26T16:00:00,406.89,Electronics,Online,2,0,3,560,1,0,0.0
2482,2025-07-26T18:00:00,81.1,Subscription,Mobile,2,1,4,743,1,0,0.0
2483,2025-07-26T20:00:00,109.83,Travel,Card Present,1,1,4,698,1,0,0.0
2484,2025-07-26T22:00:00,215.76,Retail,Mobile,2,1,3,393,1,0,0.0
2485,2025-07-27T00:00:00,269.29,Travel,Card Present,1,1,3,262,1,0,0.0
2486,2025-07-27T02:00:00,125.85,Cash Advance,Online,1,0,1,176,1,0,0.0
2487,2025-07-27T04:00:00,655.98,Retail,Card Present,1,1,4,366,1,0,0.0
2488,2025-07-27T06:00:00,341.59,Subscription,Card Present,1,2,4,673,1,0,0.0
2489,2025-07-27T08:00:00,68.51,Dining,Mobile,2,0,1,393,1,0,0.0
2490,2025-07-27T10:00:00,146.13,Dining,Mobile,1,1,3,292,1,0,0.0
2491,2025-07-27T12:00:00,88.52,Retail,ATM,2,0,3,389,1,0,0.0
2492,2025-07-27T14:00:00,403.78,Electronics,Mobile,1,0,2,559,1,0,0.0
2493,2025-07-27T16:00:00,277.63,Retail,Mobile,1,0,2,173,1,0,0.0
2494,2025-07-27T18:00:00,180.84,Cash Advance,Mobile,1,1,4,257,1,0,0.0
2495,2025-07-27T20:00:00,193.55,Dining,Mobile,3,0,2,513,1,0,0.0
2496,2025-07-27T22:00:00,80.96,Subscription,Card Present,1,1,1,250,1,0,0.0
2497,2025-07-28T00:00:00,320.27,Subscription,Card Present,1,0,2,354,0,0,0.0
2498,2025-07-28T02:00:00,44.5,Cash Advance,Card Present,1,0,1,452,0,0,0.0
2499,2025-07-28T04:00:00,159.68,Retail,Mobile,1,0,3,540,0,0,0.0
2500,2025-07-28T06:00:00,105.47,Electronics,Card Present,1,0,3,256,0,0,0.0
2501,2025-07-28T08:00:00,138.45,Cash Advance,Card Present,1,0,1,227,0,0,0.0
2502,2025-07-28T10:00:00,222.68,Electronics,ATM,1,1,3,296,0,0,0.0
2503,2025-07-28T12:00:00,240.51,Travel,Mobile,3,0,4,551,0,0,0.0
2504,2025-07-28T14:00:00,125.59,Electronics,Card Present,1,0,2,270,0,0,0.0
2505,2025-07-28T16:00:00,186.33,Retail,ATM,3,0,1,597,0,0,0.0
2506,2025-07-28T18:00:00,37.98,Subscription,Mobile,1,1,2,9,0,0,0.0
2507,2025-07-28T20:00:00,161.83,Retail,Online,1,0,1,371,0,0,0.0
2508,2025-07-28T22:00:00,184.84,Subscription,Card Present,1,0,1,478,0,0,0.0
2509,2025-07-29T00:00:00,313.68,Retail,ATM,1,1,4,201,0,0,0.0
2510,2025-07-29T02:00:00,362.61,Dining,Card Present,2,0,1,585,0,0,0.0
2511,2025-07-29T04:00:00,309.03,Retail,Online,1,0,4,364,0,0,0.0
2512,2025-07-29T06:00:00,426.8,Dining,Card Present,1,1,3,261,0,0,0.0
2513,2025-07-29T08:00:00,104.41,Retail,ATM,1,0,6,115,0,0,0.0
2514,2025-07-29T10:00:00,184.76,Dining,Mobile,1,0,2,496,0,0,0.0
2515,2025-07-29T12:00:00,189.11,Cash Advance,Online,1,0,3,31,0,0,0.0
2516,2025-07-29T14:00:00,168.74,Dining,Online,2,0,2,472,0,0,0.0
2517,2025-07-29T16:00:00,332.37,Cash Advance,Mobile,2,2,4,226,0,0,0.0
2518,2025-07-29T18:00:00,112.21,Dining,Mobile,1,0,1,566,0,0,0.0
2519,2025-07-29T20:00:00,124.18,Cash Advance,Online,1,3,4,640,0,0,0.0
2520,2025-07-29T22:00:00,165.34,Cash Advance,Online,2,0,1,240,0,0,0.0
2521,2025-07-30T00:00:00,203.64,Subscription,ATM,3,2,3,205,0,0,0.0
2522,2025-07-30T02:00:00,60.23,Electronics,Mobile,1,0,3,541,0,0,0.0
2523,2025-07-30T04:00:00,34.36,Travel,Card Present,1,0,3,502,0,0,0.0
2524,2025-07-30T06:00:00,163.19,Travel,Mobile,3,2,2,441,0,0,0.0
2525,2025-07-30T08:00:00,217.81,Dining,Mobile,1,0,2,255,0,0,0.0
2526,2025-07-30T10:00:00,133.31,Retail,ATM,2,0,2,549,0,0,0.0
2527,2025-07-30T12:00:00,321.96,Travel,Card Present,1,1,2,182,0,0,0.0
2528,2025-07-30T14:00:00,257.26,Subscription,ATM,1,0,3,498,0,0,0.0
2529,2025-07-30T16:00:00,151.98,Electronics,Online,2,1,1,532,0,0,0.0
2530,2025-07-30T18:00:00,201.9,Dining,Online,3,1,4,879,0,0,0.0
2531,2025-07-30T20:00:00,152.68,Dining,Card Present,2,1,3,703,0,0,0.0
2532,2025-07-30T22:00:00,85.94,Retail,Card Present,1,1,2,307,0,0,0.0
2533,2025-07-31T00:00:00,69.81,Travel,Online,3,0,3,447,0,0,0.0
2534,2025-07-31T02:00:00,150.47,Cash Advance,ATM,1,1,3,285,0,0,0.0
2535,2025-07-31T04:00:00,169.24,Travel,Online,1,1,3,526,0,0,0.0
2536,2025-07-31T06:00:00,161.38,Travel,Card Present,1,0,3,490,0,0,0.0
2537,2025-07-31T08:00:00,284.14,Travel,Mobile,2,0,1,515,0,0,0.0
2538,2025-07-31T10:00:00,259.83,Electronics,ATM,1,0,4,355,0,0,0.0
2539,2025-07-31T12:00:00,214.61,Cash Advance,Online,1,0,4,576,0,0,0.0
2540,2025-07-31T14:00:00,295.92,Retail,Mobile,1,1,2,597,0,0,0.0
2541,2025-07-31T16:00:00,319.08,Electronics,Online,1,1,1,589,0,0,0.0
2542,2025-07-31T18:00:00,84.21,Cash Advance,ATM,1,1,3,5,0,0,0.0
2543,2025-07-31T20:00:00,60.19,Dining,Online,2,0,1,649,0,0,0.0
2544,2025-07-31T22:00:00,210.93,Cash Advance,ATM,1,0,3,724,0,0,0.0
2545,2025-08-01T00:00:00,403.98,Dining,ATM,1,0,3,431,0,0,0.0
2546,2025-08-01T02:00:00,35.17,Electronics,Card Present,1,0,1,448,0,0,0.0
2547,2025-08-01T04:00:00,18.18,Dining,Card Present,3,0,4,508,0,0,0.0
2548,2025-08-01T06:00:00,184.04,Electronics,Card Present,2,0,1,343,0,0,0.0
2549,2025-08-01T08:00:00,158.03,Dining,Card Present,2,1,2,314,0,0,0.0
2550,2025-08-01T10:00:00,33.5,Subscription,ATM,2,0,3,593,0,0,0.0
2551,2025-08-01T12:00:00,67.71,Electronics,Mobile,1,0,3,426,0,0,0.0
2552,2025-08-01T14:00:00,254.35,Electronics,Card Present,1,0,1,767,0,0,0.0
2553,2025-08-01T16:00:00,318.68,Travel,Online,1,0,1,358,0,0,0.0
2554,2025-08-01T18:00:00,138.94,Cash Advance,Online,2,1,2,545,0,0,0.0
2555,2025-08-01T20:00:00,136.89,Dining,Mobile,1,0,4,201,0,0,0.0
2556,2025-08-01T22:00:00,70.44,Travel,Card Present,1,0,4,350,0,0,0.0
2557,2025-08-02T00:00:00,90.08,Dining,Card Present,3,0,2,427,1,0,0.0
2558,2025-08-02T02:00:00,59.35,Subscription,Online,3,2,1,327,1,0,0.0
2559,2025-08-02T04:00:00,425.75,Travel,Online,1,0,1,154,1,0,0.0
2560,2025-08-02T06:00:00,63.15,Cash Advance,Online,2,2,1,480,1,0,0.0
2561,2025-08-02T08:00:00,309.89,Retail,Card Present,1,0,4,543,1,0,0.0
2562,2025-08-02T10:00:00,193.39,Dining,ATM,1,0,4,568,1,0,0.0
2563,2025-08-02T12:00:00,48.51,Retail,ATM,1,1,4,563,1,0,0.0
2564,2025-08-02T14:00:00,127.07,Subscription,Mobile,1,0,2,583,1,0,0.0
2565,2025-08-02T16:00:00,83.53,Subscription,Card Present,3,0,3,192,1,0,0.0
2566,2025-08-02T18:00:00,432.59,Electronics,Online,2,0,4,403,1,0,0.0
2567,2025-08-02T20:00:00,451.94,Cash Advance,ATM,2,0,3,278,1,0,0.0
2568,2025-08-02T22:00:00,129.39,Dining,Mobile,1,0,2,560,1,0,0.0
2569,2025-08-03T00:00:00,122.09,Travel,Card Present,1,2,3,308,1,0,0.0
2570,2025-08-03T02:00:00,227.97,Travel,Card Present,1,0,4,261,1,0,0.0
2571,2025-08-03T04:00:00,396.09,Dining,ATM,1,1,3,446,1,0,0.0
2572,2025-08-03T06:00:00,267.65,Cash Advance,ATM,2,0,2,81,1,0,0.0
2573,2025-08-03T08:00:00,276.12,Cash Advance,Mobile,1,0,4,552,1,0,0.0
2574,2025-08-03T10:00:00,133.51,Travel,ATM,2,0,3,391,1,0,0.0
2575,2025-08-03T12:00:00,97.82,Subscription,Mobile,1,1,3,443,1,0,0.0
2576,2025-08-03T14:00:00,373.27,Subscription,Card Present,2,0,1,321,1,0,0.0
2577,2025-08-03T16:00:00,316.44,Electronics,Online,1,0,4,422,1,0,0.0
2578,2025-08-03T18:00:00,268.57,Travel,Card Present,1,0,2,247,1,0,0.0
2579,2025-08-03T20:00:00,96.22,Subscription,Online,1,0,2,465,1,0,0.0
2580,2025-08-03T22:00:00,172.01,Travel,ATM,2,0,2,286,1,0,0.0
2581,2025-08-04T00:00:00,452.83,Cash Advance,Mobile,1,1,2,498,0,0,0.0
2582,2025-08-04T02:00:00,157.42,Electronics,Mobile,1,0,5,641,0,0,0.0
2583,2025-08-04T04:00:00,74.25,Dining,Online,2,1,3,590,0,0,0.0
2584,2025-08-04T06:00:00,401.36,Cash Advance,Online,1,1,2,536,0,0,0.0
2585,2025-08-04T08:00:00,242.36,Travel,Mobile,1,0,3,618,0,0,0.0
2586,2025-08-04T10:00:00,130.55,Subscription,ATM,1,0,3,331,0,0,0.0
2587,2025-08-04T12:00:00,85.49,Retail,Mobile,2,0,4,697,0,0,0.0
2588,2025-08-04T14:00:00,269.29,Subscription,Online,1,0,3,481,0,0,0.0
2589,2025-08-04T16:00:00,94.43,Dining,ATM,1,0,1,404,0,0,0.0
2590,2025-08-04T18:00:00,75.68,Retail,Card Present,1,0,1,472,0,0,0.0
2591,2025-08-04T20:00:00,9.79,Subscription,ATM,2,0,2,416,0,0,0.0
2592,2025-08-04T22:00:00,484.55,Travel,Mobile,1,0,3,5,0,1,432.29
2593,2025-08-05T00:00:00,88.34,Electronics,Mobile,1,0,5,586,0,0,0.0
2594,2025-08-05T02:00:00,148.68,Travel,Mobile,2,2,3,316,0,0,0.0
2595,2025-08-05T04:00:00,155.62,Retail,Card Present,1,0,3,614,0,0,0.0
2596,2025-08-05T06:00:00,79.45,Dining,Card Present,2,0,1,169,0,0,0.0
2597,2025-08-05T08:00:00,88.71,Cash Advance,ATM,1,2,2,11,0,0,0.0
2598,2025-08-05T10:00:00,210.02,Travel,ATM,1,0,3,288,0,0,0.0
2599,2025-08-05T12:00:00,493.63,Cash Advance,Mobile,1,1,5,424,0,0,0.0
2600,2025-08-05T14:00:00,76.81,Electronics,Mobile,1,0,4,547,0,0,0.0
2601,2025-08-05T16:00:00,204.08,Travel,Mobile,3,0,2,849,0,0,0.0
2602,2025-08-05T18:00:00,126.42,Dining,Online,2,0,3,383,0,0,0.0
2603,2025-08-05T20:00:00,156.33,Retail,Mobile,1,0,4,298,0,0,0.0
2604,2025-08-05T22:00:00,141.14,Cash Advance,Online,1,0,4,422,0,0,0.0
2605,2025-08-06T00:00:00,246.19,Electronics,Mobile,2,0,3,386,0,0,0.0
2606,2025-08-06T02:00:00,278.67,Dining,Online,1,1,3,426,0,0,0.0
2607,2025-08-06T04:00:00,63.98,Subscription,Online,1,2,3,485,0,0,0.0
2608,2025-08-06T06:00:00,149.33,Electronics,Mobile,1,0,3,271,0,0,0.0
2609,2025-08-06T08:00:00,47.24,Travel,Online,1,0,4,308,0,0,0.0
2610,2025-08-06T10:00:00,183.44,Cash Advance,Mobile,3,1,3,537,0,0,0.0
2611,2025-08-06T12:00:00,27.12,Electronics,Mobile,2,1,1,88,0,0,0.0
2612,2025-08-06T14:00:00,96.13,Dining,Card Present,1,0,2,552,0,0,0.0
2613,2025-08-06T16:00:00,270.17,Dining,Online,2,0,4,461,0,0,0.0
2614,2025-08-06T18:00:00,104.98,Dining,Mobile,2,0,3,539,0,0,0.0
2615,2025-08-06T20:00:00,183.47,Cash Advance,ATM,1,0,3,277,0,0,0.0
2616,2025-08-06T22:00:00,312.51,Retail,Mobile,2,0,1,471,0,0,0.0
2617,2025-08-07T00:00:00,108.34,Subscription,Mobile,1,1,3,365,0,0,0.0
2618,2025-08-07T02:00:00,133.27,Retail,Mobile,1,1,4,513,0,0,0.0
2619,2025-08-07T04:00:00,172.15,Electronics,Card Present,3,1,2,553,0,0,0.0
2620,2025-08-07T06:00:00,258.88,Subscription,ATM,2,1,4,480,0,0,0.0
2621,2025-08-07T08:00:00,166.14,Dining,Mobile,1,0,2,333,0,0,0.0
2622,2025-08-07T10:00:00,9.99,Cash Advance,Mobile,3,0,1,254,0,0,0.0
2623,2025-08-07T12:00:00,190.34,Travel,Card Present,2,1,8,477,0,0,0.0
2624,2025-08-07T14:00:00,230.24,Cash Advance,Card Present,1,0,1,268,0,0,0.0
2625,2025-08-07T16:00:00,276.33,Retail,ATM,2,0,3,645,0,0,0.0
2626,2025-08-07T18:00:00,200.41,Travel,Online,1,0,3,399,0,0,0.0
2627,2025-08-07T20:00:00,87.59,Dining,Online,1,1,4,369,0,0,0.0
2628,2025-08-07T22:00:00,348.01,Subscription,Online,3,0,2,370,0,0,0.0
2629,2025-08-08T00:00:00,179.75,Cash Advance,ATM,3,1,2,110,0,0,0.0
2630,2025-08-08T02:00:00,222.21,Dining,ATM,1,0,2,711,0,0,0.0
2631,2025-08-08T04:00:00,147.56,Subscription,ATM,1,1,2,406,0,0,0.0
2632,2025-08-08T06:00:00,122.5,Electronics,ATM,2,2,2,289,0,0,0.0
2633,2025-08-08T08:00:00,69.36,Travel,Online,1,1,1,361,0,0,0.0
2634,2025-08-08T10:00:00,181.95,Cash Advance,Card Present,2,0,2,169,0,0,0.0
2635,2025-08-08T12:00:00,210.17,Dining,Card Present,1,0,4,590,0,0,0.0
2636,2025-08-08T14:00:00,131.32,Subscription,Card Present,1,0,2,570,0,0,0.0
2637,2025-08-08T16:00:00,163.91,Retail,ATM,2,0,5,338,0,0,0.0
2638,2025-08-08T18:00:00,99.21,Travel,Card Present,2,2,5,578,0,0,0.0
2639,2025-08-08T20:00:00,56.59,Retail,ATM,1,0,3,216,0,0,0.0
2640,2025-08-08T22:00:00,283.64,Retail,Online,1,0,4,349,0,0,0.0
2641,2025-08-09T00:00:00,344.93,Retail,ATM,1,0,1,441,1,0,0.0
2642,2025-08-09T02:00:00,160.86,Electronics,Online,2,1,2,719,1,0,0.0
2643,2025-08-09T04:00:00,65.85,Travel,ATM,1,0,1,249,1,0,0.0
2644,2025-08-09T06:00:00,81.99,Dining,Online,2,0,3,546,1,0,0.0
2645,2025-08-09T08:00:00,153.16,Travel,Online,1,1,1,574,1,0,0.0
2646,2025-08-09T10:00:00,90.96,Retail,Mobile,2,2,3,213,1,0,0.0
2647,2025-08-09T12:00:00,206.1,Dining,Card Present,1,0,1,605,1,0,0.0
2648,2025-08-09T14:00:00,122.49,Subscription,Card Present,1,0,2,299,1,0,0.0
2649,2025-08-09T16:00:00,299.65,Subscription,Card Present,1,0,4,645,1,0,0.0
2650,2025-08-09T18:00:00,245.08,Cash Advance,Card Present,1,1,3,189,1,0,0.0
2651,2025-08-09T20:00:00,249.8,Travel,Online,1,0,2,242,1,0,0.0
2652,2025-08-09T22:00:00,224.54,Dining,Mobile,2,0,3,361,1,0,0.0
2653,2025-08-10T00:00:00,41.17,Travel,Online,1,2,1,368,1,0,0.0
2654,2025-08-10T02:00:00,80.42,Travel,ATM,2,2,2,302,1,0,0.0
2655,2025-08-10T04:00:00,106.55,Cash Advance,Mobile,2,0,3,326,1,0,0.0
2656,2025-08-10T06:00:00,346.87,Retail,ATM,2,0,4,442,1,0,0.0
2657,2025-08-10T08:00:00,142.92,Subscription,ATM,1,0,1,412,1,0,0.0
2658,2025-08-10T10:00:00,122.52,Travel,Card Present,2,0,4,321,1,0,0.0
2659,2025-08-10T12:00:00,103.73,Subscription,Online,1,0,2,601,1,0,0.0
2660,2025-08-10T14:00:00,125.25,Cash Advance,Mobile,3,0,5,476,1,0,0.0
2661,2025-08-10T16:00:00,282.97,Subscription,Card Present,2,0,3,423,1,0,0.0
2662,2025-08-10T18:00:00,87.89,Travel,Card Present,2,0,4,242,1,0,0.0
2663,2025-08-10T20:00:00,78.59,Electronics,ATM,3,1,3,145,1,0,0.0
2664,2025-08-10T22:00:00,240.91,Cash Advance,ATM,2,0,2,332,1,0,0.0
2665,2025-08-11T00:00:00,285.62,Travel,Mobile,2,0,3,523,0,0,0.0
2666,2025-08-11T02:00:00,323.83,Dining,Card Present,1,1,3,459,0,0,0.0
2667,2025-08-11T04:00:00,83.35,Cash Advance,Online,1,0,4,359,0,0,0.0
2668,2025-08-11T06:00:00,99.43,Retail,Online,1,1,4,466,0,0,0.0
2669,2025-08-11T08:00:00,142.37,Retail,Mobile,1,0,2,155,0,0,0.0
2670,2025-08-11T10:00:00,215.33,Cash Advance,ATM,1,1,4,502,0,0,0.0
2671,2025-08-11T12:00:00,91.81,Subscription,Online,2,0,2,556,0,0,0.0
2672,2025-08-11T14:00:00,129.12,Electronics,Card Present,2,0,3,453,0,0,0.0
2673,2025-08-11T16:00:00,51.88,Cash Advance,Mobile,1,0,4,589,0,0,0.0
2674,2025-08-11T18:00:00,162.16,Travel,ATM,2,0,6,308,0,0,0.0
2675,2025-08-11T20:00:00,125.37,Retail,Mobile,1,0,4,219,0,0,0.0
2676,2025-08-11T22:00:00,101.03,Retail,ATM,1,1,4,500,0,0,0.0
2677,2025-08-12T00:00:00,165.67,Subscription,Mobile,1,0,1,620,0,0,0.0
2678,2025-08-12T02:00:00,37.88,Retail,Mobile,1,0,3,638,0,0,0.0
2679,2025-08-12T04:00:00,144.94,Cash Advance,Online,1,1,3,329,0,0,0.0
2680,2025-08-12T06:00:00,162.39,Cash Advance,Online,1,0,4,652,0,0,0.0
2681,2025-08-12T08:00:00,123.35,Dining,Online,1,0,4,462,0,0,0.0
2682,2025-08-12T10:00:00,274.37,Cash Advance,Online,1,0,2,644,0,0,0.0
2683,2025-08-12T12:00:00,51.1,Travel,Mobile,3,0,4,348,0,0,0.0
2684,2025-08-12T14:00:00,153.25,Travel,Card Present,1,1,2,281,0,0,0.0
2685,2025-08-12T16:00:00,329.93,Electronics,ATM,2,0,4,396,0,0,0.0
2686,2025-08-12T18:00:00,403.86,Retail,Card Present,1,1,4,821,0,0,0.0
2687,2025-08-12T20:00:00,162.96,Subscription,Online,2,2,4,354,0,0,0.0
2688,2025-08-12T22:00:00,303.83,Cash Advance,Online,1,0,6,278,0,0,0.0
2689,2025-08-13T00:00:00,18.36,Retail,ATM,2,0,2,477,0,0,0.0
2690,2025-08-13T02:00:00,83.62,Dining,ATM,1,1,1,425,0,0,0.0
2691,2025-08-13T04:00:00,67.51,Subscription,Online,2,1,4,674,0,0,0.0
2692,2025-08-13T06:00:00,77.15,Subscription,ATM,1,0,3,235,0,0,0.0
2693,2025-08-13T08:00:00,167.46,Dining,ATM,1,1,3,368,0,0,0.0
2694,2025-08-13T10:00:00,70.91,Retail,Online,1,0,3,405,0,0,0.0
2695,2025-08-13T12:00:00,104.39,Subscription,Online,1,0,2,231,0,0,0.0
2696,2025-08-13T14:00:00,155.03,Dining,Card Present,1,0,4,553,0,0,0.0
2697,2025-08-13T16:00:00,241.98,Retail,ATM,3,0,3,303,0,0,0.0
2698,2025-08-13T18:00:00,127.0,Cash Advance,Mobile,1,0,3,293,0,0,0.0
2699,2025-08-13T20:00:00,158.34,Dining,ATM,1,1,2,323,0,0,0.0
2700,2025-08-13T22:00:00,97.49,Travel,Card Present,3,0,2,172,0,0,0.0
2701,2025-08-14T00:00:00,408.96,Retail,Mobile,3,1,4,291,0,0,0.0
2702,2025-08-14T02:00:00,200.69,Travel,Mobile,1,3,2,502,0,0,0.0
2703,2025-08-14T04:00:00,50.39,Retail,ATM,1,0,2,455,0,0,0.0
2704,2025-08-14T06:00:00,247.44,Retail,Online,3,0,5,658,0,0,0.0
2705,2025-08-14T08:00:00,211.53,Cash Advance,ATM,1,2,2,415,0,0,0.0
2706,2025-08-14T10:00:00,29.46,Electronics,ATM,1,1,5,429,0,0,0.0
2707,2025-08-14T12:00:00,106.4,Dining,Card Present,2,0,1,636,0,0,0.0
2708,2025-08-14T14:00:00,55.22,Electronics,Mobile,1,0,1,524,0,0,0.0
2709,2025-08-14T16:00:00,174.4,Travel,Card Present,2,1,4,514,0,0,0.0
2710,2025-08-14T18:00:00,100.26,Cash Advance,Online,1,1,1,586,0,0,0.0
2711,2025-08-14T20:00:00,127.89,Cash Advance,Card Present,1,1,2,463,0,0,0.0
2712,2025-08-14T22:00:00,126.27,Subscription,Online,3,2,1,685,0,0,0.0
2713,2025-08-15T00:00:00,89.63,Dining,Card Present,1,1,3,31,0,0,0.0
2714,2025-08-15T02:00:00,186.93,Electronics,Mobile,1,0,4,411,0,0,0.0
2715,2025-08-15T04:00:00,201.76,Dining,Online,1,1,1,685,0,0,0.0
2716,2025-08-15T06:00:00,267.26,Subscription,ATM,1,0,3,408,0,0,0.0
2717,2025-08-15T08:00:00,182.21,Cash Advance,ATM,1,0,2,394,0,0,0.0
2718,2025-08-15T10:00:00,142.07,Dining,Card Present,1,0,2,678,0,0,0.0
2719,2025-08-15T12:00:00,326.72,Electronics,ATM,1,1,3,226,0,0,0.0
2720,2025-08-15T14:00:00,100.26,Electronics,ATM,1,0,2,795,0,0,0.0
2721,2025-08-15T16:00:00,97.99,Electronics,Online,1,0,1,540,0,0,0.0
2722,2025-08-15T18:00:00,143.49,Dining,Card Present,1,0,3,327,0,0,0.0
2723,2025-08-15T20:00:00,17.37,Cash Advance,ATM,1,0,1,436,0,0,0.0
2724,2025-08-15T22:00:00,178.8,Electronics,Mobile,3,2,4,173,0,1,177.6
2725,2025-08-16T00:00:00,91.24,Retail,ATM,2,0,4,387,1,0,0.0
2726,2025-08-16T02:00:00,133.34,Subscription,Mobile,3,0,5,348,1,0,0.0
2727,2025-08-16T04:00:00,46.33,Subscription,Mobile,1,1,4,352,1,0,0.0
2728,2025-08-16T06:00:00,319.87,Subscription,Card Present,3,0,3,282,1,0,0.0
2729,2025-08-16T08:00:00,250.94,Retail,ATM,1,1,1,178,1,0,0.0
2730,2025-08-16T10:00:00,206.79,Dining,Mobile,1,0,1,490,1,0,0.0
2731,2025-08-16T12:00:00,129.32,Electronics,Online,2,1,2,209,1,0,0.0
2732,2025-08-16T14:00:00,279.79,Travel,Online,1,1,3,465,1,0,0.0
2733,2025-08-16T16:00:00,67.46,Retail,Mobile,2,0,2,382,1,0,0.0
2734,2025-08-16T18:00:00,391.79,Dining,Mobile,1,2,2,461,1,0,0.0
2735,2025-08-16T20:00:00,89.19,Retail,Mobile,2,1,5,353,1,0,0.0
2736,2025-08-16T22:00:00,257.27,Dining,Mobile,1,1,4,510,1,0,0.0
2737,2025-08-17T00:00:00,333.14,Cash Advance,Online,2,2,4,695,1,1,320.36
2738,2025-08-17T02:00:00,60.43,Retail,Online,2,0,3,384,1,0,0.0
2739,2025-08-17T04:00:00,337.54,Retail,Card Present,1,0,3,284,1,0,0.0
2740,2025-08-17T06:00:00,33.81,Electronics,Online,1,1,2,425,1,0,0.0
2741,2025-08-17T08:00:00,303.77,Cash Advance,ATM,1,1,3,594,1,0,0.0
2742,2025-08-17T10:00:00,120.17,Cash Advance,ATM,1,1,1,323,1,0,0.0
2743,2025-08-17T12:00:00,233.52,Travel,Mobile,1,0,2,439,1,0,0.0
2744,2025-08-17T14:00:00,193.68,Cash Advance,Mobile,2,1,1,62,1,0,0.0
2745,2025-08-17T16:00:00,47.27,Electronics,Mobile,1,0,3,604,1,0,0.0
2746,2025-08-17T18:00:00,251.39,Electronics,ATM,1,0,5,503,1,0,0.0
2747,2025-08-17T20:00:00,140.96,Subscription,ATM,3,0,4,170,1,0,0.0
2748,2025-08-17T22:00:00,161.21,Electronics,Card Present,1,1,5,379,1,0,0.0
2749,2025-08-18T00:00:00,275.39,Electronics,Mobile,2,0,2,462,0,0,0.0
2750,2025-08-18T02:00:00,244.44,Subscription,Card Present,1,0,2,374,0,0,0.0
2751,2025-08-18T04:00:00,187.56,Cash Advance,Card Present,2,2,2,746,0,0,0.0
2752,2025-08-18T06:00:00,197.28,Electronics,ATM,2,0,2,832,0,0,0.0
2753,2025-08-18T08:00:00,152.39,Dining,Card Present,2,0,1,551,0,0,0.0
2754,2025-08-18T10:00:00,222.94,Dining,Mobile,1,0,2,621,0,0,0.0
2755,2025-08-18T12:00:00,426.61,Cash Advance,ATM,2,0,2,285,0,0,0.0
2756,2025-08-18T14:00:00,302.51,Travel,Card Present,2,0,3,266,0,0,0.0
2757,2025-08-18T16:00:00,275.66,Subscription,Online,1,0,3,809,0,0,0.0
2758,2025-08-18T18:00:00,145.52,Subscription,Card Present,2,0,3,421,0,0,0.0
2759,2025-08-18T20:00:00,239.73,Electronics,Card Present,1,1,3,817,0,0,0.0
2760,2025-08-18T22:00:00,199.02,Electronics,Online,1,0,2,369,0,0,0.0
2761,2025-08-19T00:00:00,223.37,Travel,Mobile,3,1,3,441,0,0,0.0
2762,2025-08-19T02:00:00,457.11,Travel,Online,2,0,3,220,0,0,0.0
2763,2025-08-19T04:00:00,145.45,Cash Advance,Card Present,1,0,5,354,0,0,0.0
2764,2025-08-19T06:00:00,362.96,Retail,Card Present,1,0,3,216,0,0,0.0
2765,2025-08-19T08:00:00,398.94,Electronics,Online,1,0,4,171,0,0,0.0
2766,2025-08-19T10:00:00,94.98,Retail,Online,1,1,3,511,0,0,0.0
2767,2025-08-19T12:00:00,120.09,Travel,ATM,1,0,4,233,0,0,0.0
2768,2025-08-19T14:00:00,264.52,Dining,Mobile,1,0,2,426,0,0,0.0
2769,2025-08-19T16:00:00,56.35,Subscription,ATM,2,0,4,706,0,0,0.0
2770,2025-08-19T18:00:00,200.71,Electronics,Card Present,2,1,3,166,0,0,0.0
2771,2025-08-19T20:00:00,181.64,Retail,Card Present,1,0,3,430,0,0,0.0
2772,2025-08-19T22:00:00,313.55,Travel,Mobile,1,0,3,285,0,0,0.0
2773,2025-08-20T00:00:00,52.92,Subscription,Mobile,1,0,1,235,0,0,0.0
2774,2025-08-20T02:00:00,79.37,Travel,Online,1,0,3,547,0,0,0.0
2775,2025-08-20T04:00:00,64.76,Subscription,Online,1,2,2,513,0,0,0.0
2776,2025-08-20T06:00:00,150.35,Dining,Online,2,0,4,395,0,0,0.0
2777,2025-08-20T08:00:00,54.91,Electronics,Card Present,1,1,6,360,0,0,0.0
2778,2025-08-20T10:00:00,124.77,Electronics,ATM,1,0,3,485,0,0,0.0
2779,2025-08-20T12:00:00,87.42,Retail,Mobile,1,0,2,455,0,0,0.0
2780,2025-08-20T14:00:00,338.18,Cash Advance,ATM,2,0,2,434,0,0,0.0
2781,2025-08-20T16:00:00,46.79,Cash Advance,Online,2,1,2,527,0,0,0.0
2782,2025-08-20T18:00:00,156.81,Dining,Card Present,2,0,2,433,0,0,0.0
2783,2025-08-20T20:00:00,196.07,Cash Advance,Online,1,1,3,234,0,0,0.0
2784,2025-08-20T22:00:00,387.87,Dining,ATM,2,1,4,490,0,0,0.0
2785,2025-08-21T00:00:00,181.34,Subscription,Card Present,2,0,6,652,0,0,0.0
2786,2025-08-21T02:00:00,177.45,Retail,Online,2,0,2,169,0,0,0.0
2787,2025-08-21T04:00:00,138.83,Travel,ATM,1,1,3,414,0,0,0.0
2788,2025-08-21T06:00:00,169.22,Travel,ATM,1,0,2,247,0,0,0.0
2789,2025-08-21T08:00:00,72.2,Subscription,ATM,1,0,3,389,0,0,0.0
2790,2025-08-21T10:00:00,76.52,Subscription,Card Present,1,1,1,481,0,0,0.0
2791,2025-08-21T12:00:00,219.6,Cash Advance,Card Present,1,0,4,465,0,0,0.0
2792,2025-08-21T14:00:00,56.89,Travel,Card Present,2,1,3,407,0,0,0.0
2793,2025-08-21T16:00:00,123.71,Travel,Mobile,2,1,3,300,0,0,0.0
2794,2025-08-21T18:00:00,123.76,Electronics,Card Present,2,1,4,408,0,0,0.0
2795,2025-08-21T20:00:00,229.71,Dining,Mobile,1,0,1,397,0,0,0.0
2796,2025-08-21T22:00:00,256.88,Subscription,Mobile,1,1,4,277,0,0,0.0
2797,2025-08-22T00:00:00,45.73,Cash Advance,Mobile,1,0,3,44,0,0,0.0
2798,2025-08-22T02:00:00,117.47,Retail,Mobile,2,0,2,438,0,0,0.0
2799,2025-08-22T04:00:00,74.12,Electronics,Card Present,1,0,3,117,0,0,0.0
2800,2025-08-22T06:00:00,232.38,Travel,Mobile,1,1,2,397,0,0,0.0
2801,2025-08-22T08:00:00,763.7,Travel,ATM,2,0,3,427,0,0,0.0
2802,2025-08-22T10:00:00,508.61,Cash Advance,Online,1,0,4,551,0,0,0.0
2803,2025-08-22T12:00:00,375.41,Travel,ATM,1,2,2,350,0,0,0.0
2804,2025-08-22T14:00:00,152.29,Retail,ATM,1,1,3,269,0,0,0.0
2805,2025-08-22T16:00:00,39.59,Subscription,ATM,1,0,3,498,0,0,0.0
2806,2025-08-22T18:00:00,150.43,Subscription,Mobile,1,0,3,597,0,0,0.0
2807,2025-08-22T20:00:00,175.7,Cash Advance,Mobile,2,0,2,548,0,0,0.0
2808,2025-08-22T22:00:00,217.74,Electronics,Mobile,1,0,2,474,0,0,0.0
2809,2025-08-23T00:00:00,150.62,Dining,Card Present,1,2,2,561,1,0,0.0
2810,2025-08-23T02:00:00,96.11,Dining,Mobile,1,0,2,428,1,0,0.0
2811,2025-08-23T04:00:00,101.45,Travel,Card Present,2,0,1,544,1,0,0.0
2812,2025-08-23T06:00:00,211.01,Electronics,Mobile,1,0,3,450,1,0,0.0
2813,2025-08-23T08:00:00,100.08,Electronics,Online,2,0,2,93,1,0,0.0
2814,2025-08-23T10:00:00,237.05,Travel,Online,1,0,4,81,1,0,0.0
2815,2025-08-23T12:00:00,243.93,Dining,ATM,1,1,4,438,1,0,0.0
2816,2025-08-23T14:00:00,91.98,Retail,Card Present,1,1,2,449,1,0,0.0
2817,2025-08-23T16:00:00,397.51,Subscription,Card Present,2,0,6,164,1,0,0.0
2818,2025-08-23T18:00:00,171.53,Cash Advance,ATM,1,2,3,246,1,0,0.0
2819,2025-08-23T20:00:00,186.92,Electronics,Online,1,0,5,494,1,0,0.0
2820,2025-08-23T22:00:00,238.57,Travel,ATM,1,1,4,572,1,0,0.0
2821,2025-08-24T00:00:00,172.67,Travel,Online,1,0,1,231,1,0,0.0
2822,2025-08-24T02:00:00,198.88,Subscription,ATM,1,0,1,650,1,0,0.0
2823,2025-08-24T04:00:00,23.42,Electronics,Mobile,1,0,2,316,1,0,0.0
2824,2025-08-24T06:00:00,282.4,Retail,ATM,1,0,3,742,1,0,0.0
2825,2025-08-24T08:00:00,33.48,Travel,ATM,1,1,3,480,1,0,0.0
2826,2025-08-24T10:00:00,228.47,Travel,Mobile,2,1,3,261,1,0,0.0
2827,2025-08-24T12:00:00,318.5,Retail,Online,2,1,4,484,1,0,0.0
2828,2025-08-24T14:00:00,138.99,Electronics,Online,1,1,3,436,1,0,0.0
2829,2025-08-24T16:00:00,203.33,Cash Advance,ATM,1,0,7,354,1,0,0.0
2830,2025-08-24T18:00:00,41.59,Electronics,Mobile,1,1,3,523,1,0,0.0
2831,2025-08-24T20:00:00,195.42,Cash Advance,Card Present,2,2,2,468,1,0,0.0
2832,2025-08-24T22:00:00,144.68,Retail,ATM,3,0,3,390,1,0,0.0
2833,2025-08-25T00:00:00,221.92,Retail,Card Present,2,0,2,347,0,0,0.0
2834,2025-08-25T02:00:00,72.21,Cash Advance,Card Present,1,0,3,259,0,0,0.0
2835,2025-08-25T04:00:00,179.5,Subscription,ATM,1,1,2,361,0,0,0.0
2836,2025-08-25T06:00:00,126.26,Subscription,Online,1,1,3,325,0,0,0.0
2837,2025-08-25T08:00:00,227.02,Cash Advance,Online,2,0,4,568,0,0,0.0
2838,2025-08-25T10:00:00,226.37,Dining,ATM,2,0,4,92,0,0,0.0
2839,2025-08-25T12:00:00,123.01,Subscription,Online,1,0,1,360,0,0,0.0
2840,2025-08-25T14:00:00,290.53,Dining,ATM,1,0,5,688,0,0,0.0
2841,2025-08-25T16:00:00,147.22,Retail,ATM,1,0,1,342,0,0,0.0
2842,2025-08-25T18:00:00,176.76,Travel,Mobile,2,0,5,122,0,0,0.0
2843,2025-08-25T20:00:00,69.04,Subscription,Online,1,0,3,665,0,0,0.0
2844,2025-08-25T22:00:00,328.38,Travel,Online,1,0,3,320,0,0,0.0
2845,2025-08-26T00:00:00,461.84,Dining,Mobile,2,4,4,362,0,0,0.0
2846,2025-08-26T02:00:00,179.65,Subscription,Mobile,2,0,2,583,0,0,0.0
2847,2025-08-26T04:00:00,383.95,Cash Advance,Card Present,1,2,2,348,0,0,0.0
2848,2025-08-26T06:00:00,146.98,Travel,Online,1,0,3,357,0,0,0.0
2849,2025-08-26T08:00:00,449.22,Electronics,Mobile,2,1,4,576,0,0,0.0
2850,2025-08-26T10:00:00,272.21,Dining,Online,1,0,2,500,0,0,0.0
2851,2025-08-26T12:00:00,168.81,Cash Advance,ATM,1,0,3,348,0,0,0.0
2852,2025-08-26T14:00:00,184.13,Subscription,Card Present,2,0,2,449,0,0,0.0
2853,2025-08-26T16:00:00,133.28,Electronics,ATM,2,0,3,254,0,0,0.0
2854,2025-08-26T18:00:00,118.27,Subscription,ATM,1,2,2,215,0,0,0.0
2855,2025-08-26T20:00:00,557.42,Cash Advance,ATM,1,0,2,678,0,0,0.0
2856,2025-08-26T22:00:00,142.04,Subscription,ATM,2,1,1,299,0,0,0.0
2857,2025-08-27T00:00:00,170.94,Subscription,Mobile,3,1,3,212,0,0,0.0
2858,2025-08-27T02:00:00,115.15,Dining,Online,1,1,4,314,0,0,0.0
2859,2025-08-27T04:00:00,203.72,Electronics,ATM,1,2,3,308,0,0,0.0
2860,2025-08-27T06:00:00,233.56,Travel,ATM,1,0,7,636,0,0,0.0
2861,2025-08-27T08:00:00,78.88,Electronics,Online,1,0,2,540,0,0,0.0
2862,2025-08-27T10:00:00,187.2,Cash Advance,ATM,1,2,3,501,0,0,0.0
2863,2025-08-27T12:00:00,30.51,Travel,Card Present,1,0,2,603,0,0,0.0
2864,2025-08-27T14:00:00,25.49,Travel,ATM,3,0,1,396,0,0,0.0
2865,2025-08-27T16:00:00,382.29,Electronics,ATM,1,0,3,497,0,0,0.0
2866,2025-08-27T18:00:00,223.47,Dining,Online,1,1,1,486,0,0,0.0
2867,2025-08-27T20:00:00,194.01,Subscription,Card Present,2,0,3,40,0,0,0.0
2868,2025-08-27T22:00:00,151.63,Cash Advance,Mobile,2,0,3,367,0,0,0.0
2869,2025-08-28T00:00:00,162.07,Travel,Card Present,1,0,3,774,0,0,0.0
2870,2025-08-28T02:00:00,339.29,Dining,ATM,2,0,2,480,0,0,0.0
2871,2025-08-28T04:00:00,247.34,Travel,Card Present,1,0,2,454,0,0,0.0
2872,2025-08-28T06:00:00,208.48,Dining,Online,1,0,4,404,0,0,0.0
2873,2025-08-28T08:00:00,122.64,Cash Advance,Mobile,1,0,2,435,0,0,0.0
2874,2025-08-28T10:00:00,124.01,Travel,ATM,1,0,2,388,0,0,0.0
2875,2025-08-28T12:00:00,76.49,Electronics,Card Present,2,1,1,219,0,0,0.0
2876,2025-08-28T14:00:00,72.45,Cash Advance,Card Present,3,2,1,174,0,0,0.0
2877,2025-08-28T16:00:00,126.0,Subscription,Online,1,1,5,275,0,0,0.0
2878,2025-08-28T18:00:00,165.15,Cash Advance,ATM,1,0,2,601,0,0,0.0
2879,2025-08-28T20:00:00,87.3,Travel,Mobile,1,1,3,284,0,0,0.0
2880,2025-08-28T22:00:00,198.49,Electronics,ATM,1,1,6,406,0,0,0.0
2881,2025-08-29T00:00:00,77.24,Travel,ATM,1,1,3,263,0,0,0.0
2882,2025-08-29T02:00:00,186.2,Subscription,ATM,3,0,2,842,0,0,0.0
2883,2025-08-29T04:00:00,315.48,Dining,Online,2,0,5,284,0,0,0.0
2884,2025-08-29T06:00:00,250.78,Retail,ATM,3,0,3,630,0,0,0.0
2885,2025-08-29T08:00:00,263.18,Subscription,ATM,1,0,3,274,0,0,0.0
2886,2025-08-29T10:00:00,211.88,Dining,Online,2,0,2,229,0,0,0.0
2887,2025-08-29T12:00:00,92.87,Subscription,Online,2,0,4,322,0,0,0.0
2888,2025-08-29T14:00:00,173.82,Subscription,Online,2,2,2,480,0,0,0.0
2889,2025-08-29T16:00:00,122.14,Travel,Mobile,1,1,1,396,0,0,0.0
2890,2025-08-29T18:00:00,231.03,Retail,Mobile,2,1,3,269,0,0,0.0
2891,2025-08-29T20:00:00,158.06,Dining,ATM,2,0,3,529,0,0,0.0
2892,2025-08-29T22:00:00,336.21,Travel,Card Present,3,0,1,679,0,0,0.0
2893,2025-08-30T00:00:00,303.61,Dining,ATM,2,0,3,562,1,0,0.0
2894,2025-08-30T02:00:00,310.56,Electronics,Online,1,0,4,531,1,0,0.0
2895,2025-08-30T04:00:00,60.16,Electronics,Online,3,0,1,553,1,0,0.0
2896,2025-08-30T06:00:00,201.32,Cash Advance,ATM,2,1,3,373,1,0,0.0
2897,2025-08-30T08:00:00,129.49,Travel,Online,1,0,3,382,1,0,0.0
2898,2025-08-30T10:00:00,141.04,Subscription,Online,2,0,4,197,1,0,0.0
2899,2025-08-30T12:00:00,38.02,Electronics,ATM,1,0,4,565,1,0,0.0
2900,2025-08-30T14:00:00,108.52,Dining,Card Present,1,0,4,511,1,0,0.0
2901,2025-08-30T16:00:00,319.25,Dining,Mobile,2,1,4,711,1,0,0.0
2902,2025-08-30T18:00:00,149.57,Electronics,Mobile,2,0,2,332,1,0,0.0
2903,2025-08-30T20:00:00,375.63,Electronics,Card Present,2,0,3,262,1,0,0.0
2904,2025-08-30T22:00:00,355.01,Subscription,ATM,1,0,3,439,1,0,0.0
2905,2025-08-31T00:00:00,186.54,Subscription,Mobile,1,0,5,522,1,0,0.0
2906,2025-08-31T02:00:00,348.86,Cash Advance,Card Present,2,0,4,367,1,0,0.0
2907,2025-08-31T04:00:00,130.99,Subscription,Card Present,1,1,4,409,1,0,0.0
2908,2025-08-31T06:00:00,57.72,Subscription,Card Present,3,0,3,237,1,0,0.0
2909,2025-08-31T08:00:00,536.41,Electronics,Mobile,1,1,4,303,1,0,0.0
2910,2025-08-31T10:00:00,114.87,Travel,Card Present,1,0,2,355,1,0,0.0
2911,2025-08-31T12:00:00,258.02,Dining,Card Present,1,1,3,565,1,0,0.0
2912,2025-08-31T14:00:00,30.02,Cash Advance,ATM,2,0,3,416,1,0,0.0
2913,2025-08-31T16:00:00,269.07,Travel,Mobile,1,1,4,348,1,0,0.0
2914,2025-08-31T18:00:00,381.73,Travel,ATM,2,0,5,486,1,0,0.0
2915,2025-08-31T20:00:00,102.36,Cash Advance,Mobile,1,0,6,472,1,0,0.0
2916,2025-08-31T22:00:00,120.33,Subscription,ATM,1,3,1,443,1,0,0.0
2917,2025-09-01T00:00:00,154.89,Cash Advance,Online,2,0,3,434,0,0,0.0
2918,2025-09-01T02:00:00,162.04,Dining,ATM,1,0,1,242,0,0,0.0
2919,2025-09-01T04:00:00,110.58,Subscription,Mobile,3,0,2,278,0,0,0.0
2920,2025-09-01T06:00:00,115.18,Cash Advance,Card Present,3,0,4,152,0,0,0.0
2921,2025-09-01T08:00:00,136.66,Travel,ATM,2,1,5,511,0,0,0.0
2922,2025-09-01T10:00:00,395.51,Subscription,Card Present,2,0,3,236,0,0,0.0
2923,2025-09-01T12:00:00,54.14,Retail,ATM,1,0,3,441,0,0,0.0
2924,2025-09-01T14:00:00,66.23,Retail,ATM,1,0,1,628,0,0,0.0
2925,2025-09-01T16:00:00,27.0,Subscription,Online,2,0,2,178,0,0,0.0
2926,2025-09-01T18:00:00,73.92,Cash Advance,Card Present,1,0,4,537,0,0,0.0
2927,2025-09-01T20:00:00,67.49,Dining,Mobile,1,0,2,392,0,0,0.0
2928,2025-09-01T22:00:00,212.59,Electronics,Mobile,1,0,4,548,0,0,0.0
2929,2025-09-02T00:00:00,596.04,Electronics,Online,1,0,3,478,0,0,0.0
2930,2025-09-02T02:00:00,268.75,Cash Advance,Mobile,1,1,4,174,0,0,0.0
2931,2025-09-02T04:00:00,327.95,Cash Advance,Online,2,0,1,431,0,0,0.0
2932,2025-09-02T06:00:00,36.97,Cash Advance,ATM,2,0,1,560,0,0,0.0
2933,2025-09-02T08:00:00,191.48,Subscription,Card Present,2,0,2,559,0,0,0.0
2934,2025-09-02T10:00:00,183.37,Dining,Online,1,0,3,466,0,0,0.0
2935,2025-09-02T12:00:00,186.38,Retail,Card Present,3,0,5,574,0,0,0.0
2936,2025-09-02T14:00:00,112.61,Retail,ATM,2,1,5,497,0,0,0.0
2937,2025-09-02T16:00:00,427.61,Cash Advance,ATM,2,0,6,566,0,0,0.0
2938,2025-09-02T18:00:00,231.9,Subscription,Mobile,1,0,4,385,0,0,0.0
2939,2025-09-02T20:00:00,335.6,Dining,Mobile,2,1,3,267,0,0,0.0
2940,2025-09-02T22:00:00,134.94,Dining,ATM,1,0,4,589,0,0,0.0
2941,2025-09-03T00:00:00,212.12,Travel,Mobile,2,0,2,294,0,0,0.0
2942,2025-09-03T02:00:00,356.63,Retail,Card Present,2,0,3,443,0,0,0.0
2943,2025-09-03T04:00:00,457.18,Dining,Mobile,1,1,1,336,0,0,0.0
2944,2025-09-03T06:00:00,401.01,Electronics,Online,1,0,4,740,0,0,0.0
2945,2025-09-03T08:00:00,465.12,Electronics,Mobile,1,2,4,663,0,0,0.0
2946,2025-09-03T10:00:00,117.89,Dining,Online,2,0,1,146,0,0,0.0
2947,2025-09-03T12:00:00,476.15,Subscription,Mobile,1,0,2,127,0,0,0.0
2948,2025-09-03T14:00:00,116.81,Cash Advance,ATM,1,3,2,259,0,0,0.0
2949,2025-09-03T16:00:00,271.08,Retail,Mobile,3,1,1,817,0,0,0.0
2950,2025-09-03T18:00:00,95.01,Retail,Mobile,2,0,4,414,0,0,0.0
2951,2025-09-03T20:00:00,191.87,Subscription,Card Present,1,2,3,204,0,0,0.0
2952,2025-09-03T22:00:00,137.64,Dining,Mobile,1,0,1,547,0,0,0.0
2953,2025-09-04T00:00:00,160.55,Subscription,ATM,1,0,2,576,0,0,0.0
2954,2025-09-04T02:00:00,139.99,Dining,ATM,3,0,1,458,0,0,0.0
2955,2025-09-04T04:00:00,75.79,Retail,Card Present,1,0,2,668,0,0,0.0
2956,2025-09-04T06:00:00,174.29,Travel,ATM,2,0,4,886,0,0,0.0
2957,2025-09-04T08:00:00,97.83,Travel,ATM,1,0,3,418,0,0,0.0
2958,2025-09-04T10:00:00,558.73,Dining,ATM,1,0,4,357,0,0,0.0
2959,2025-09-04T12:00:00,77.8,Subscription,Online,2,1,6,512,0,0,0.0
2960,2025-09-04T14:00:00,84.91,Dining,ATM,2,0,1,202,0,0,0.0
2961,2025-09-04T16:00:00,206.98,Travel,ATM,1,1,3,432,0,0,0.0
2962,2025-09-04T18:00:00,207.81,Dining,Online,2,0,4,192,0,0,0.0
2963,2025-09-04T20:00:00,373.23,Retail,Card Present,2,1,3,355,0,0,0.0
2964,2025-09-04T22:00:00,51.98,Electronics,Card Present,1,1,4,646,0,0,0.0
2965,2025-09-05T00:00:00,173.41,Electronics,Online,3,1,3,484,0,0,0.0
2966,2025-09-05T02:00:00,225.5,Cash Advance,Online,2,3,1,388,0,0,0.0
2967,2025-09-05T04:00:00,216.11,Cash Advance,Mobile,2,0,2,317,0,0,0.0
2968,2025-09-05T06:00:00,221.79,Subscription,Card Present,1,0,4,410,0,0,0.0
2969,2025-09-05T08:00:00,310.77,Cash Advance,Online,2,0,2,366,0,0,0.0
2970,2025-09-05T10:00:00,111.09,Dining,Mobile,2,0,4,579,0,0,0.0
2971,2025-09-05T12:00:00,319.9,Dining,ATM,1,1,4,667,0,0,0.0
2972,2025-09-05T14:00:00,241.09,Dining,Mobile,2,1,2,492,0,0,0.0
2973,2025-09-05T16:00:00,310.45,Travel,Mobile,2,1,2,228,0,0,0.0
2974,2025-09-05T18:00:00,386.78,Subscription,Card Present,1,1,4,547,0,0,0.0
2975,2025-09-05T20:00:00,164.6,Electronics,Mobile,1,1,2,478,0,0,0.0
2976,2025-09-05T22:00:00,232.79,Electronics,Mobile,2,0,1,359,0,0,0.0
2977,2025-09-06T00:00:00,163.33,Retail,Mobile,1,0,3,633,1,0,0.0
2978,2025-09-06T02:00:00,76.03,Travel,ATM,1,0,2,446,1,0,0.0
2979,2025-09-06T04:00:00,197.01,Retail,Card Present,1,0,5,450,1,0,0.0
2980,2025-09-06T06:00:00,160.22,Retail,Card Present,1,0,4,557,1,0,0.0
2981,2025-09-06T08:00:00,432.47,Travel,Mobile,2,0,3,173,1,0,0.0
2982,2025-09-06T10:00:00,279.82,Retail,Mobile,1,0,4,213,1,0,0.0
2983,2025-09-06T12:00:00,265.64,Electronics,Card Present,3,0,6,432,1,1,236.84
2984,2025-09-06T14:00:00,142.49,Dining,Card Present,2,0,3,296,1,0,0.0
2985,2025-09-06T16:00:00,126.76,Cash Advance,Online,1,0,4,226,1,0,0.0
2986,2025-09-06T18:00:00,100.86,Dining,Card Present,1,1,3,298,1,0,0.0
2987,2025-09-06T20:00:00,127.26,Cash Advance,Online,3,0,4,611,1,0,0.0
2988,2025-09-06T22:00:00,122.38,Cash Advance,Mobile,2,0,3,454,1,0,0.0
2989,2025-09-07T00:00:00,153.73,Electronics,Card Present,1,0,2,5,1,0,0.0
2990,2025-09-07T02:00:00,58.94,Subscription,Card Present,2,1,1,325,1,0,0.0
2991,2025-09-07T04:00:00,246.91,Electronics,Mobile,3,0,2,350,1,0,0.0
2992,2025-09-07T06:00:00,144.21,Cash Advance,Mobile,2,1,4,389,1,0,0.0
2993,2025-09-07T08:00:00,181.83,Cash Advance,Card Present,3,1,2,72,1,0,0.0
2994,2025-09-07T10:00:00,267.53,Subscription,Card Present,1,0,4,438,1,0,0.0
2995,2025-09-07T12:00:00,146.76,Electronics,Online,1,0,2,692,1,0,0.0
2996,2025-09-07T14:00:00,422.65,Retail,Online,1,1,2,378,1,0,0.0
2997,2025-09-07T16:00:00,95.43,Subscription,Online,1,0,2,542,1,0,0.0
2998,2025-09-07T18:00:00,88.66,Subscription,Card Present,1,0,2,469,1,0,0.0
2999,2025-09-07T20:00:00,298.03,Travel,Card Present,1,1,5,139,1,0,0.0
3000,2025-09-07T22:00:00,79.52,Retail,Online,3,2,4,560,1,0,0.0
3001,2025-09-08T00:00:00,341.88,Retail,Mobile,2,2,4,39,0,1,270.14
3002,2025-09-08T02:00:00,375.31,Electronics,Mobile,1,2,5,366,0,1,287.11
3003,2025-09-08T04:00:00,132.78,Retail,Online,1,0,2,493,0,0,0.0
3004,2025-09-08T06:00:00,174.15,Dining,Card Present,3,1,1,274,0,0,0.0
3005,2025-09-08T08:00:00,137.85,Dining,Online,1,0,3,433,0,0,0.0
3006,2025-09-08T10:00:00,350.2,Travel,Card Present,3,0,1,424,0,0,0.0
3007,2025-09-08T12:00:00,282.49,Cash Advance,ATM,1,0,2,5,0,0,0.0
3008,2025-09-08T14:00:00,33.93,Travel,Card Present,1,0,4,422,0,0,0.0
3009,2025-09-08T16:00:00,215.19,Electronics,ATM,2,0,1,446,0,0,0.0
3010,2025-09-08T18:00:00,226.14,Electronics,Mobile,1,1,1,176,0,0,0.0
3011,2025-09-08T20:00:00,99.76,Subscription,Online,1,0,3,301,0,0,0.0
3012,2025-09-08T22:00:00,191.2,Retail,Card Present,2,0,4,341,0,0,0.0
3013,2025-09-09T00:00:00,125.59,Cash Advance,ATM,2,0,1,555,0,0,0.0
3014,2025-09-09T02:00:00,48.95,Travel,ATM,2,0,2,348,0,0,0.0
3015,2025-09-09T04:00:00,90.86,Electronics,Online,1,0,6,439,0,0,0.0
3016,2025-09-09T06:00:00,80.56,Dining,Mobile,1,1,6,218,0,0,0.0
3017,2025-09-09T08:00:00,315.28,Subscription,Mobile,2,0,4,604,0,0,0.0
3018,2025-09-09T10:00:00,277.35,Travel,Card Present,2,1,3,644,0,0,0.0
3019,2025-09-09T12:00:00,181.65,Cash Advance,Online,2,0,2,197,0,0,0.0
3020,2025-09-09T14:00:00,283.37,Retail,Card Present,1,1,3,287,0,0,0.0
3021,2025-09-09T16:00:00,241.77,Travel,Card Present,3,1,2,127,0,0,0.0
3022,2025-09-09T18:00:00,79.5,Cash Advance,Mobile,1,1,5,329,0,0,0.0
3023,2025-09-09T20:00:00,141.85,Electronics,Online,1,0,2,779,0,0,0.0
3024,2025-09-09T22:00:00,155.37,Cash Advance,Card Present,2,0,4,467,0,0,0.0
3025,2025-09-10T00:00:00,192.08,Cash Advance,Card Present,1,0,2,134,0,0,0.0
3026,2025-09-10T02:00:00,246.35,Cash Advance,Online,1,1,2,229,0,0,0.0
3027,2025-09-10T04:00:00,127.39,Retail,Online,2,0,4,381,0,0,0.0
3028,2025-09-10T06:00:00,35.46,Dining,Card Present,1,0,1,220,0,0,0.0
3029,2025-09-10T08:00:00,170.13,Dining,Card Present,1,0,3,497,0,0,0.0
3030,2025-09-10T10:00:00,311.12,Travel,Card Present,1,0,5,539,0,0,0.0
3031,2025-09-10T12:00:00,279.09,Subscription,Mobile,2,2,1,442,0,0,0.0
3032,2025-09-10T14:00:00,143.09,Dining,Mobile,1,0,2,448,0,0,0.0
3033,2025-09-10T16:00:00,131.38,Retail,Mobile,2,1,2,444,0,0,0.0
3034,2025-09-10T18:00:00,45.41,Cash Advance,Mobile,1,0,2,463,0,0,0.0
3035,2025-09-10T20:00:00,208.2,Travel,Mobile,3,1,2,577,0,0,0.0
3036,2025-09-10T22:00:00,100.77,Dining,Mobile,1,1,4,227,0,0,0.0
3037,2025-09-11T00:00:00,106.52,Dining,Online,1,0,3,553,0,0,0.0
3038,2025-09-11T02:00:00,280.76,Retail,Online,1,0,2,268,0,0,0.0
3039,2025-09-11T04:00:00,133.76,Retail,ATM,2,1,1,558,0,0,0.0
3040,2025-09-11T06:00:00,215.64,Dining,Card Present,1,0,1,472,0,0,0.0
3041,2025-09-11T08:00:00,171.45,Travel,Card Present,1,1,3,545,0,0,0.0
3042,2025-09-11T10:00:00,135.51,Retail,Mobile,1,0,7,603,0,0,0.0
3043,2025-09-11T12:00:00,308.74,Dining,Mobile,1,0,1,491,0,0,0.0
3044,2025-09-11T14:00:00,87.6,Retail,Mobile,1,1,3,723,0,0,0.0
3045,2025-09-11T16:00:00,358.38,Electronics,Online,2,2,3,281,0,1,284.63
3046,2025-09-11T18:00:00,176.37,Dining,Mobile,1,1,4,406,0,0,0.0
3047,2025-09-11T20:00:00,412.98,Travel,Online,1,0,2,564,0,0,0.0
3048,2025-09-11T22:00:00,89.8,Dining,Mobile,1,0,3,511,0,0,0.0
3049,2025-09-12T00:00:00,87.54,Travel,Card Present,1,3,5,778,0,0,0.0
3050,2025-09-12T02:00:00,219.84,Cash Advance,Mobile,2,1,2,327,0,0,0.0
3051,2025-09-12T04:00:00,134.14,Retail,ATM,2,1,2,373,0,0,0.0
3052,2025-09-12T06:00:00,129.12,Retail,Mobile,1,0,2,609,0,0,0.0
3053,2025-09-12T08:00:00,133.86,Subscription,ATM,1,2,3,338,0,0,0.0
3054,2025-09-12T10:00:00,56.97,Retail,Online,2,1,1,610,0,0,0.0
3055,2025-09-12T12:00:00,255.42,Travel,ATM,1,0,3,591,0,0,0.0
3056,2025-09-12T14:00:00,105.23,Electronics,Online,2,1,5,522,0,0,0.0
3057,2025-09-12T16:00:00,275.12,Travel,Card Present,2,0,1,222,0,0,0.0
3058,2025-09-12T18:00:00,297.38,Cash Advance,Card Present,1,0,1,370,0,0,0.0
3059,2025-09-12T20:00:00,292.94,Subscription,Mobile,1,0,3,300,0,0,0.0
3060,2025-09-12T22:00:00,215.35,Cash Advance,Card Present,1,0,2,214,0,0,0.0
3061,2025-09-13T00:00:00,245.5,Electronics,Card Present,2,0,5,392,1,0,0.0
3062,2025-09-13T02:00:00,197.05,Electronics,Mobile,2,0,3,577,1,0,0.0
3063,2025-09-13T04:00:00,87.69,Cash Advance,Mobile,1,0,3,20,1,0,0.0
3064,2025-09-13T06:00:00,159.75,Subscription,ATM,1,0,1,734,1,0,0.0
3065,2025-09-13T08:00:00,99.58,Cash Advance,Mobile,1,1,2,447,1,0,0.0
3066,2025-09-13T10:00:00,94.7,Cash Advance,Mobile,1,0,2,592,1,0,0.0
3067,2025-09-13T12:00:00,414.57,Cash Advance,Mobile,2,0,2,439,1,0,0.0
3068,2025-09-13T14:00:00,241.21,Dining,ATM,1,1,3,399,1,0,0.0
3069,2025-09-13T16:00:00,271.22,Electronics,ATM,2,0,3,251,1,0,0.0
3070,2025-09-13T18:00:00,225.45,Subscription,Card Present,1,0,2,599,1,0,0.0
3071,2025-09-13T20:00:00,175.94,Subscription,ATM,1,0,2,470,1,0,0.0
3072,2025-09-13T22:00:00,224.6,Electronics,Mobile,1,0,5,449,1,0,0.0
3073,2025-09-14T00:00:00,267.35,Travel,ATM,1,1,2,523,1,0,0.0
3074,2025-09-14T02:00:00,311.05,Electronics,ATM,1,0,3,337,1,0,0.0
3075,2025-09-14T04:00:00,134.71,Electronics,Card Present,1,1,3,414,1,0,0.0
3076,2025-09-14T06:00:00,152.0,Travel,Card Present,1,1,1,397,1,0,0.0
3077,2025-09-14T08:00:00,146.18,Dining,Online,2,0,1,500,1,0,0.0
3078,2025-09-14T10:00:00,60.51,Subscription,Card Present,2,0,5,504,1,0,0.0
3079,2025-09-14T12:00:00,115.87,Dining,Card Present,2,0,5,271,1,0,0.0
3080,2025-09-14T14:00:00,167.88,Dining,Online,3,0,5,450,1,0,0.0
3081,2025-09-14T16:00:00,334.32,Dining,Online,1,0,3,461,1,0,0.0
3082,2025-09-14T18:00:00,112.53,Travel,Card Present,1,0,3,104,1,0,0.0
3083,2025-09-14T20:00:00,299.61,Retail,Mobile,1,0,3,645,1,0,0.0
3084,2025-09-14T22:00:00,166.29,Electronics,Mobile,3,0,2,286,1,0,0.0
3085,2025-09-15T00:00:00,214.6,Cash Advance,Online,1,1,4,435,0,0,0.0
3086,2025-09-15T02:00:00,159.52,Travel,Mobile,2,0,3,548,0,0,0.0
3087,2025-09-15T04:00:00,217.97,Electronics,Online,1,0,2,5,0,0,0.0
3088,2025-09-15T06:00:00,142.81,Retail,Mobile,1,1,1,539,0,0,0.0
3089,2025-09-15T08:00:00,68.47,Travel,Card Present,1,0,2,262,0,0,0.0
3090,2025-09-15T10:00:00,407.36,Cash Advance,Mobile,3,0,4,76,0,1,325.07
3091,2025-09-15T12:00:00,363.07,Travel,ATM,2,1,1,431,0,0,0.0
3092,2025-09-15T14:00:00,164.18,Subscription,Card Present,2,0,3,719,0,0,0.0
3093,2025-09-15T16:00:00,88.93,Cash Advance,Mobile,1,0,3,430,0,0,0.0
3094,2025-09-15T18:00:00,174.51,Dining,Mobile,1,0,3,341,0,0,0.0
3095,2025-09-15T20:00:00,212.08,Travel,Card Present,3,0,4,240,0,0,0.0
3096,2025-09-15T22:00:00,109.2,Travel,ATM,2,0,4,289,0,0,0.0
3097,2025-09-16T00:00:00,357.82,Retail,ATM,1,0,4,474,0,0,0.0
3098,2025-09-16T02:00:00,210.19,Subscription,Online,1,0,5,687,0,0,0.0
3099,2025-09-16T04:00:00,142.12,Cash Advance,Online,1,0,3,554,0,0,0.0
3100,2025-09-16T06:00:00,336.99,Electronics,Card Present,2,1,3,726,0,0,0.0
3101,2025-09-16T08:00:00,150.49,Travel,ATM,3,1,5,78,0,0,0.0
3102,2025-09-16T10:00:00,275.13,Travel,ATM,1,0,2,336,0,0,0.0
3103,2025-09-16T12:00:00,608.58,Electronics,Card Present,1,1,3,847,0,0,0.0
3104,2025-09-16T14:00:00,100.13,Electronics,ATM,1,0,3,402,0,0,0.0
3105,2025-09-16T16:00:00,133.96,Retail,Card Present,3,0,2,574,0,0,0.0
3106,2025-09-16T18:00:00,197.93,Travel,Online,1,2,3,432,0,0,0.0
3107,2025-09-16T20:00:00,156.7,Cash Advance,Mobile,1,0,3,343,0,0,0.0
3108,2025-09-16T22:00:00,112.74,Travel,Online,1,0,1,199,0,0,0.0
3109,2025-09-17T00:00:00,250.64,Retail,Card Present,2,1,2,221,0,0,0.0
3110,2025-09-17T02:00:00,290.41,Retail,Online,1,1,2,168,0,0,0.0
3111,2025-09-17T04:00:00,190.47,Retail,ATM,3,1,6,292,0,0,0.0
3112,2025-09-17T06:00:00,183.36,Subscription,Mobile,3,1,5,471,0,0,0.0
3113,2025-09-17T08:00:00,113.21,Retail,Online,2,0,2,412,0,0,0.0
3114,2025-09-17T10:00:00,153.96,Cash Advance,Card Present,1,0,4,352,0,0,0.0
3115,2025-09-17T12:00:00,158.81,Subscription,ATM,2,1,1,277,0,0,0.0
3116,2025-09-17T14:00:00,191.05,Subscription,Mobile,3,0,1,62,0,0,0.0
3117,2025-09-17T16:00:00,213.52,Cash Advance,Mobile,1,0,3,646,0,0,0.0
3118,2025-09-17T18:00:00,71.19,Travel,Card Present,3,0,4,789,0,0,0.0
3119,2025-09-17T20:00:00,147.33,Retail,Card Present,3,0,1,425,0,0,0.0
3120,2025-09-17T22:00:00,202.57,Cash Advance,Card Present,1,0,2,413,0,0,0.0
3121,2025-09-18T00:00:00,188.42,Travel,Mobile,2,0,3,110,0,0,0.0
3122,2025-09-18T02:00:00,138.06,Retail,Online,1,0,3,860,0,0,0.0
3123,2025-09-18T04:00:00,114.0,Electronics,Card Present,2,0,4,353,0,0,0.0
3124,2025-09-18T06:00:00,152.21,Cash Advance,Card Present,3,0,3,617,0,0,0.0
3125,2025-09-18T08:00:00,150.58,Cash Advance,Card Present,2,1,6,132,0,0,0.0
3126,2025-09-18T10:00:00,108.35,Cash Advance,Mobile,2,0,1,585,0,0,0.0
3127,2025-09-18T12:00:00,96.59,Retail,Mobile,1,0,1,278,0,0,0.0
3128,2025-09-18T14:00:00,353.9,Dining,ATM,1,2,4,564,0,0,0.0
3129,2025-09-18T16:00:00,143.98,Cash Advance,ATM,1,1,3,447,0,0,0.0
3130,2025-09-18T18:00:00,158.49,Subscription,Mobile,1,2,2,247,0,0,0.0
3131,2025-09-18T20:00:00,189.21,Travel,Card Present,1,1,2,81,0,0,0.0
3132,2025-09-18T22:00:00,332.14,Dining,Online,1,0,2,537,0,0,0.0
3133,2025-09-19T00:00:00,330.07,Cash Advance,Card Present,2,2,2,426,0,0,0.0
3134,2025-09-19T02:00:00,337.71,Dining,ATM,1,0,2,362,0,0,0.0
3135,2025-09-19T04:00:00,175.22,Retail,Online,1,1,4,387,0,0,0.0
3136,2025-09-19T06:00:00,152.41,Travel,Online,1,0,2,288,0,0,0.0
3137,2025-09-19T08:00:00,258.7,Travel,ATM,2,0,3,319,0,0,0.0
3138,2025-09-19T10:00:00,75.18,Retail,ATM,1,1,1,643,0,0,0.0
3139,2025-09-19T12:00:00,507.6,Subscription,Online,1,1,1,322,0,0,0.0
3140,2025-09-19T14:00:00,460.86,Cash Advance,Mobile,1,0,1,168,0,0,0.0
3141,2025-09-19T16:00:00,87.6,Retail,Online,1,0,4,521,0,0,0.0
3142,2025-09-19T18:00:00,332.89,Travel,ATM,1,0,1,583,0,0,0.0
3143,2025-09-19T20:00:00,226.11,Travel,ATM,1,0,5,480,0,0,0.0
3144,2025-09-19T22:00:00,18.23,Retail,Online,2,0,2,495,0,0,0.0
3145,2025-09-20T00:00:00,294.67,Retail,Mobile,1,1,1,506,1,0,0.0
3146,2025-09-20T02:00:00,230.74,Cash Advance,ATM,2,1,3,293,1,0,0.0
3147,2025-09-20T04:00:00,155.12,Subscription,Mobile,1,1,3,570,1,0,0.0
3148,2025-09-20T06:00:00,143.04,Dining,Mobile,2,1,1,234,1,0,0.0
3149,2025-09-20T08:00:00,210.57,Subscription,Mobile,1,0,3,427,1,0,0.0
3150,2025-09-20T10:00:00,160.06,Electronics,ATM,3,2,4,646,1,0,0.0
3151,2025-09-20T12:00:00,217.55,Retail,Online,1,0,2,379,1,0,0.0
3152,2025-09-20T14:00:00,121.94,Retail,ATM,2,1,3,702,1,0,0.0
3153,2025-09-20T16:00:00,326.27,Travel,ATM,2,0,1,253,1,0,0.0
3154,2025-09-20T18:00:00,375.98,Electronics,Online,1,1,3,254,1,0,0.0
3155,2025-09-20T20:00:00,310.36,Retail,ATM,2,0,2,335,1,0,0.0
3156,2025-09-20T22:00:00,61.71,Retail,Card Present,2,0,2,353,1,0,0.0
3157,2025-09-21T00:00:00,168.63,Cash Advance,Card Present,1,2,1,362,1,0,0.0
3158,2025-09-21T02:00:00,91.87,Subscription,Online,1,0,1,469,1,0,0.0
3159,2025-09-21T04:00:00,286.52,Cash Advance,Online,1,1,4,206,1,0,0.0
3160,2025-09-21T06:00:00,93.34,Travel,Card Present,1,1,3,415,1,0,0.0
3161,2025-09-21T08:00:00,239.45,Dining,ATM,1,0,1,364,1,0,0.0
3162,2025-09-21T10:00:00,149.53,Travel,Mobile,2,0,4,589,1,0,0.0
3163,2025-09-21T12:00:00,147.73,Dining,Online,1,0,5,215,1,0,0.0
3164,2025-09-21T14:00:00,207.52,Dining,Card Present,1,0,2,160,1,0,0.0
3165,2025-09-21T16:00:00,200.51,Subscription,ATM,1,0,2,236,1,0,0.0
3166,2025-09-21T18:00:00,238.04,Travel,ATM,1,0,1,571,1,0,0.0
3167,2025-09-21T20:00:00,110.05,Subscription,Card Present,2,1,4,636,1,0,0.0
3168,2025-09-21T22:00:00,90.68,Cash Advance,Card Present,1,0,4,173,1,0,0.0
3169,2025-09-22T00:00:00,60.58,Subscription,ATM,1,0,1,395,0,0,0.0
3170,2025-09-22T02:00:00,260.3,Cash Advance,ATM,1,0,2,750,0,0,0.0
3171,2025-09-22T04:00:00,155.37,Subscription,Card Present,1,0,3,405,0,0,0.0
3172,2025-09-22T06:00:00,91.59,Cash Advance,ATM,1,0,2,482,0,0,0.0
3173,2025-09-22T08:00:00,223.67,Retail,Mobile,1,0,2,583,0,0,0.0
3174,2025-09-22T10:00:00,133.74,Cash Advance,ATM,1,0,2,232,0,0,0.0
3175,2025-09-22T12:00:00,175.46,Electronics,Mobile,1,0,2,405,0,0,0.0
3176,2025-09-22T14:00:00,222.39,Retail,Card Present,3,0,1,158,0,0,0.0
3177,2025-09-22T16:00:00,166.14,Retail,Mobile,1,0,1,435,0,0,0.0
3178,2025-09-22T18:00:00,31.56,Retail,Online,1,1,3,353,0,0,0.0
3179,2025-09-22T20:00:00,164.57,Subscription,Online,2,1,3,306,0,0,0.0
3180,2025-09-22T22:00:00,206.75,Dining,Card Present,3,0,2,413,0,0,0.0
3181,2025-09-23T00:00:00,100.65,Dining,ATM,1,1,3,403,0,0,0.0
3182,2025-09-23T02:00:00,120.45,Dining,Card Present,1,0,2,605,0,0,0.0
3183,2025-09-23T04:00:00,85.75,Subscription,ATM,1,0,4,546,0,0,0.0
3184,2025-09-23T06:00:00,252.0,Cash Advance,Online,3,0,4,185,0,1,167.91
3185,2025-09-23T08:00:00,46.37,Subscription,Card Present,2,0,5,277,0,0,0.0
3186,2025-09-23T10:00:00,260.76,Electronics,Mobile,3,0,2,309,0,1,256.18
3187,2025-09-23T12:00:00,47.74,Dining,ATM,2,0,4,489,0,0,0.0
3188,2025-09-23T14:00:00,75.99,Cash Advance,Card Present,1,0,2,476,0,0,0.0
3189,2025-09-23T16:00:00,218.94,Dining,ATM,2,0,1,555,0,0,0.0
3190,2025-09-23T18:00:00,179.56,Electronics,Card Present,1,0,5,294,0,0,0.0
3191,2025-09-23T20:00:00,181.24,Travel,ATM,1,0,1,293,0,0,0.0
3192,2025-09-23T22:00:00,310.49,Dining,Card Present,1,1,2,435,0,0,0.0
3193,2025-09-24T00:00:00,178.18,Electronics,Mobile,2,0,3,13,0,0,0.0
3194,2025-09-24T02:00:00,204.67,Retail,Online,2,1,1,465,0,0,0.0
3195,2025-09-24T04:00:00,92.16,Electronics,Online,1,1,6,563,0,0,0.0
3196,2025-09-24T06:00:00,215.49,Cash Advance,Card Present,1,1,5,289,0,0,0.0
3197,2025-09-24T08:00:00,101.08,Dining,Online,2,0,3,820,0,0,0.0
3198,2025-09-24T10:00:00,107.7,Subscription,ATM,1,0,6,729,0,0,0.0
3199,2025-09-24T12:00:00,202.16,Electronics,Card Present,2,0,4,224,0,0,0.0
3200,2025-09-24T14:00:00,201.01,Subscription,Card Present,3,2,3,613,0,0,0.0
3201,2025-09-24T16:00:00,214.38,Cash Advance,Card Present,1,0,1,347,0,0,0.0
3202,2025-09-24T18:00:00,61.78,Electronics,ATM,1,0,3,398,0,0,0.0
3203,2025-09-24T20:00:00,103.64,Subscription,Mobile,1,0,6,517,0,0,0.0
3204,2025-09-24T22:00:00,20.39,Electronics,Card Present,2,0,4,701,0,0,0.0
3205,2025-09-25T00:00:00,149.64,Electronics,Online,2,0,3,309,0,0,0.0
3206,2025-09-25T02:00:00,186.36,Electronics,Online,1,0,2,105,0,0,0.0
3207,2025-09-25T04:00:00,254.88,Dining,Card Present,3,0,3,353,0,0,0.0
3208,2025-09-25T06:00:00,120.48,Travel,Mobile,1,0,2,226,0,0,0.0
3209,2025-09-25T08:00:00,134.48,Dining,Mobile,1,0,5,443,0,0,0.0
3210,2025-09-25T10:00:00,98.2,Subscription,Mobile,1,0,1,265,0,0,0.0
3211,2025-09-25T12:00:00,31.43,Retail,ATM,2,0,4,439,0,0,0.0
3212,2025-09-25T14:00:00,549.44,Dining,Card Present,2,0,6,372,0,0,0.0
3213,2025-09-25T16:00:00,272.64,Electronics,Card Present,1,0,3,432,0,0,0.0
3214,2025-09-25T18:00:00,84.61,Subscription,ATM,1,0,1,341,0,0,0.0
3215,2025-09-25T20:00:00,89.23,Dining,Card Present,2,0,1,465,0,0,0.0
3216,2025-09-25T22:00:00,100.5,Dining,Card Present,1,0,5,349,0,0,0.0
3217,2025-09-26T00:00:00,196.72,Subscription,ATM,2,0,4,250,0,0,0.0
3218,2025-09-26T02:00:00,106.12,Retail,Card Present,2,0,1,545,0,0,0.0
3219,2025-09-26T04:00:00,475.76,Electronics,ATM,2,0,2,363,0,0,0.0
3220,2025-09-26T06:00:00,367.61,Retail,Mobile,1,1,4,725,0,0,0.0
3221,2025-09-26T08:00:00,117.49,Travel,ATM,3,1,3,572,0,0,0.0
3222,2025-09-26T10:00:00,550.64,Dining,Online,2,1,2,439,0,0,0.0
3223,2025-09-26T12:00:00,178.82,Cash Advance,Online,1,1,2,449,0,0,0.0
3224,2025-09-26T14:00:00,198.44,Subscription,ATM,1,0,1,547,0,0,0.0
3225,2025-09-26T16:00:00,149.63,Travel,Online,2,1,4,589,0,0,0.0
3226,2025-09-26T18:00:00,325.9,Retail,Mobile,1,0,2,234,0,0,0.0
3227,2025-09-26T20:00:00,245.26,Retail,Mobile,3,2,2,560,0,0,0.0
3228,2025-09-26T22:00:00,91.83,Subscription,Card Present,2,0,2,568,0,0,0.0
3229,2025-09-27T00:00:00,199.5,Electronics,ATM,3,1,3,643,1,0,0.0
3230,2025-09-27T02:00:00,97.54,Cash Advance,Online,2,0,2,254,1,0,0.0
3231,2025-09-27T04:00:00,491.68,Retail,ATM,1,0,3,264,1,0,0.0
3232,2025-09-27T06:00:00,110.35,Dining,Card Present,1,0,3,504,1,0,0.0
3233,2025-09-27T08:00:00,112.74,Dining,Mobile,1,0,4,310,1,0,0.0
3234,2025-09-27T10:00:00,76.05,Subscription,Online,1,0,2,192,1,0,0.0
3235,2025-09-27T12:00:00,390.2,Electronics,Card Present,2,1,3,64,1,0,0.0
3236,2025-09-27T14:00:00,373.69,Dining,Mobile,1,0,1,248,1,0,0.0
3237,2025-09-27T16:00:00,360.37,Dining,Card Present,2,0,3,571,1,0,0.0
3238,2025-09-27T18:00:00,260.88,Subscription,Mobile,1,1,4,291,1,0,0.0
3239,2025-09-27T20:00:00,59.55,Travel,Card Present,3,0,2,524,1,0,0.0
3240,2025-09-27T22:00:00,168.7,Travel,ATM,1,0,3,517,1,0,0.0
3241,2025-09-28T00:00:00,101.13,Cash Advance,Card Present,3,0,1,538,1,0,0.0
3242,2025-09-28T02:00:00,194.35,Subscription,ATM,3,0,4,460,1,0,0.0
3243,2025-09-28T04:00:00,292.1,Retail,Mobile,2,0,3,146,1,0,0.0
3244,2025-09-28T06:00:00,151.7,Dining,Online,2,2,1,443,1,0,0.0
3245,2025-09-28T08:00:00,197.96,Dining,Mobile,1,0,3,508,1,0,0.0
3246,2025-09-28T10:00:00,148.98,Travel,Mobile,1,0,4,759,1,0,0.0
3247,2025-09-28T12:00:00,79.99,Subscription,Mobile,2,0,1,593,1,0,0.0
3248,2025-09-28T14:00:00,120.06,Subscription,Online,3,0,5,191,1,0,0.0
3249,2025-09-28T16:00:00,278.41,Electronics,ATM,1,0,4,373,1,0,0.0
3250,2025-09-28T18:00:00,589.36,Subscription,ATM,1,1,2,324,1,0,0.0
3251,2025-09-28T20:00:00,68.66,Dining,Card Present,3,0,3,378,1,0,0.0
3252,2025-09-28T22:00:00,66.34,Retail,ATM,2,0,1,420,1,0,0.0
3253,2025-09-29T00:00:00,107.23,Subscription,Mobile,1,1,1,603,0,0,0.0
3254,2025-09-29T02:00:00,167.87,Cash Advance,Online,1,0,2,442,0,0,0.0
3255,2025-09-29T04:00:00,179.35,Cash Advance,Online,2,0,3,706,0,0,0.0
3256,2025-09-29T06:00:00,181.06,Cash Advance,Card Present,1,2,1,589,0,0,0.0
3257,2025-09-29T08:00:00,8.94,Dining,ATM,3,0,3,118,0,0,0.0
3258,2025-09-29T10:00:00,360.13,Electronics,Mobile,1,0,5,278,0,0,0.0
3259,2025-09-29T12:00:00,35.64,Retail,Online,2,0,3,302,0,0,0.0
3260,2025-09-29T14:00:00,157.77,Electronics,Card Present,1,0,3,416,0,0,0.0
3261,2025-09-29T16:00:00,33.01,Dining,Mobile,1,2,2,291,0,0,0.0
3262,2025-09-29T18:00:00,40.89,Dining,Mobile,2,0,4,272,0,0,0.0
3263,2025-09-29T20:00:00,190.51,Subscription,Card Present,1,0,4,763,0,0,0.0
3264,2025-09-29T22:00:00,86.75,Dining,Mobile,1,1,2,406,0,0,0.0
3265,2025-09-30T00:00:00,233.24,Travel,Mobile,1,1,3,5,0,0,0.0
3266,2025-09-30T02:00:00,50.3,Cash Advance,Mobile,1,1,4,279,0,0,0.0
3267,2025-09-30T04:00:00,117.57,Dining,Mobile,1,0,4,490,0,0,0.0
3268,2025-09-30T06:00:00,219.51,Electronics,Online,1,0,2,364,0,0,0.0
3269,2025-09-30T08:00:00,89.55,Retail,Card Present,2,1,3,495,0,0,0.0
3270,2025-09-30T10:00:00,232.49,Cash Advance,Card Present,1,1,4,510,0,0,0.0
3271,2025-09-30T12:00:00,76.66,Electronics,Mobile,1,0,3,413,0,0,0.0
3272,2025-09-30T14:00:00,144.53,Electronics,Card Present,1,0,1,374,0,0,0.0
3273,2025-09-30T16:00:00,107.68,Dining,ATM,2,2,2,426,0,0,0.0
3274,2025-09-30T18:00:00,73.73,Dining,Online,1,0,3,501,0,0,0.0
3275,2025-09-30T20:00:00,162.53,Retail,Online,1,0,3,330,0,0,0.0
3276,2025-09-30T22:00:00,271.48,Dining,Online,2,0,5,435,0,0,0.0
3277,2025-10-01T00:00:00,213.47,Travel,Card Present,1,0,4,595,0,0,0.0
3278,2025-10-01T02:00:00,117.27,Dining,Mobile,3,0,2,201,0,0,0.0
3279,2025-10-01T04:00:00,84.15,Travel,Card Present,2,1,1,649,0,0,0.0
3280,2025-10-01T06:00:00,161.1,Travel,ATM,1,1,2,754,0,0,0.0
3281,2025-10-01T08:00:00,119.73,Dining,Mobile,2,0,1,520,0,0,0.0
3282,2025-10-01T10:00:00,120.17,Electronics,ATM,2,0,1,335,0,0,0.0
3283,2025-10-01T12:00:00,100.72,Dining,ATM,2,0,2,702,0,0,0.0
3284,2025-10-01T14:00:00,263.54,Subscription,Online,3,2,3,458,0,1,204.02
3285,2025-10-01T16:00:00,366.29,Electronics,Card Present,1,0,1,156,0,0,0.0
3286,2025-10-01T18:00:00,49.04,Retail,Online,1,0,4,437,0,0,0.0
3287,2025-10-01T20:00:00,82.14,Subscription,Online,2,0,2,403,0,0,0.0
3288,2025-10-01T22:00:00,160.72,Cash Advance,Mobile,1,2,3,486,0,0,0.0
3289,2025-10-02T00:00:00,85.11,Travel,ATM,1,1,3,357,0,0,0.0
3290,2025-10-02T02:00:00,276.32,Retail,Mobile,1,0,2,893,0,0,0.0
3291,2025-10-02T04:00:00,282.9,Cash Advance,ATM,1,1,6,383,0,0,0.0
3292,2025-10-02T06:00:00,165.23,Dining,Online,2,0,1,518,0,0,0.0
3293,2025-10-02T08:00:00,261.17,Subscription,ATM,1,0,3,440,0,0,0.0
3294,2025-10-02T10:00:00,157.14,Dining,ATM,1,0,1,527,0,0,0.0
3295,2025-10-02T12:00:00,125.41,Electronics,Card Present,1,0,2,689,0,0,0.0
3296,2025-10-02T14:00:00,238.28,Retail,Online,1,0,2,249,0,0,0.0
3297,2025-10-02T16:00:00,403.43,Dining,Mobile,1,1,5,462,0,0,0.0
3298,2025-10-02T18:00:00,200.68,Travel,ATM,1,0,4,193,0,0,0.0
3299,2025-10-02T20:00:00,182.24,Electronics,Mobile,2,1,2,477,0,0,0.0
3300,2025-10-02T22:00:00,157.62,Travel,Online,1,1,1,502,0,0,0.0
3301,2025-10-03T00:00:00,681.46,Cash Advance,Card Present,1,1,3,173,0,0,0.0
3302,2025-10-03T02:00:00,96.91,Dining,Online,2,1,3,210,0,0,0.0
3303,2025-10-03T04:00:00,152.96,Dining,Card Present,1,1,3,404,0,0,0.0
3304,2025-10-03T06:00:00,33.15,Cash Advance,Online,2,1,2,461,0,0,0.0
3305,2025-10-03T08:00:00,93.5,Dining,Online,1,1,6,298,0,0,0.0
3306,2025-10-03T10:00:00,56.02,Electronics,Card Present,1,0,3,298,0,0,0.0
3307,2025-10-03T12:00:00,296.91,Dining,Card Present,2,0,4,334,0,0,0.0
3308,2025-10-03T14:00:00,98.81,Subscription,ATM,3,0,5,622,0,0,0.0
3309,2025-10-03T16:00:00,84.41,Retail,Mobile,2,1,3,314,0,0,0.0
3310,2025-10-03T18:00:00,160.65,Subscription,ATM,1,0,3,362,0,0,0.0
3311,2025-10-03T20:00:00,148.45,Travel,ATM,1,1,3,316,0,0,0.0
3312,2025-10-03T22:00:00,167.98,Cash Advance,Online,2,0,4,519,0,0,0.0
3313,2025-10-04T00:00:00,71.64,Cash Advance,Mobile,1,0,4,400,1,0,0.0
3314,2025-10-04T02:00:00,131.34,Cash Advance,Online,2,0,2,174,1,0,0.0
3315,2025-10-04T04:00:00,191.64,Electronics,Mobile,2,2,2,423,1,0,0.0
3316,2025-10-04T06:00:00,147.26,Electronics,ATM,2,0,2,299,1,0,0.0
3317,2025-10-04T08:00:00,559.68,Electronics,ATM,3,0,2,486,1,0,0.0
3318,2025-10-04T10:00:00,79.06,Subscription,Online,1,1,3,131,1,0,0.0
3319,2025-10-04T12:00:00,214.23,Subscription,Card Present,3,1,2,317,1,0,0.0
3320,2025-10-04T14:00:00,114.88,Travel,Online,1,0,4,483,1,0,0.0
3321,2025-10-04T16:00:00,171.9,Retail,ATM,2,1,4,489,1,0,0.0
3322,2025-10-04T18:00:00,544.09,Cash Advance,Mobile,1,1,2,383,1,0,0.0
3323,2025-10-04T20:00:00,53.86,Travel,ATM,1,1,2,459,1,0,0.0
3324,2025-10-04T22:00:00,183.23,Subscription,ATM,2,1,4,555,1,0,0.0
3325,2025-10-05T00:00:00,177.07,Retail,Online,2,0,4,169,1,0,0.0
3326,2025-10-05T02:00:00,19.76,Dining,ATM,2,2,3,147,1,0,0.0
3327,2025-10-05T04:00:00,101.04,Retail,Mobile,1,1,2,475,1,0,0.0
3328,2025-10-05T06:00:00,148.92,Travel,Mobile,1,1,1,660,1,0,0.0
3329,2025-10-05T08:00:00,393.58,Travel,Card Present,1,0,5,826,1,0,0.0
3330,2025-10-05T10:00:00,251.56,Cash Advance,Mobile,1,1,3,714,1,0,0.0
3331,2025-10-05T12:00:00,90.04,Subscription,Online,1,1,1,548,1,0,0.0
3332,2025-10-05T14:00:00,66.31,Retail,ATM,1,0,2,396,1,0,0.0
3333,2025-10-05T16:00:00,346.03,Travel,Mobile,2,0,3,673,1,0,0.0
3334,2025-10-05T18:00:00,222.12,Retail,Mobile,2,0,1,563,1,0,0.0
3335,2025-10-05T20:00:00,175.81,Travel,ATM,1,0,2,716,1,0,0.0
3336,2025-10-05T22:00:00,159.13,Retail,Card Present,2,0,3,849,1,0,0.0
3337,2025-10-06T00:00:00,86.86,Travel,Card Present,1,0,1,367,0,0,0.0
3338,2025-10-06T02:00:00,303.24,Travel,Mobile,1,0,5,312,0,0,0.0
3339,2025-10-06T04:00:00,181.34,Travel,Card Present,2,1,4,417,0,0,0.0
3340,2025-10-06T06:00:00,146.77,Electronics,Online,1,1,3,542,0,0,0.0
3341,2025-10-06T08:00:00,247.79,Retail,Online,2,0,2,249,0,0,0.0
3342,2025-10-06T10:00:00,160.45,Subscription,Card Present,2,0,4,681,0,0,0.0
3343,2025-10-06T12:00:00,90.64,Subscription,Online,1,0,2,361,0,0,0.0
3344,2025-10-06T14:00:00,246.66,Travel,ATM,1,2,1,232,0,0,0.0
3345,2025-10-06T16:00:00,264.96,Subscription,Online,2,1,4,832,0,0,0.0
3346,2025-10-06T18:00:00,76.83,Cash Advance,ATM,2,0,1,210,0,0,0.0
3347,2025-10-06T20:00:00,187.5,Travel,Mobile,2,0,1,275,0,0,0.0
3348,2025-10-06T22:00:00,120.17,Dining,Mobile,1,1,6,921,0,0,0.0
3349,2025-10-07T00:00:00,215.93,Cash Advance,Online,1,0,4,546,0,0,0.0
3350,2025-10-07T02:00:00,101.61,Subscription,Card Present,1,1,1,307,0,0,0.0
3351,2025-10-07T04:00:00,91.51,Dining,Card Present,1,0,4,746,0,0,0.0
3352,2025-10-07T06:00:00,275.47,Dining,ATM,2,0,3,583,0,0,0.0
3353,2025-10-07T08:00:00,192.93,Electronics,ATM,2,1,3,458,0,0,0.0
3354,2025-10-07T10:00:00,61.71,Electronics,ATM,1,0,3,288,0,0,0.0
3355,2025-10-07T12:00:00,162.8,Dining,ATM,1,0,5,514,0,0,0.0
3356,2025-10-07T14:00:00,148.71,Dining,ATM,2,0,2,416,0,0,0.0
3357,2025-10-07T16:00:00,245.42,Retail,Online,2,1,3,537,0,0,0.0
3358,2025-10-07T18:00:00,117.37,Electronics,Card Present,1,0,4,239,0,0,0.0
3359,2025-10-07T20:00:00,237.47,Dining,Card Present,1,1,4,507,0,0,0.0
3360,2025-10-07T22:00:00,95.08,Dining,Mobile,1,0,3,389,0,0,0.0
3361,2025-10-08T00:00:00,50.54,Subscription,ATM,1,1,4,189,0,0,0.0
3362,2025-10-08T02:00:00,186.75,Electronics,Card Present,1,0,4,479,0,0,0.0
3363,2025-10-08T04:00:00,191.03,Travel,Online,1,0,2,592,0,0,0.0
3364,2025-10-08T06:00:00,208.12,Travel,Mobile,2,0,1,556,0,0,0.0
3365,2025-10-08T08:00:00,210.57,Dining,Mobile,1,0,3,483,0,0,0.0
3366,2025-10-08T10:00:00,374.13,Travel,Card Present,3,1,1,333,0,0,0.0
3367,2025-10-08T12:00:00,178.05,Cash Advance,Online,2,0,5,268,0,0,0.0
3368,2025-10-08T14:00:00,152.02,Retail,Online,1,0,2,353,0,0,0.0
3369,2025-10-08T16:00:00,57.45,Subscription,Online,1,4,4,161,0,0,0.0
3370,2025-10-08T18:00:00,127.3,Travel,Mobile,1,1,3,299,0,0,0.0
3371,2025-10-08T20:00:00,90.48,Cash Advance,Online,1,0,1,166,0,0,0.0
3372,2025-10-08T22:00:00,190.42,Dining,Online,2,1,3,272,0,0,0.0
3373,2025-10-09T00:00:00,399.08,Subscription,ATM,1,0,3,329,0,0,0.0
3374,2025-10-09T02:00:00,95.5,Subscription,ATM,1,1,3,443,0,0,0.0
3375,2025-10-09T04:00:00,86.24,Dining,Online,2,0,4,433,0,0,0.0
3376,2025-10-09T06:00:00,96.21,Retail,Online,1,1,1,248,0,0,0.0
3377,2025-10-09T08:00:00,240.41,Electronics,Card Present,1,0,5,315,0,0,0.0
3378,2025-10-09T10:00:00,74.23,Dining,Online,1,0,3,785,0,0,0.0
3379,2025-10-09T12:00:00,208.19,Dining,ATM,2,0,1,732,0,0,0.0
3380,2025-10-09T14:00:00,40.08,Subscription,Card Present,1,0,4,372,0,0,0.0
3381,2025-10-09T16:00:00,335.96,Cash Advance,Card Present,2,1,1,661,0,0,0.0
3382,2025-10-09T18:00:00,172.68,Travel,ATM,1,0,5,470,0,0,0.0
3383,2025-10-09T20:00:00,139.55,Retail,ATM,2,0,1,665,0,0,0.0
3384,2025-10-09T22:00:00,179.88,Cash Advance,Mobile,2,0,1,1032,0,0,0.0
3385,2025-10-10T00:00:00,164.62,Dining,Card Present,2,0,1,468,0,0,0.0
3386,2025-10-10T02:00:00,100.31,Travel,Mobile,2,0,2,338,0,0,0.0
3387,2025-10-10T04:00:00,131.2,Subscription,ATM,2,0,2,657,0,0,0.0
3388,2025-10-10T06:00:00,310.73,Dining,Card Present,2,0,2,223,0,0,0.0
3389,2025-10-10T08:00:00,68.72,Cash Advance,Mobile,1,0,1,272,0,0,0.0
3390,2025-10-10T10:00:00,237.17,Cash Advance,Card Present,1,0,5,387,0,0,0.0
3391,2025-10-10T12:00:00,149.89,Travel,Card Present,3,0,3,432,0,0,0.0
3392,2025-10-10T14:00:00,310.39,Cash Advance,Online,1,0,5,388,0,0,0.0
3393,2025-10-10T16:00:00,90.56,Retail,Online,2,1,3,590,0,0,0.0
3394,2025-10-10T18:00:00,184.93,Electronics,Online,1,0,2,679,0,0,0.0
3395,2025-10-10T20:00:00,376.99,Electronics,Mobile,2,2,4,553,0,1,285.97
3396,2025-10-10T22:00:00,123.85,Subscription,ATM,1,0,3,402,0,0,0.0
3397,2025-10-11T00:00:00,74.34,Subscription,Card Present,2,0,1,333,1,0,0.0
3398,2025-10-11T02:00:00,123.97,Subscription,Mobile,1,1,2,428,1,0,0.0
3399,2025-10-11T04:00:00,55.7,Subscription,Mobile,1,0,2,140,1,0,0.0
3400,2025-10-11T06:00:00,161.68,Dining,Card Present,3,0,6,409,1,0,0.0
3401,2025-10-11T08:00:00,312.95,Dining,Card Present,2,0,3,550,1,0,0.0
3402,2025-10-11T10:00:00,84.51,Dining,Card Present,1,0,3,321,1,0,0.0
3403,2025-10-11T12:00:00,271.08,Retail,Card Present,2,0,1,104,1,0,0.0
3404,2025-10-11T14:00:00,749.7,Subscription,Online,2,0,2,517,1,0,0.0
3405,2025-10-11T16:00:00,220.81,Travel,ATM,1,2,2,338,1,0,0.0
3406,2025-10-11T18:00:00,79.81,Electronics,Online,2,0,1,395,1,0,0.0
3407,2025-10-11T20:00:00,113.99,Retail,Mobile,1,1,2,314,1,0,0.0
3408,2025-10-11T22:00:00,199.25,Travel,Card Present,2,1,5,445,1,0,0.0
3409,2025-10-12T00:00:00,350.11,Travel,Mobile,1,0,2,230,1,0,0.0
3410,2025-10-12T02:00:00,65.71,Dining,Online,1,0,1,560,1,0,0.0
3411,2025-10-12T04:00:00,134.75,Electronics,Online,1,0,2,316,1,0,0.0
3412,2025-10-12T06:00:00,162.17,Subscription,ATM,1,0,3,463,1,0,0.0
3413,2025-10-12T08:00:00,129.26,Dining,Mobile,2,0,1,481,1,0,0.0
3414,2025-10-12T10:00:00,293.13,Dining,Card Present,2,1,1,618,1,0,0.0
3415,2025-10-12T12:00:00,46.18,Subscription,Mobile,1,2,3,579,1,0,0.0
3416,2025-10-12T14:00:00,198.0,Subscription,Mobile,1,1,4,280,1,0,0.0
3417,2025-10-12T16:00:00,29.45,Travel,Card Present,1,0,2,550,1,0,0.0
3418,2025-10-12T18:00:00,69.97,Electronics,Mobile,1,0,2,364,1,0,0.0
3419,2025-10-12T20:00:00,315.91,Dining,Card Present,1,1,2,225,1,0,0.0
3420,2025-10-12T22:00:00,114.77,Electronics,Card Present,1,0,3,208,1,0,0.0
3421,2025-10-13T00:00:00,328.31,Subscription,Mobile,2,0,3,327,0,0,0.0
3422,2025-10-13T02:00:00,159.2,Retail,Online,2,0,5,468,0,0,0.0
3423,2025-10-13T04:00:00,72.93,Electronics,Card Present,2,1,4,342,0,0,0.0
3424,2025-10-13T06:00:00,376.64,Retail,Card Present,2,0,2,412,0,0,0.0
3425,2025-10-13T08:00:00,39.63,Electronics,Mobile,1,0,1,457,0,0,0.0
3426,2025-10-13T10:00:00,90.44,Travel,Mobile,1,1,4,369,0,0,0.0
3427,2025-10-13T12:00:00,75.95,Electronics,Online,2,0,1,620,0,0,0.0
3428,2025-10-13T14:00:00,173.12,Retail,Online,1,0,4,509,0,0,0.0
3429,2025-10-13T16:00:00,350.81,Subscription,Mobile,3,0,3,138,0,0,0.0
3430,2025-10-13T18:00:00,376.78,Travel,ATM,1,0,3,550,0,0,0.0
3431,2025-10-13T20:00:00,141.24,Dining,Card Present,1,0,2,342,0,0,0.0
3432,2025-10-13T22:00:00,215.51,Retail,ATM,3,0,2,492,0,0,0.0
3433,2025-10-14T00:00:00,159.02,Retail,Card Present,2,0,2,624,0,0,0.0
3434,2025-10-14T02:00:00,538.96,Retail,ATM,2,0,4,407,0,0,0.0
3435,2025-10-14T04:00:00,95.27,Dining,ATM,1,0,2,249,0,0,0.0
3436,2025-10-14T06:00:00,399.14,Retail,Online,3,0,3,346,0,0,0.0
3437,2025-10-14T08:00:00,87.44,Subscription,Mobile,2,0,1,479,0,0,0.0
3438,2025-10-14T10:00:00,219.48,Subscription,Mobile,1,0,4,356,0,0,0.0
3439,2025-10-14T12:00:00,121.79,Retail,ATM,3,1,3,420,0,0,0.0
3440,2025-10-14T14:00:00,337.04,Retail,ATM,1,0,2,287,0,0,0.0
3441,2025-10-14T16:00:00,23.6,Travel,Mobile,1,0,5,540,0,0,0.0
3442,2025-10-14T18:00:00,44.51,Electronics,Card Present,1,0,3,186,0,0,0.0
3443,2025-10-14T20:00:00,212.43,Subscription,ATM,2,1,4,698,0,0,0.0
3444,2025-10-14T22:00:00,132.42,Cash Advance,ATM,1,0,1,272,0,0,0.0
3445,2025-10-15T00:00:00,181.92,Travel,ATM,2,2,1,337,0,0,0.0
3446,2025-10-15T02:00:00,143.79,Subscription,ATM,1,1,3,521,0,0,0.0
3447,2025-10-15T04:00:00,108.0,Travel,ATM,1,1,4,369,0,0,0.0
3448,2025-10-15T06:00:00,347.31,Subscription,ATM,1,3,1,108,0,0,0.0
3449,2025-10-15T08:00:00,208.53,Electronics,ATM,2,1,3,412,0,0,0.0
3450,2025-10-15T10:00:00,53.52,Cash Advance,ATM,1,1,3,308,0,0,0.0
3451,2025-10-15T12:00:00,142.58,Dining,Mobile,2,0,3,569,0,0,0.0
3452,2025-10-15T14:00:00,163.05,Retail,ATM,1,0,2,432,0,0,0.0
3453,2025-10-15T16:00:00,122.18,Retail,ATM,1,1,2,432,0,0,0.0
3454,2025-10-15T18:00:00,294.63,Retail,Card Present,1,1,2,310,0,0,0.0
3455,2025-10-15T20:00:00,48.1,Subscription,Mobile,1,1,1,522,0,0,0.0
3456,2025-10-15T22:00:00,504.39,Retail,Online,1,0,3,354,0,0,0.0
3457,2025-10-16T00:00:00,62.26,Dining,ATM,1,0,3,323,0,0,0.0
3458,2025-10-16T02:00:00,26.97,Cash Advance,Online,2,2,4,465,0,0,0.0
3459,2025-10-16T04:00:00,184.41,Retail,Online,1,1,3,488,0,0,0.0
3460,2025-10-16T06:00:00,179.45,Subscription,Online,1,0,3,515,0,0,0.0
3461,2025-10-16T08:00:00,221.2,Travel,Card Present,1,1,3,415,0,0,0.0
3462,2025-10-16T10:00:00,229.64,Retail,Card Present,1,1,2,229,0,0,0.0
3463,2025-10-16T12:00:00,159.63,Travel,Mobile,1,0,4,683,0,0,0.0
3464,2025-10-16T14:00:00,252.41,Dining,Online,3,0,2,445,0,0,0.0
3465,2025-10-16T16:00:00,53.77,Dining,Mobile,2,0,2,64,0,0,0.0
3466,2025-10-16T18:00:00,344.82,Electronics,Mobile,1,0,3,322,0,0,0.0
3467,2025-10-16T20:00:00,106.55,Subscription,Card Present,2,0,4,420,0,0,0.0
3468,2025-10-16T22:00:00,75.66,Travel,Card Present,1,1,1,349,0,0,0.0
3469,2025-10-17T00:00:00,218.29,Retail,Card Present,1,0,3,367,0,0,0.0
3470,2025-10-17T02:00:00,99.95,Cash Advance,ATM,3,0,2,338,0,0,0.0
3471,2025-10-17T04:00:00,118.61,Travel,Online,1,1,2,62,0,0,0.0
3472,2025-10-17T06:00:00,236.65,Cash Advance,Card Present,1,0,3,392,0,0,0.0
3473,2025-10-17T08:00:00,112.1,Electronics,ATM,1,0,1,520,0,0,0.0
3474,2025-10-17T10:00:00,81.71,Cash Advance,Card Present,2,1,5,490,0,0,0.0
3475,2025-10-17T12:00:00,326.5,Travel,Card Present,1,1,5,161,0,0,0.0
3476,2025-10-17T14:00:00,207.74,Subscription,ATM,1,0,3,444,0,0,0.0
3477,2025-10-17T16:00:00,99.55,Electronics,Online,2,0,3,395,0,0,0.0
3478,2025-10-17T18:00:00,185.84,Cash Advance,Online,1,1,2,779,0,0,0.0
3479,2025-10-17T20:00:00,312.23,Cash Advance,ATM,2,1,3,315,0,0,0.0
3480,2025-10-17T22:00:00,294.89,Travel,Card Present,1,0,4,546,0,0,0.0
3481,2025-10-18T00:00:00,388.98,Cash Advance,Card Present,1,0,1,472,1,0,0.0
3482,2025-10-18T02:00:00,242.18,Electronics,Mobile,1,1,4,163,1,0,0.0
3483,2025-10-18T04:00:00,139.5,Dining,Online,2,0,1,334,1,0,0.0
3484,2025-10-18T06:00:00,149.74,Dining,Card Present,3,0,2,212,1,0,0.0
3485,2025-10-18T08:00:00,28.9,Retail,Card Present,2,0,4,523,1,0,0.0
3486,2025-10-18T10:00:00,463.2,Retail,Mobile,1,0,3,351,1,0,0.0
3487,2025-10-18T12:00:00,91.25,Travel,Card Present,1,2,2,322,1,0,0.0
3488,2025-10-18T14:00:00,19.26,Retail,Mobile,1,1,1,496,1,0,0.0
3489,2025-10-18T16:00:00,232.87,Cash Advance,Mobile,2,1,4,658,1,0,0.0
3490,2025-10-18T18:00:00,441.41,Dining,ATM,2,0,4,387,1,0,0.0
3491,2025-10-18T20:00:00,267.69,Dining,Card Present,2,1,1,132,1,0,0.0
3492,2025-10-18T22:00:00,254.5,Subscription,Mobile,2,0,1,334,1,0,0.0
3493,2025-10-19T00:00:00,244.52,Travel,Card Present,1,0,2,302,1,0,0.0
3494,2025-10-19T02:00:00,97.48,Travel,Mobile,1,0,3,305,1,0,0.0
3495,2025-10-19T04:00:00,198.81,Cash Advance,ATM,1,1,3,305,1,0,0.0
3496,2025-10-19T06:00:00,90.8,Cash Advance,Card Present,1,2,5,761,1,0,0.0
3497,2025-10-19T08:00:00,383.99,Dining,Online,1,0,1,403,1,0,0.0
3498,2025-10-19T10:00:00,129.59,Travel,Online,1,0,2,659,1,0,0.0
3499,2025-10-19T12:00:00,282.99,Retail,Card Present,1,0,2,322,1,0,0.0
3500,2025-10-19T14:00:00,33.01,Cash Advance,ATM,1,0,4,502,1,0,0.0
3501,2025-10-19T16:00:00,242.36,Travel,ATM,1,0,2,328,1,0,0.0
3502,2025-10-19T18:00:00,42.94,Electronics,ATM,3,0,5,334,1,0,0.0
3503,2025-10-19T20:00:00,72.83,Retail,Online,1,0,4,145,1,0,0.0
3504,2025-10-19T22:00:00,589.48,Travel,Card Present,1,0,4,437,1,0,0.0
3505,2025-10-20T00:00:00,348.55,Electronics,Mobile,2,0,4,404,0,0,0.0
3506,2025-10-20T02:00:00,121.71,Travel,Card Present,1,1,2,564,0,0,0.0
3507,2025-10-20T04:00:00,87.6,Retail,Mobile,2,0,2,469,0,0,0.0
3508,2025-10-20T06:00:00,152.84,Travel,ATM,1,0,2,339,0,0,0.0
3509,2025-10-20T08:00:00,317.73,Dining,Mobile,1,1,3,374,0,0,0.0
3510,2025-10-20T10:00:00,102.74,Cash Advance,ATM,3,1,2,387,0,0,0.0
3511,2025-10-20T12:00:00,150.91,Retail,Online,3,0,4,551,0,0,0.0
3512,2025-10-20T14:00:00,352.23,Cash Advance,Online,1,0,2,832,0,0,0.0
3513,2025-10-20T16:00:00,62.26,Cash Advance,ATM,1,1,2,589,0,0,0.0
3514,2025-10-20T18:00:00,135.74,Cash Advance,Online,1,2,4,456,0,0,0.0
3515,2025-10-20T20:00:00,412.46,Travel,Card Present,2,0,3,512,0,0,0.0
3516,2025-10-20T22:00:00,52.7,Cash Advance,Mobile,3,0,5,353,0,0,0.0
3517,2025-10-21T00:00:00,20.5,Electronics,Online,1,1,3,259,0,0,0.0
3518,2025-10-21T02:00:00,131.5,Retail,ATM,3,0,2,687,0,0,0.0
3519,2025-10-21T04:00:00,326.2,Retail,ATM,1,0,3,628,0,0,0.0
3520,2025-10-21T06:00:00,57.61,Travel,Mobile,1,0,1,490,0,0,0.0
3521,2025-10-21T08:00:00,257.67,Electronics,Mobile,3,0,5,427,0,1,169.96
3522,2025-10-21T10:00:00,147.15,Subscription,Online,1,2,2,399,0,0,0.0
3523,2025-10-21T12:00:00,390.84,Subscription,ATM,1,0,2,528,0,0,0.0
3524,2025-10-21T14:00:00,143.09,Cash Advance,ATM,1,1,2,550,0,0,0.0
3525,2025-10-21T16:00:00,337.63,Electronics,Card Present,2,0,2,657,0,0,0.0
3526,2025-10-21T18:00:00,74.6,Subscription,ATM,2,0,5,253,0,0,0.0
3527,2025-10-21T20:00:00,229.1,Subscription,Mobile,2,1,3,525,0,0,0.0
3528,2025-10-21T22:00:00,163.47,Subscription,Card Present,1,2,1,376,0,0,0.0
3529,2025-10-22T00:00:00,229.62,Dining,ATM,1,1,2,372,0,0,0.0
3530,2025-10-22T02:00:00,121.84,Travel,ATM,2,1,4,401,0,0,0.0
3531,2025-10-22T04:00:00,175.07,Travel,Online,2,0,3,160,0,0,0.0
3532,2025-10-22T06:00:00,254.62,Dining,ATM,3,0,2,236,0,0,0.0
3533,2025-10-22T08:00:00,188.37,Retail,Mobile,2,1,6,622,0,0,0.0
3534,2025-10-22T10:00:00,160.47,Electronics,Card Present,1,1,2,339,0,0,0.0
3535,2025-10-22T12:00:00,224.91,Travel,ATM,1,0,3,378,0,0,0.0
3536,2025-10-22T14:00:00,199.95,Travel,Online,3,1,1,379,0,0,0.0
3537,2025-10-22T16:00:00,947.48,Dining,ATM,3,1,4,331,0,0,0.0
3538,2025-10-22T18:00:00,110.14,Subscription,Mobile,2,0,4,458,0,0,0.0
3539,2025-10-22T20:00:00,143.36,Cash Advance,Online,1,1,2,481,0,0,0.0
3540,2025-10-22T22:00:00,398.69,Dining,ATM,1,1,4,234,0,0,0.0
3541,2025-10-23T00:00:00,159.44,Cash Advance,Online,1,3,2,437,0,0,0.0
3542,2025-10-23T02:00:00,110.91,Travel,Card Present,1,0,5,634,0,0,0.0
3543,2025-10-23T04:00:00,328.13,Cash Advance,Mobile,3,0,5,393,0,1,217.57
3544,2025-10-23T06:00:00,151.87,Electronics,ATM,1,0,2,126,0,0,0.0
3545,2025-10-23T08:00:00,95.76,Retail,ATM,1,0,4,447,0,0,0.0
3546,2025-10-23T10:00:00,11.13,Dining,Online,2,0,5,5,0,0,0.0
3547,2025-10-23T12:00:00,131.25,Cash Advance,ATM,3,1,4,318,0,0,0.0
3548,2025-10-23T14:00:00,300.71,Retail,Mobile,3,0,6,105,0,0,0.0
3549,2025-10-23T16:00:00,382.11,Retail,ATM,2,0,4,601,0,0,0.0
3550,2025-10-23T18:00:00,330.14,Retail,ATM,1,1,2,671,0,0,0.0
3551,2025-10-23T20:00:00,145.78,Electronics,ATM,1,0,1,236,0,0,0.0
3552,2025-10-23T22:00:00,369.16,Cash Advance,Card Present,2,1,1,784,0,0,0.0
3553,2025-10-24T00:00:00,100.11,Travel,ATM,1,0,2,200,0,0,0.0
3554,2025-10-24T02:00:00,316.56,Dining,ATM,3,0,3,222,0,0,0.0
3555,2025-10-24T04:00:00,297.1,Retail,Mobile,1,0,3,725,0,0,0.0
3556,2025-10-24T06:00:00,181.7,Dining,ATM,1,0,4,204,0,0,0.0
3557,2025-10-24T08:00:00,116.16,Electronics,Card Present,2,0,1,230,0,0,0.0
3558,2025-10-24T10:00:00,186.57,Cash Advance,Card Present,1,0,4,503,0,0,0.0
3559,2025-10-24T12:00:00,159.49,Subscription,Card Present,3,0,3,299,0,0,0.0
3560,2025-10-24T14:00:00,156.96,Subscription,Online,1,0,2,458,0,0,0.0
3561,2025-10-24T16:00:00,263.37,Subscription,Mobile,1,1,1,680,0,0,0.0
3562,2025-10-24T18:00:00,57.76,Electronics,Mobile,1,0,5,358,0,0,0.0
3563,2025-10-24T20:00:00,99.46,Travel,ATM,3,0,4,345,0,0,0.0
3564,2025-10-24T22:00:00,140.11,Travel,ATM,1,0,1,526,0,0,0.0
3565,2025-10-25T00:00:00,317.61,Dining,ATM,1,0,2,504,1,0,0.0
3566,2025-10-25T02:00:00,355.76,Subscription,ATM,1,1,2,457,1,0,0.0
3567,2025-10-25T04:00:00,322.56,Travel,Mobile,1,0,3,710,1,0,0.0
3568,2025-10-25T06:00:00,309.6,Cash Advance,Mobile,2,0,2,334,1,0,0.0
3569,2025-10-25T08:00:00,144.9,Electronics,Card Present,2,0,3,559,1,0,0.0
3570,2025-10-25T10:00:00,543.97,Dining,Card Present,1,1,2,437,1,0,0.0
3571,2025-10-25T12:00:00,103.31,Cash Advance,Mobile,2,0,4,348,1,0,0.0
3572,2025-10-25T14:00:00,48.54,Electronics,ATM,1,0,4,369,1,0,0.0
3573,2025-10-25T16:00:00,182.15,Travel,Online,1,1,4,436,1,0,0.0
3574,2025-10-25T18:00:00,148.44,Electronics,Card Present,2,0,1,242,1,0,0.0
3575,2025-10-25T20:00:00,71.27,Travel,Online,1,0,3,550,1,0,0.0
3576,2025-10-25T22:00:00,210.39,Travel,Mobile,1,0,3,335,1,0,0.0
3577,2025-10-26T00:00:00,254.82,Retail,Mobile,2,0,4,322,1,0,0.0
3578,2025-10-26T02:00:00,123.45,Travel,Online,1,0,2,453,1,0,0.0
3579,2025-10-26T04:00:00,55.04,Cash Advance,Online,2,0,3,345,1,0,0.0
3580,2025-10-26T06:00:00,431.44,Dining,Mobile,3,0,2,248,1,0,0.0
3581,2025-10-26T08:00:00,72.52,Retail,ATM,2,0,2,630,1,0,0.0
3582,2025-10-26T10:00:00,99.01,Dining,Online,1,1,4,596,1,0,0.0
3583,2025-10-26T12:00:00,151.18,Travel,Online,1,0,3,443,1,0,0.0
3584,2025-10-26T14:00:00,121.11,Subscription,ATM,2,0,3,569,1,0,0.0
3585,2025-10-26T16:00:00,95.72,Dining,Mobile,1,1,5,433,1,0,0.0
3586,2025-10-26T18:00:00,32.57,Travel,Online,3,2,2,259,1,1,28.09
3587,2025-10-26T20:00:00,142.23,Electronics,Online,3,0,4,380,1,0,0.0
3588,2025-10-26T22:00:00,295.63,Travel,Card Present,1,0,5,243,1,0,0.0
3589,2025-10-27T00:00:00,157.54,Subscription,Mobile,1,0,1,451,0,0,0.0
3590,2025-10-27T02:00:00,52.23,Electronics,Mobile,2,1,5,330,0,0,0.0
3591,2025-10-27T04:00:00,182.5,Travel,ATM,1,0,4,363,0,0,0.0
3592,2025-10-27T06:00:00,62.55,Travel,ATM,1,0,1,661,0,0,0.0
3593,2025-10-27T08:00:00,35.98,Electronics,Mobile,2,0,3,498,0,0,0.0
3594,2025-10-27T10:00:00,403.2,Subscription,ATM,1,0,1,535,0,0,0.0
3595,2025-10-27T12:00:00,374.04,Travel,Online,1,0,1,430,0,0,0.0
3596,2025-10-27T14:00:00,37.28,Retail,Card Present,1,1,3,520,0,0,0.0
3597,2025-10-27T16:00:00,204.42,Retail,Online,1,0,4,572,0,0,0.0
3598,2025-10-27T18:00:00,114.0,Dining,Card Present,1,0,3,374,0,0,0.0
3599,2025-10-27T20:00:00,258.13,Dining,Online,2,1,5,394,0,0,0.0
3600,2025-10-27T22:00:00,240.14,Cash Advance,ATM,3,2,2,259,0,0,0.0
3601,2025-10-28T00:00:00,95.44,Cash Advance,Card Present,1,0,4,451,0,0,0.0
3602,2025-10-28T02:00:00,217.92,Travel,ATM,1,1,4,626,0,0,0.0
3603,2025-10-28T04:00:00,22.61,Travel,Mobile,1,0,2,744,0,0,0.0
3604,2025-10-28T06:00:00,23.73,Travel,ATM,3,0,3,589,0,0,0.0
3605,2025-10-28T08:00:00,104.05,Dining,Mobile,1,0,3,454,0,0,0.0
3606,2025-10-28T10:00:00,350.94,Subscription,Card Present,3,0,5,242,0,0,0.0
3607,2025-10-28T12:00:00,73.13,Electronics,Card Present,3,1,1,690,0,0,0.0
3608,2025-10-28T14:00:00,21.24,Subscription,Mobile,1,0,3,482,0,0,0.0
3609,2025-10-28T16:00:00,195.77,Travel,Mobile,1,2,3,432,0,0,0.0
3610,2025-10-28T18:00:00,92.85,Retail,Mobile,3,0,2,522,0,0,0.0
3611,2025-10-28T20:00:00,223.55,Dining,ATM,1,0,3,342,0,0,0.0
3612,2025-10-28T22:00:00,197.44,Cash Advance,Online,2,0,3,369,0,0,0.0
3613,2025-10-29T00:00:00,131.41,Travel,ATM,3,0,3,686,0,0,0.0
3614,2025-10-29T02:00:00,232.44,Travel,Mobile,1,0,2,494,0,0,0.0
3615,2025-10-29T04:00:00,212.05,Dining,Online,1,1,4,820,0,0,0.0
3616,2025-10-29T06:00:00,159.44,Electronics,Online,1,0,2,382,0,0,0.0
3617,2025-10-29T08:00:00,149.88,Retail,Mobile,1,0,2,524,0,0,0.0
3618,2025-10-29T10:00:00,145.64,Subscription,ATM,1,0,3,251,0,0,0.0
3619,2025-10-29T12:00:00,353.74,Subscription,Mobile,2,0,2,315,0,0,0.0
3620,2025-10-29T14:00:00,116.52,Travel,Mobile,1,0,1,591,0,0,0.0
3621,2025-10-29T16:00:00,81.23,Dining,ATM,2,0,2,477,0,0,0.0
3622,2025-10-29T18:00:00,67.07,Retail,Online,1,0,4,241,0,0,0.0
3623,2025-10-29T20:00:00,124.65,Dining,Card Present,1,1,2,333,0,0,0.0
3624,2025-10-29T22:00:00,342.13,Subscription,ATM,1,0,4,462,0,0,0.0
3625,2025-10-30T00:00:00,171.14,Dining,Mobile,3,1,2,602,0,0,0.0
3626,2025-10-30T02:00:00,291.45,Cash Advance,ATM,2,0,3,282,0,0,0.0
3627,2025-10-30T04:00:00,155.68,Dining,Card Present,3,3,4,459,0,0,0.0
3628,2025-10-30T06:00:00,229.86,Retail,Mobile,2,0,4,244,0,0,0.0
3629,2025-10-30T08:00:00,160.4,Retail,Mobile,1,1,1,563,0,0,0.0
3630,2025-10-30T10:00:00,167.51,Retail,Mobile,1,0,5,407,0,0,0.0
3631,2025-10-30T12:00:00,59.69,Subscription,ATM,3,0,3,263,0,0,0.0
3632,2025-10-30T14:00:00,323.46,Subscription,Card Present,1,0,3,120,0,0,0.0
3633,2025-10-30T16:00:00,289.15,Dining,Online,2,1,4,448,0,0,0.0
3634,2025-10-30T18:00:00,113.43,Cash Advance,Card Present,1,0,3,718,0,0,0.0
3635,2025-10-30T20:00:00,176.75,Dining,Online,1,0,4,371,0,0,0.0
3636,2025-10-30T22:00:00,74.37,Travel,ATM,1,0,4,359,0,0,0.0
3637,2025-10-31T00:00:00,301.77,Subscription,Online,1,0,2,584,0,0,0.0
3638,2025-10-31T02:00:00,368.5,Travel,Mobile,1,0,2,480,0,0,0.0
3639,2025-10-31T04:00:00,140.04,Cash Advance,Online,1,0,3,429,0,0,0.0
3640,2025-10-31T06:00:00,270.34,Cash Advance,ATM,1,0,3,558,0,0,0.0
3641,2025-10-31T08:00:00,259.68,Retail,Online,2,0,1,439,0,0,0.0
3642,2025-10-31T10:00:00,369.37,Travel,Card Present,3,0,1,496,0,0,0.0
3643,2025-10-31T12:00:00,596.02,Electronics,ATM,2,0,5,379,0,0,0.0
3644,2025-10-31T14:00:00,176.76,Retail,Card Present,2,0,2,448,0,0,0.0
3645,2025-10-31T16:00:00,274.92,Retail,Online,2,1,2,488,0,0,0.0
3646,2025-10-31T18:00:00,162.0,Cash Advance,Mobile,2,0,2,517,0,0,0.0
3647,2025-10-31T20:00:00,129.33,Cash Advance,ATM,2,0,2,423,0,0,0.0
3648,2025-10-31T22:00:00,364.08,Travel,Mobile,1,1,2,322,0,0,0.0
3649,2025-11-01T00:00:00,276.11,Dining,Mobile,1,0,4,234,1,0,0.0
3650,2025-11-01T02:00:00,356.48,Travel,Online,3,0,2,698,1,1,325.56
3651,2025-11-01T04:00:00,149.72,Electronics,Mobile,1,0,3,458,1,0,0.0
3652,2025-11-01T06:00:00,354.4,Electronics,Online,2,0,3,831,1,0,0.0
3653,2025-11-01T08:00:00,130.28,Subscription,Mobile,1,1,3,455,1,0,0.0
3654,2025-11-01T10:00:00,17.52,Electronics,Online,1,1,1,211,1,0,0.0
3655,2025-11-01T12:00:00,43.54,Cash Advance,Online,1,0,2,576,1,0,0.0
3656,2025-11-01T14:00:00,138.8,Retail,Mobile,2,0,3,511,1,0,0.0
3657,2025-11-01T16:00:00,75.83,Electronics,ATM,1,0,5,397,1,0,0.0
3658,2025-11-01T18:00:00,207.95,Subscription,ATM,1,1,2,38,1,0,0.0
3659,2025-11-01T20:00:00,282.94,Electronics,ATM,1,0,4,244,1,0,0.0
3660,2025-11-01T22:00:00,60.21,Subscription,Card Present,1,1,4,294,1,0,0.0
3661,2025-11-02T00:00:00,191.88,Retail,Online,1,1,2,514,1,0,0.0
3662,2025-11-02T02:00:00,59.95,Electronics,Online,1,0,6,480,1,0,0.0
3663,2025-11-02T04:00:00,285.59,Dining,Mobile,1,0,2,732,1,0,0.0
3664,2025-11-02T06:00:00,117.9,Electronics,Card Present,3,0,2,424,1,0,0.0
3665,2025-11-02T08:00:00,185.53,Retail,ATM,3,0,3,578,1,0,0.0
3666,2025-11-02T10:00:00,224.6,Dining,Card Present,3,2,4,179,1,0,0.0
3667,2025-11-02T12:00:00,187.78,Electronics,Mobile,2,1,5,552,1,0,0.0
3668,2025-11-02T14:00:00,76.78,Cash Advance,Mobile,1,0,1,581,1,0,0.0
3669,2025-11-02T16:00:00,402.82,Subscription,ATM,1,1,3,318,1,0,0.0
3670,2025-11-02T18:00:00,110.68,Travel,Mobile,1,0,5,645,1,0,0.0
3671,2025-11-02T20:00:00,141.16,Subscription,ATM,1,0,2,301,1,0,0.0
3672,2025-11-02T22:00:00,119.7,Electronics,Mobile,3,0,5,453,1,0,0.0
3673,2025-11-03T00:00:00,181.12,Travel,ATM,1,1,3,362,0,0,0.0
3674,2025-11-03T02:00:00,112.12,Dining,Card Present,1,0,3,710,0,0,0.0
3675,2025-11-03T04:00:00,149.79,Electronics,ATM,1,0,2,219,0,0,0.0
3676,2025-11-03T06:00:00,114.43,Subscription,ATM,1,0,1,668,0,0,0.0
3677,2025-11-03T08:00:00,125.54,Cash Advance,Card Present,1,0,2,316,0,0,0.0
3678,2025-11-03T10:00:00,107.12,Travel,Online,2,1,2,218,0,0,0.0
3679,2025-11-03T12:00:00,67.47,Subscription,Mobile,1,0,1,390,0,0,0.0
3680,2025-11-03T14:00:00,240.82,Dining,Online,2,0,2,226,0,0,0.0
3681,2025-11-03T16:00:00,259.16,Travel,ATM,1,0,4,380,0,0,0.0
3682,2025-11-03T18:00:00,167.33,Retail,Mobile,1,2,3,726,0,0,0.0
3683,2025-11-03T20:00:00,227.96,Cash Advance,Card Present,1,0,1,253,0,0,0.0
3684,2025-11-03T22:00:00,201.19,Retail,Mobile,1,0,6,511,0,0,0.0
3685,2025-11-04T00:00:00,46.45,Electronics,Mobile,1,0,2,228,0,0,0.0
3686,2025-11-04T02:00:00,111.22,Cash Advance,Mobile,2,0,4,605,0,0,0.0
3687,2025-11-04T04:00:00,220.02,Electronics,Online,1,1,1,427,0,0,0.0
3688,2025-11-04T06:00:00,165.57,Electronics,ATM,1,0,3,451,0,0,0.0
3689,2025-11-04T08:00:00,81.0,Retail,ATM,2,1,3,800,0,0,0.0
3690,2025-11-04T10:00:00,147.04,Electronics,Card Present,1,0,4,595,0,0,0.0
3691,2025-11-04T12:00:00,55.5,Dining,Online,1,0,1,5,0,0,0.0
3692,2025-11-04T14:00:00,232.37,Cash Advance,ATM,1,0,3,354,0,0,0.0
3693,2025-11-04T16:00:00,88.22,Dining,Card Present,1,2,3,685,0,0,0.0
3694,2025-11-04T18:00:00,201.02,Subscription,Online,1,1,3,314,0,0,0.0
3695,2025-11-04T20:00:00,195.57,Cash Advance,Card Present,2,1,3,305,0,0,0.0
3696,2025-11-04T22:00:00,223.23,Cash Advance,Mobile,1,0,1,333,0,0,0.0
3697,2025-11-05T00:00:00,378.54,Subscription,Mobile,2,0,2,262,0,0,0.0
3698,2025-11-05T02:00:00,286.59,Travel,Card Present,2,0,3,629,0,0,0.0
3699,2025-11-05T04:00:00,179.16,Electronics,Card Present,2,1,2,384,0,0,0.0
3700,2025-11-05T06:00:00,128.88,Retail,ATM,3,1,2,485,0,0,0.0
3701,2025-11-05T08:00:00,341.32,Cash Advance,ATM,2,0,1,499,0,0,0.0
3702,2025-11-05T10:00:00,93.47,Dining,Card Present,2,0,4,540,0,0,0.0
3703,2025-11-05T12:00:00,236.35,Subscription,ATM,1,0,4,502,0,0,0.0
3704,2025-11-05T14:00:00,218.75,Dining,Mobile,1,0,2,116,0,0,0.0
3705,2025-11-05T16:00:00,253.72,Electronics,Card Present,1,0,3,203,0,0,0.0
3706,2025-11-05T18:00:00,165.89,Subscription,Online,1,0,1,241,0,0,0.0
3707,2025-11-05T20:00:00,143.1,Subscription,ATM,1,1,2,390,0,0,0.0
3708,2025-11-05T22:00:00,116.29,Subscription,Online,1,0,4,179,0,0,0.0
3709,2025-11-06T00:00:00,148.48,Retail,Mobile,1,1,4,413,0,0,0.0
3710,2025-11-06T02:00:00,157.13,Travel,Mobile,1,2,5,618,0,0,0.0
3711,2025-11-06T04:00:00,224.33,Subscription,Card Present,2,1,4,526,0,0,0.0
3712,2025-11-06T06:00:00,78.72,Electronics,Card Present,1,1,1,207,0,0,0.0
3713,2025-11-06T08:00:00,142.99,Cash Advance,Card Present,1,0,3,346,0,0,0.0
3714,2025-11-06T10:00:00,255.64,Travel,Card Present,3,0,2,564,0,0,0.0
3715,2025-11-06T12:00:00,201.06,Subscription,Online,1,0,1,462,0,0,0.0
3716,2025-11-06T14:00:00,209.34,Travel,ATM,1,0,3,62,0,0,0.0
3717,2025-11-06T16:00:00,52.57,Retail,Online,1,0,3,329,0,0,0.0
3718,2025-11-06T18:00:00,45.02,Retail,Online,2,0,1,399,0,0,0.0
3719,2025-11-06T20:00:00,40.76,Retail,Online,3,0,5,536,0,0,0.0
3720,2025-11-06T22:00:00,253.23,Electronics,ATM,1,2,3,400,0,0,0.0
3721,2025-11-07T00:00:00,55.65,Travel,Mobile,1,0,5,804,0,0,0.0
3722,2025-11-07T02:00:00,367.46,Subscription,Online,1,1,1,480,0,0,0.0
3723,2025-11-07T04:00:00,288.55,Subscription,Card Present,2,0,2,274,0,0,0.0
3724,2025-11-07T06:00:00,268.75,Subscription,Mobile,2,0,1,311,0,0,0.0
3725,2025-11-07T08:00:00,146.26,Electronics,Online,1,0,3,499,0,0,0.0
3726,2025-11-07T10:00:00,183.63,Dining,Online,1,0,3,450,0,0,0.0
3727,2025-11-07T12:00:00,101.42,Dining,Mobile,1,0,1,287,0,0,0.0
3728,2025-11-07T14:00:00,69.88,Electronics,Card Present,3,2,5,195,0,0,0.0
3729,2025-11-07T16:00:00,119.71,Travel,Card Present,1,1,6,585,0,0,0.0
3730,2025-11-07T18:00:00,315.22,Dining,Mobile,1,0,3,290,0,0,0.0
3731,2025-11-07T20:00:00,144.99,Subscription,Mobile,1,1,1,620,0,0,0.0
3732,2025-11-07T22:00:00,201.66,Dining,Mobile,2,0,3,243,0,0,0.0
3733,2025-11-08T00:00:00,233.16,Subscription,ATM,1,0,2,686,1,0,0.0
3734,2025-11-08T02:00:00,230.61,Subscription,Card Present,2,1,3,692,1,0,0.0
3735,2025-11-08T04:00:00,140.42,Travel,Online,3,0,2,183,1,0,0.0
3736,2025-11-08T06:00:00,267.31,Subscription,Mobile,1,1,2,453,1,0,0.0
3737,2025-11-08T08:00:00,208.68,Retail,ATM,1,0,2,267,1,0,0.0
3738,2025-11-08T10:00:00,96.86,Electronics,Online,1,0,1,540,1,0,0.0
3739,2025-11-08T12:00:00,115.43,Subscription,Mobile,1,0,3,343,1,0,0.0
3740,2025-11-08T14:00:00,270.63,Travel,Online,3,0,1,306,1,0,0.0
3741,2025-11-08T16:00:00,305.95,Subscription,Online,2,1,4,187,1,0,0.0
3742,2025-11-08T18:00:00,452.6,Electronics,Mobile,2,0,1,441,1,0,0.0
3743,2025-11-08T20:00:00,131.32,Dining,Card Present,1,0,1,187,1,0,0.0
3744,2025-11-08T22:00:00,228.33,Electronics,Online,1,0,1,125,1,0,0.0
3745,2025-11-09T00:00:00,222.7,Electronics,Card Present,3,0,2,337,1,0,0.0
3746,2025-11-09T02:00:00,35.53,Subscription,Mobile,2,0,1,554,1,0,0.0
3747,2025-11-09T04:00:00,160.15,Travel,Card Present,1,0,1,377,1,0,0.0
3748,2025-11-09T06:00:00,185.86,Cash Advance,Online,3,1,2,347,1,0,0.0
3749,2025-11-09T08:00:00,247.53,Travel,ATM,1,0,1,415,1,0,0.0
3750,2025-11-09T10:00:00,144.43,Electronics,Online,3,0,2,195,1,0,0.0
3751,2025-11-09T12:00:00,220.2,Cash Advance,Online,1,0,5,461,1,0,0.0
3752,2025-11-09T14:00:00,159.2,Cash Advance,Online,1,0,6,636,1,0,0.0
3753,2025-11-09T16:00:00,303.47,Subscription,ATM,1,0,3,304,1,0,0.0
3754,2025-11-09T18:00:00,259.43,Subscription,Mobile,1,0,2,365,1,0,0.0
3755,2025-11-09T20:00:00,126.58,Travel,Card Present,1,0,2,225,1,0,0.0
3756,2025-11-09T22:00:00,166.7,Retail,Online,1,0,1,280,1,0,0.0
3757,2025-11-10T00:00:00,225.71,Dining,ATM,2,0,1,263,0,0,0.0
3758,2025-11-10T02:00:00,100.58,Dining,Online,1,0,3,436,0,0,0.0
3759,2025-11-10T04:00:00,105.41,Dining,Online,1,0,4,522,0,0,0.0
3760,2025-11-10T06:00:00,508.16,Dining,Online,1,1,2,353,0,0,0.0
3761,2025-11-10T08:00:00,168.91,Subscription,Card Present,1,0,1,332,0,0,0.0
3762,2025-11-10T10:00:00,140.16,Retail,Mobile,1,1,1,381,0,0,0.0
3763,2025-11-10T12:00:00,261.75,Travel,Card Present,1,1,3,294,0,0,0.0
3764,2025-11-10T14:00:00,187.81,Retail,Online,1,0,2,763,0,0,0.0
3765,2025-11-10T16:00:00,105.17,Dining,ATM,1,1,1,574,0,0,0.0
3766,2025-11-10T18:00:00,43.1,Dining,Card Present,2,1,2,277,0,0,0.0
3767,2025-11-10T20:00:00,76.85,Subscription,Card Present,2,1,2,526,0,0,0.0
3768,2025-11-10T22:00:00,114.54,Electronics,Card Present,1,0,4,537,0,0,0.0
3769,2025-11-11T00:00:00,165.64,Dining,Card Present,1,1,2,453,0,0,0.0
3770,2025-11-11T02:00:00,468.69,Cash Advance,Mobile,2,2,3,445,0,1,360.76
3771,2025-11-11T04:00:00,172.08,Dining,Card Present,1,0,3,460,0,0,0.0
3772,2025-11-11T06:00:00,78.12,Subscription,ATM,2,0,2,409,0,0,0.0
3773,2025-11-11T08:00:00,60.22,Cash Advance,ATM,2,0,5,494,0,0,0.0
3774,2025-11-11T10:00:00,135.77,Electronics,Online,1,1,1,446,0,0,0.0
3775,2025-11-11T12:00:00,118.63,Cash Advance,Online,1,0,3,440,0,0,0.0
3776,2025-11-11T14:00:00,220.54,Travel,Online,3,0,1,616,0,0,0.0
3777,2025-11-11T16:00:00,152.93,Cash Advance,Online,1,0,2,218,0,0,0.0
3778,2025-11-11T18:00:00,58.12,Dining,ATM,3,1,2,75,0,0,0.0
3779,2025-11-11T20:00:00,171.94,Cash Advance,Mobile,2,0,3,221,0,0,0.0
3780,2025-11-11T22:00:00,99.89,Retail,ATM,1,1,3,423,0,0,0.0
3781,2025-11-12T00:00:00,440.15,Dining,Online,1,0,1,515,0,0,0.0
3782,2025-11-12T02:00:00,136.07,Retail,Mobile,1,2,2,127,0,0,0.0
3783,2025-11-12T04:00:00,91.99,Travel,Online,1,1,2,344,0,0,0.0
3784,2025-11-12T06:00:00,26.82,Cash Advance,Card Present,2,0,1,655,0,0,0.0
3785,2025-11-12T08:00:00,91.9,Cash Advance,Card Present,1,1,3,20,0,0,0.0
3786,2025-11-12T10:00:00,68.92,Retail,ATM,2,1,3,445,0,0,0.0
3787,2025-11-12T12:00:00,303.4,Electronics,Mobile,1,1,2,469,0,0,0.0
3788,2025-11-12T14:00:00,69.32,Electronics,ATM,1,1,3,355,0,0,0.0
3789,2025-11-12T16:00:00,87.27,Electronics,Card Present,1,0,1,389,0,0,0.0
3790,2025-11-12T18:00:00,187.44,Dining,Card Present,3,1,5,431,0,0,0.0
3791,2025-11-12T20:00:00,290.85,Subscription,ATM,1,0,4,621,0,0,0.0
3792,2025-11-12T22:00:00,388.01,Cash Advance,Card Present,1,1,4,290,0,0,0.0
3793,2025-11-13T00:00:00,64.4,Electronics,Online,1,0,2,382,0,0,0.0
3794,2025-11-13T02:00:00,208.92,Subscription,Mobile,1,0,2,545,0,0,0.0
3795,2025-11-13T04:00:00,71.08,Cash Advance,ATM,1,1,3,415,0,0,0.0
3796,2025-11-13T06:00:00,164.27,Electronics,ATM,1,0,1,403,0,0,0.0
3797,2025-11-13T08:00:00,146.47,Electronics,ATM,1,0,3,102,0,0,0.0
3798,2025-11-13T10:00:00,159.18,Dining,ATM,2,1,2,382,0,0,0.0
3799,2025-11-13T12:00:00,55.84,Dining,Mobile,1,0,3,284,0,0,0.0
3800,2025-11-13T14:00:00,300.1,Retail,Mobile,2,0,7,488,0,0,0.0
3801,2025-11-13T16:00:00,158.11,Cash Advance,Online,1,0,5,395,0,0,0.0
3802,2025-11-13T18:00:00,199.26,Dining,Mobile,1,1,4,517,0,0,0.0
3803,2025-11-13T20:00:00,181.8,Cash Advance,ATM,1,0,5,570,0,0,0.0
3804,2025-11-13T22:00:00,29.32,Retail,Online,2,0,3,232,0,0,0.0
3805,2025-11-14T00:00:00,199.79,Cash Advance,Online,1,0,3,374,0,0,0.0
3806,2025-11-14T02:00:00,84.24,Dining,Mobile,2,0,3,333,0,0,0.0
3807,2025-11-14T04:00:00,257.02,Electronics,Online,1,0,2,486,0,0,0.0
3808,2025-11-14T06:00:00,134.22,Dining,Mobile,1,0,2,782,0,0,0.0
3809,2025-11-14T08:00:00,57.27,Retail,ATM,2,0,4,411,0,0,0.0
3810,2025-11-14T10:00:00,330.38,Travel,ATM,1,1,3,605,0,0,0.0
3811,2025-11-14T12:00:00,274.73,Electronics,ATM,1,1,2,427,0,0,0.0
3812,2025-11-14T14:00:00,115.0,Travel,Mobile,1,1,2,619,0,0,0.0
3813,2025-11-14T16:00:00,176.16,Subscription,Online,2,0,5,658,0,0,0.0
3814,2025-11-14T18:00:00,277.48,Cash Advance,ATM,1,0,1,227,0,0,0.0
3815,2025-11-14T20:00:00,216.87,Retail,Mobile,2,0,4,581,0,0,0.0
3816,2025-11-14T22:00:00,195.51,Cash Advance,Mobile,1,1,3,629,0,0,0.0
3817,2025-11-15T00:00:00,148.99,Cash Advance,Online,1,0,3,507,1,0,0.0
3818,2025-11-15T02:00:00,186.05,Travel,Card Present,1,1,4,468,1,0,0.0
3819,2025-11-15T04:00:00,162.19,Subscription,Mobile,1,1,5,284,1,0,0.0
3820,2025-11-15T06:00:00,176.36,Cash Advance,Mobile,2,0,3,477,1,0,0.0
3821,2025-11-15T08:00:00,110.76,Electronics,ATM,1,0,3,174,1,0,0.0
3822,2025-11-15T10:00:00,38.5,Retail,Online,2,0,5,419,1,0,0.0
3823,2025-11-15T12:00:00,64.73,Electronics,ATM,1,0,2,545,1,0,0.0
3824,2025-11-15T14:00:00,24.08,Cash Advance,Card Present,2,3,1,450,1,0,0.0
3825,2025-11-15T16:00:00,214.65,Subscription,Card Present,2,0,4,277,1,0,0.0
3826,2025-11-15T18:00:00,336.99,Retail,Mobile,1,2,1,323,1,0,0.0
3827,2025-11-15T20:00:00,148.54,Subscription,ATM,2,0,5,633,1,0,0.0
3828,2025-11-15T22:00:00,97.59,Subscription,Online,1,0,2,220,1,0,0.0
3829,2025-11-16T00:00:00,284.46,Travel,Card Present,1,0,1,437,1,0,0.0
3830,2025-11-16T02:00:00,21.4,Subscription,Online,2,0,3,295,1,0,0.0
3831,2025-11-16T04:00:00,70.76,Travel,Card Present,1,0,2,514,1,0,0.0
3832,2025-11-16T06:00:00,64.16,Retail,Card Present,1,0,5,382,1,0,0.0
3833,2025-11-16T08:00:00,179.85,Electronics,ATM,1,0,3,261,1,0,0.0
3834,2025-11-16T10:00:00,64.97,Dining,ATM,1,1,2,365,1,0,0.0
3835,2025-11-16T12:00:00,242.25,Retail,Mobile,1,2,2,481,1,0,0.0
3836,2025-11-16T14:00:00,292.98,Electronics,Online,1,0,4,444,1,0,0.0
3837,2025-11-16T16:00:00,250.82,Retail,Mobile,2,0,3,617,1,0,0.0
3838,2025-11-16T18:00:00,344.05,Dining,ATM,1,1,1,238,1,0,0.0
3839,2025-11-16T20:00:00,319.66,Cash Advance,Mobile,3,0,2,580,1,0,0.0
3840,2025-11-16T22:00:00,176.64,Electronics,Card Present,2,0,3,534,1,0,0.0
3841,2025-11-17T00:00:00,265.9,Dining,Online,1,0,1,396,0,0,0.0
3842,2025-11-17T02:00:00,183.6,Electronics,Mobile,1,0,4,440,0,0,0.0
3843,2025-11-17T04:00:00,141.76,Electronics,ATM,1,0,2,790,0,0,0.0
3844,2025-11-17T06:00:00,165.24,Cash Advance,Mobile,1,1,1,511,0,0,0.0
3845,2025-11-17T08:00:00,219.03,Dining,Card Present,3,0,4,542,0,0,0.0
3846,2025-11-17T10:00:00,67.52,Electronics,Online,1,0,1,289,0,0,0.0
3847,2025-11-17T12:00:00,277.82,Retail,Card Present,1,0,5,341,0,0,0.0
3848,2025-11-17T14:00:00,137.04,Subscription,Card Present,1,0,2,652,0,0,0.0
3849,2025-11-17T16:00:00,350.7,Travel,ATM,2,0,5,751,0,0,0.0
3850,2025-11-17T18:00:00,167.57,Dining,Mobile,1,0,4,483,0,0,0.0
3851,2025-11-17T20:00:00,209.46,Subscription,Card Present,3,0,3,393,0,0,0.0
3852,2025-11-17T22:00:00,181.24,Cash Advance,Online,2,0,5,280,0,0,0.0
3853,2025-11-18T00:00:00,40.88,Subscription,Card Present,1,1,3,45,0,0,0.0
3854,2025-11-18T02:00:00,298.9,Dining,Mobile,1,0,2,728,0,0,0.0
3855,2025-11-18T04:00:00,123.19,Subscription,Online,2,0,3,125,0,0,0.0
3856,2025-11-18T06:00:00,132.38,Electronics,Online,1,0,6,240,0,0,0.0
3857,2025-11-18T08:00:00,350.04,Travel,Mobile,2,0,3,516,0,0,0.0
3858,2025-11-18T10:00:00,141.65,Retail,ATM,1,0,3,711,0,0,0.0
3859,2025-11-18T12:00:00,12.99,Retail,Card Present,1,0,2,593,0,0,0.0
3860,2025-11-18T14:00:00,76.93,Retail,Online,1,0,1,515,0,0,0.0
3861,2025-11-18T16:00:00,387.34,Cash Advance,Card Present,2,0,4,287,0,0,0.0
3862,2025-11-18T18:00:00,121.26,Retail,Online,2,1,2,531,0,0,0.0
3863,2025-11-18T20:00:00,292.36,Subscription,Online,3,0,4,640,0,0,0.0
3864,2025-11-18T22:00:00,400.41,Electronics,Mobile,1,0,5,526,0,0,0.0
3865,2025-11-19T00:00:00,223.49,Subscription,ATM,1,0,3,173,0,0,0.0
3866,2025-11-19T02:00:00,200.99,Dining,Online,1,1,2,379,0,0,0.0
3867,2025-11-19T04:00:00,105.26,Electronics,ATM,1,1,1,662,0,0,0.0
3868,2025-11-19T06:00:00,481.65,Dining,ATM,1,0,2,346,0,0,0.0
3869,2025-11-19T08:00:00,126.96,Travel,Online,1,0,4,572,0,0,0.0
3870,2025-11-19T10:00:00,235.28,Dining,Mobile,1,0,2,271,0,0,0.0
3871,2025-11-19T12:00:00,241.29,Subscription,Online,2,0,4,796,0,0,0.0
3872,2025-11-19T14:00:00,123.69,Subscription,Online,2,0,1,487,0,0,0.0
3873,2025-11-19T16:00:00,154.11,Cash Advance,Online,1,0,4,198,0,0,0.0
3874,2025-11-19T18:00:00,288.99,Electronics,ATM,2,0,1,342,0,0,0.0
3875,2025-11-19T20:00:00,166.86,Electronics,ATM,2,0,2,224,0,0,0.0
3876,2025-11-19T22:00:00,119.05,Cash Advance,Card Present,1,1,1,499,0,0,0.0
3877,2025-11-20T00:00:00,231.62,Subscription,Mobile,1,0,1,630,0,0,0.0
3878,2025-11-20T02:00:00,145.91,Retail,Card Present,3,0,1,618,0,0,0.0
3879,2025-11-20T04:00:00,175.27,Travel,Card Present,1,0,2,78,0,0,0.0
3880,2025-11-20T06:00:00,245.03,Electronics,Online,1,1,3,411,0,0,0.0
3881,2025-11-20T08:00:00,57.63,Cash Advance,Mobile,2,1,3,608,0,0,0.0
3882,2025-11-20T10:00:00,351.17,Electronics,ATM,1,0,4,217,0,0,0.0
3883,2025-11-20T12:00:00,214.34,Travel,Mobile,1,0,1,568,0,0,0.0
3884,2025-11-20T14:00:00,201.96,Electronics,ATM,1,0,2,395,0,0,0.0
3885,2025-11-20T16:00:00,224.67,Electronics,Card Present,1,0,3,579,0,0,0.0
3886,2025-11-20T18:00:00,115.6,Cash Advance,Mobile,2,1,3,403,0,0,0.0
3887,2025-11-20T20:00:00,322.88,Dining,ATM,3,0,3,554,0,0,0.0
3888,2025-11-20T22:00:00,265.56,Retail,Online,1,0,3,419,0,0,0.0
3889,2025-11-21T00:00:00,123.33,Dining,Mobile,3,0,4,409,0,0,0.0
3890,2025-11-21T02:00:00,192.39,Retail,Online,1,0,4,423,0,0,0.0
3891,2025-11-21T04:00:00,157.43,Dining,Online,2,0,6,156,0,0,0.0
3892,2025-11-21T06:00:00,107.64,Dining,ATM,1,0,4,210,0,0,0.0
3893,2025-11-21T08:00:00,206.45,Travel,Card Present,2,0,3,243,0,0,0.0
3894,2025-11-21T10:00:00,311.08,Electronics,Mobile,2,0,5,658,0,0,0.0
3895,2025-11-21T12:00:00,144.15,Dining,Online,1,1,4,243,0,0,0.0
3896,2025-11-21T14:00:00,287.26,Subscription,Card Present,1,0,4,110,0,0,0.0
3897,2025-11-21T16:00:00,199.98,Dining,Mobile,1,0,3,406,0,0,0.0
3898,2025-11-21T18:00:00,109.64,Cash Advance,Online,2,0,3,369,0,0,0.0
3899,2025-11-21T20:00:00,147.01,Travel,ATM,1,0,1,240,0,0,0.0
3900,2025-11-21T22:00:00,392.37,Dining,Online,2,0,3,776,0,0,0.0
3901,2025-11-22T00:00:00,57.42,Retail,ATM,1,0,1,490,1,0,0.0
3902,2025-11-22T02:00:00,55.2,Electronics,Mobile,1,1,3,157,1,0,0.0
3903,2025-11-22T04:00:00,281.96,Electronics,ATM,2,0,1,543,1,0,0.0
3904,2025-11-22T06:00:00,247.3,Retail,Mobile,1,0,3,312,1,0,0.0
3905,2025-11-22T08:00:00,277.24,Subscription,Mobile,2,0,2,414,1,0,0.0
3906,2025-11-22T10:00:00,76.86,Dining,ATM,1,1,3,174,1,0,0.0
3907,2025-11-22T12:00:00,246.01,Retail,Card Present,2,0,3,218,1,0,0.0
3908,2025-11-22T14:00:00,115.12,Electronics,Online,1,0,4,619,1,0,0.0
3909,2025-11-22T16:00:00,211.39,Subscription,Card Present,1,0,3,415,1,0,0.0
3910,2025-11-22T18:00:00,82.78,Dining,Mobile,1,0,3,37,1,0,0.0
3911,2025-11-22T20:00:00,148.72,Dining,Card Present,1,0,2,508,1,0,0.0
3912,2025-11-22T22:00:00,505.7,Electronics,Online,1,0,3,406,1,0,0.0
3913,2025-11-23T00:00:00,133.17,Retail,Online,1,0,4,543,1,0,0.0
3914,2025-11-23T02:00:00,44.99,Cash Advance,Online,1,1,4,213,1,0,0.0
3915,2025-11-23T04:00:00,346.09,Electronics,Online,1,1,2,222,1,0,0.0
3916,2025-11-23T06:00:00,210.21,Retail,Online,3,0,4,597,1,0,0.0
3917,2025-11-23T08:00:00,397.83,Subscription,ATM,2,1,4,735,1,0,0.0
3918,2025-11-23T10:00:00,178.45,Subscription,Mobile,1,0,2,404,1,0,0.0
3919,2025-11-23T12:00:00,109.86,Electronics,Card Present,2,1,2,440,1,0,0.0
3920,2025-11-23T14:00:00,49.86,Cash Advance,Online,2,0,2,488,1,0,0.0
3921,2025-11-23T16:00:00,267.36,Electronics,Mobile,3,1,1,409,1,1,224.15
3922,2025-11-23T18:00:00,71.52,Dining,ATM,1,0,1,292,1,0,0.0
3923,2025-11-23T20:00:00,147.72,Electronics,Online,1,0,4,422,1,0,0.0
3924,2025-11-23T22:00:00,163.07,Subscription,Online,1,1,3,407,1,0,0.0
3925,2025-11-24T00:00:00,159.61,Cash Advance,Online,1,1,1,517,0,0,0.0
3926,2025-11-24T02:00:00,319.57,Retail,ATM,1,0,1,600,0,0,0.0
3927,2025-11-24T04:00:00,171.59,Retail,ATM,1,0,3,514,0,0,0.0
3928,2025-11-24T06:00:00,181.72,Travel,Card Present,1,0,1,729,0,0,0.0
3929,2025-11-24T08:00:00,87.72,Subscription,ATM,1,2,3,374,0,0,0.0
3930,2025-11-24T10:00:00,46.77,Retail,Card Present,2,0,4,236,0,0,0.0
3931,2025-11-24T12:00:00,352.47,Retail,Online,1,0,1,346,0,0,0.0
3932,2025-11-24T14:00:00,356.9,Dining,Card Present,1,1,4,407,0,0,0.0
3933,2025-11-24T16:00:00,25.58,Cash Advance,Mobile,2,1,1,560,0,0,0.0
3934,2025-11-24T18:00:00,186.22,Travel,Mobile,1,0,1,498,0,0,0.0
3935,2025-11-24T20:00:00,200.7,Cash Advance,Mobile,1,1,1,552,0,0,0.0
3936,2025-11-24T22:00:00,126.65,Travel,Online,1,0,1,494,0,0,0.0
3937,2025-11-25T00:00:00,116.79,Subscription,ATM,1,1,2,43,0,0,0.0
3938,2025-11-25T02:00:00,318.9,Travel,ATM,2,1,3,434,0,0,0.0
3939,2025-11-25T04:00:00,393.4,Travel,Online,2,0,5,574,0,0,0.0
3940,2025-11-25T06:00:00,209.64,Retail,ATM,1,1,4,215,0,0,0.0
3941,2025-11-25T08:00:00,337.47,Retail,Mobile,2,0,4,543,0,0,0.0
3942,2025-11-25T10:00:00,305.48,Subscription,ATM,1,0,1,372,0,0,0.0
3943,2025-11-25T12:00:00,255.15,Dining,ATM,1,0,1,444,0,0,0.0
3944,2025-11-25T14:00:00,110.68,Electronics,Mobile,1,1,4,511,0,0,0.0
3945,2025-11-25T16:00:00,235.43,Subscription,ATM,2,0,1,569,0,0,0.0
3946,2025-11-25T18:00:00,54.42,Travel,Online,1,0,1,423,0,0,0.0
3947,2025-11-25T20:00:00,176.87,Cash Advance,ATM,1,0,3,509,0,0,0.0
3948,2025-11-25T22:00:00,159.09,Retail,Online,1,0,2,355,0,0,0.0
3949,2025-11-26T00:00:00,244.8,Cash Advance,Online,1,1,2,597,0,0,0.0
3950,2025-11-26T02:00:00,86.71,Electronics,Online,2,0,2,281,0,0,0.0
3951,2025-11-26T04:00:00,102.09,Electronics,Card Present,1,2,5,632,0,0,0.0
3952,2025-11-26T06:00:00,174.81,Travel,ATM,2,1,5,215,0,0,0.0
3953,2025-11-26T08:00:00,85.79,Dining,ATM,1,0,4,365,0,0,0.0
3954,2025-11-26T10:00:00,173.61,Retail,Mobile,1,0,2,310,0,0,0.0
3955,2025-11-26T12:00:00,267.88,Cash Advance,Card Present,2,0,3,647,0,0,0.0
3956,2025-11-26T14:00:00,219.35,Subscription,ATM,1,0,3,217,0,0,0.0
3957,2025-11-26T16:00:00,208.72,Travel,Card Present,1,1,2,392,0,0,0.0
3958,2025-11-26T18:00:00,153.49,Travel,Online,1,0,1,321,0,0,0.0
3959,2025-11-26T20:00:00,151.1,Dining,ATM,1,1,5,198,0,0,0.0
3960,2025-11-26T22:00:00,197.34,Retail,ATM,2,0,2,446,0,0,0.0
3961,2025-11-27T00:00:00,138.94,Cash Advance,ATM,3,0,4,329,0,0,0.0
3962,2025-11-27T02:00:00,250.68,Travel,Card Present,1,0,3,626,0,0,0.0
3963,2025-11-27T04:00:00,126.89,Travel,ATM,1,0,2,440,0,0,0.0
3964,2025-11-27T06:00:00,140.76,Subscription,Mobile,1,1,5,612,0,0,0.0
3965,2025-11-27T08:00:00,80.95,Electronics,ATM,2,0,4,462,0,0,0.0
3966,2025-11-27T10:00:00,260.32,Dining,ATM,2,0,3,632,0,0,0.0
3967,2025-11-27T12:00:00,162.68,Cash Advance,Mobile,3,0,4,311,0,0,0.0
3968,2025-11-27T14:00:00,207.13,Retail,Card Present,1,2,3,245,0,0,0.0
3969,2025-11-27T16:00:00,62.05,Subscription,Online,1,0,3,459,0,0,0.0
3970,2025-11-27T18:00:00,190.79,Subscription,Mobile,1,0,3,422,0,0,0.0
3971,2025-11-27T20:00:00,62.63,Dining,Mobile,2,0,1,406,0,0,0.0
3972,2025-11-27T22:00:00,82.14,Subscription,Card Present,1,1,4,681,0,0,0.0
3973,2025-11-28T00:00:00,69.09,Cash Advance,Online,1,1,2,447,0,0,0.0
3974,2025-11-28T02:00:00,250.6,Dining,ATM,1,1,3,538,0,0,0.0
3975,2025-11-28T04:00:00,315.95,Subscription,Mobile,2,0,4,589,0,0,0.0
3976,2025-11-28T06:00:00,261.68,Electronics,ATM,1,0,3,20,0,0,0.0
3977,2025-11-28T08:00:00,212.27,Travel,Online,2,0,3,511,0,0,0.0
3978,2025-11-28T10:00:00,60.34,Dining,ATM,1,0,3,360,0,0,0.0
3979,2025-11-28T12:00:00,296.67,Dining,ATM,1,1,3,391,0,0,0.0
3980,2025-11-28T14:00:00,391.15,Subscription,Online,2,1,4,563,0,0,0.0
3981,2025-11-28T16:00:00,163.22,Dining,ATM,1,0,5,453,0,0,0.0
3982,2025-11-28T18:00:00,182.06,Cash Advance,Mobile,3,0,1,349,0,0,0.0
3983,2025-11-28T20:00:00,206.34,Cash Advance,Mobile,2,0,4,165,0,0,0.0
3984,2025-11-28T22:00:00,53.87,Cash Advance,Card Present,2,1,3,58,0,0,0.0
3985,2025-11-29T00:00:00,279.57,Subscription,Card Present,1,1,1,142,1,0,0.0
3986,2025-11-29T02:00:00,55.01,Electronics,Online,1,0,3,507,1,0,0.0
3987,2025-11-29T04:00:00,117.92,Travel,Card Present,1,0,5,410,1,0,0.0
3988,2025-11-29T06:00:00,27.87,Electronics,ATM,1,0,1,144,1,0,0.0
3989,2025-11-29T08:00:00,132.65,Travel,Mobile,1,0,2,453,1,0,0.0
3990,2025-11-29T10:00:00,121.18,Dining,Mobile,1,0,2,294,1,0,0.0
3991,2025-11-29T12:00:00,162.86,Cash Advance,Card Present,1,1,3,769,1,0,0.0
3992,2025-11-29T14:00:00,86.58,Electronics,Card Present,3,1,3,413,1,0,0.0
3993,2025-11-29T16:00:00,119.95,Cash Advance,ATM,1,1,2,436,1,0,0.0
3994,2025-11-29T18:00:00,269.82,Travel,ATM,2,0,2,552,1,0,0.0
3995,2025-11-29T20:00:00,243.82,Retail,ATM,1,0,1,295,1,0,0.0
3996,2025-11-29T22:00:00,262.33,Retail,Online,1,0,1,294,1,0,0.0
3997,2025-11-30T00:00:00,95.02,Electronics,Online,2,0,1,193,1,0,0.0
3998,2025-11-30T02:00:00,327.0,Subscription,Online,1,0,3,119,1,0,0.0
3999,2025-11-30T04:00:00,295.07,Electronics,Card Present,2,0,2,486,1,0,0.0
4000,2025-11-30T06:00:00,139.84,Retail,Card Present,3,0,4,387,1,0,0.0
